dhms_region_id,chromosome,region_start,region_end,dhms_state,n_bins,mean_state_posterior
1,chr1,3515000,3518000,NPC_enriched,3,0.9934395544087318
2,chr1,4355000,4359000,NPC_enriched,4,0.9926893593312833
3,chr1,4678000,4680000,ESC_enriched,2,0.9963631366495659
4,chr1,5008000,5014000,ESC_enriched,6,0.999860821390762
5,chr1,5906000,5908000,ESC_enriched,2,0.9991726392208942
6,chr1,6431000,6433000,ESC_enriched,2,0.9891990751967896
7,chr1,9264000,9266000,NPC_enriched,2,0.9834149956178151
8,chr1,9783000,9787000,ESC_enriched,4,0.9928277334190224
9,chr1,9833000,9837000,ESC_enriched,4,0.9872846795023589
10,chr1,12977000,12980000,ESC_enriched,3,0.9820398987541473
11,chr1,13110000,13114000,ESC_enriched,4,0.996176036056806
12,chr1,13916000,13921000,NPC_enriched,5,0.9772785353647606
13,chr1,14490000,14494000,ESC_enriched,4,0.9940904031743844
14,chr1,14886000,14890000,NPC_enriched,4,0.9883642887208821
15,chr1,15877000,15879000,ESC_enriched,2,0.9873367343251083
16,chr1,16078000,16079000,ESC_enriched,1,0.9991538232450885
17,chr1,18965000,18968000,NPC_enriched,3,0.9770414672091042
18,chr1,21945000,21950000,ESC_enriched,5,0.9955628879295817
19,chr1,22027000,22028000,NPC_enriched,1,0.9517852661098507
20,chr1,23715000,23719000,ESC_enriched,4,0.988644745983934
21,chr1,32441000,32442000,NPC_enriched,1,0.9517862974848249
22,chr1,34417000,34418000,ESC_enriched,1,0.9947148526344806
23,chr1,34578000,34582000,ESC_enriched,4,0.9928098962734694
24,chr1,34621000,34625000,ESC_enriched,4,0.994579511888985
25,chr1,34668000,34670000,ESC_enriched,2,0.9904012819713752
26,chr1,34690000,34699000,ESC_enriched,9,0.9958063152053531
27,chr1,34749000,34750000,ESC_enriched,1,0.9588031253559124
28,chr1,34874000,34875000,ESC_enriched,1,0.9878641435924022
29,chr1,36211000,36217000,ESC_enriched,6,0.9883175567225418
30,chr1,36708000,36711000,ESC_enriched,3,0.9839102095390899
31,chr1,38359000,38364000,NPC_enriched,5,0.9731814665025219
32,chr1,38378000,38440000,NPC_enriched,62,0.996161742498123
33,chr1,38542000,38545000,NPC_enriched,3,0.9663987621832538
34,chr1,39594000,39597000,ESC_enriched,3,0.9835556470481127
35,chr1,40268000,40271000,ESC_enriched,3,0.9892743414632558
36,chr1,40422000,40429000,NPC_enriched,7,0.9911120793605416
37,chr1,42436000,42437000,ESC_enriched,1,0.9690866821738804
38,chr1,42628000,42659000,ESC_enriched,31,0.9971387163616898
39,chr1,44496000,44498000,ESC_enriched,2,0.9794661170948062
40,chr1,47232000,47236000,NPC_enriched,4,0.9697306412750073
41,chr1,50458000,50461000,NPC_enriched,3,0.9736532765359912
42,chr1,50516000,50521000,NPC_enriched,5,0.9866620164617244
43,chr1,50574000,50578000,NPC_enriched,4,0.9985250258190672
44,chr1,50582000,50586000,NPC_enriched,4,0.9880666076536018
45,chr1,50588000,50599000,NPC_enriched,11,0.9990686083555551
46,chr1,50870000,50873000,ESC_enriched,3,0.9965508936986506
47,chr1,52445000,52447000,ESC_enriched,2,0.9575934928526639
48,chr1,55306000,55310000,ESC_enriched,4,0.9950243522855649
49,chr1,55350000,55352000,ESC_enriched,2,0.9999984936396302
50,chr1,56068000,56072000,NPC_enriched,4,0.9669948263502159
51,chr1,56113000,56117000,NPC_enriched,4,0.9860960943620292
52,chr1,56307000,56312000,NPC_enriched,5,0.9688903741632602
53,chr1,56912000,56931000,ESC_enriched,19,0.9993517659398746
54,chr1,57719000,57720000,ESC_enriched,1,0.9600315324674421
55,chr1,61572000,61575000,ESC_enriched,3,0.9976053268277959
56,chr1,62637000,62642000,ESC_enriched,5,0.995037082117743
57,chr1,63210000,63219000,NPC_enriched,9,0.9900798141330704
58,chr1,63226000,63231000,NPC_enriched,5,0.9990912779519909
59,chr1,65834000,65837000,NPC_enriched,3,0.9873472465726025
60,chr1,65888000,65890000,NPC_enriched,2,0.9839500164285699
61,chr1,65967000,65970000,NPC_enriched,3,0.9949355686262553
62,chr1,65992000,65996000,NPC_enriched,4,0.9905937079717517
63,chr1,66010000,66013000,NPC_enriched,3,0.9827592434235873
64,chr1,66026000,66028000,NPC_enriched,2,0.9667738743395583
65,chr1,69039000,69041000,ESC_enriched,2,0.9991094963186443
66,chr1,69309000,69312000,ESC_enriched,3,0.9872780239578195
67,chr1,72509000,72511000,ESC_enriched,2,0.9799726867162785
68,chr1,72805000,72810000,ESC_enriched,5,0.9956893961219541
69,chr1,74001000,74004000,ESC_enriched,3,0.998227134349972
70,chr1,74054000,74057000,ESC_enriched,3,0.9976588557199794
71,chr1,74301000,74302000,ESC_enriched,1,0.9650758930391129
72,chr1,75024000,75025000,ESC_enriched,1,0.9500280797482851
73,chr1,75243000,75244000,ESC_enriched,1,0.9987990332229262
74,chr1,75258000,75261000,ESC_enriched,3,0.9896629523632529
75,chr1,75267000,75275000,ESC_enriched,8,0.9946149568590782
76,chr1,75303000,75313000,ESC_enriched,10,0.9972545245844291
77,chr1,75332000,75338000,ESC_enriched,6,0.9901992427922329
78,chr1,75339000,75343000,ESC_enriched,4,0.9950858640741191
79,chr1,75366000,75370000,ESC_enriched,4,0.9937071528370225
80,chr1,75372000,75377000,ESC_enriched,5,0.9787883831744392
81,chr1,76428000,76435000,NPC_enriched,7,0.9936983294534122
82,chr1,76445000,76449000,NPC_enriched,4,0.9964237750413026
83,chr1,76638000,76643000,NPC_enriched,5,0.9636811842093633
84,chr1,76798000,76817000,NPC_enriched,19,0.9922695715264348
85,chr1,76819000,76829000,NPC_enriched,10,0.9980046232953057
86,chr1,76835000,76839000,NPC_enriched,4,0.9663209439656119
87,chr1,76870000,76874000,NPC_enriched,4,0.9785274976750724
88,chr1,77978000,77983000,NPC_enriched,5,0.959898193470807
89,chr1,78028000,78034000,NPC_enriched,6,0.9800311845718283
90,chr1,79736000,79739000,ESC_enriched,3,0.9896930348637992
91,chr1,80635000,80639000,ESC_enriched,4,0.9920814826460236
92,chr1,82166000,82171000,ESC_enriched,5,0.9910473992929445
93,chr1,83353000,83355000,NPC_enriched,2,0.9808271348812672
94,chr1,83438000,83444000,NPC_enriched,6,0.9984914890157217
95,chr1,84814000,84817000,ESC_enriched,3,0.9741187884754071
96,chr1,87847000,87852000,ESC_enriched,5,0.9923833246444096
97,chr1,87876000,87881000,ESC_enriched,5,0.9953931147121713
98,chr1,88958000,88961000,ESC_enriched,3,0.9799125112263241
99,chr1,89093000,89099000,ESC_enriched,6,0.9917967589651412
100,chr1,89306000,89310000,ESC_enriched,4,0.9992343790212563
101,chr1,89312000,89313000,ESC_enriched,1,0.9587565550198787
102,chr1,89339000,89342000,ESC_enriched,3,0.9896617388358327
103,chr1,91751000,91755000,ESC_enriched,4,0.9976915444092875
104,chr1,91759000,91766000,ESC_enriched,7,0.9949614512658498
105,chr1,91773000,91774000,ESC_enriched,1,0.994607983551846
106,chr1,91823000,91827000,ESC_enriched,4,0.9944351182014417
107,chr1,92803000,92806000,ESC_enriched,3,0.9867780180958979
108,chr1,92828000,92831000,ESC_enriched,3,0.9874809126106586
109,chr1,93173000,93177000,ESC_enriched,4,0.9947766421171369
110,chr1,93242000,93245000,ESC_enriched,3,0.9944488945644815
111,chr1,93630000,93633000,ESC_enriched,3,0.9994696364331732
112,chr1,94366000,94370000,NPC_enriched,4,0.9664573496354245
113,chr1,94419000,94425000,NPC_enriched,6,0.9740960474330697
114,chr1,94453000,94457000,NPC_enriched,4,0.9732663226914351
115,chr1,94662000,94664000,ESC_enriched,2,0.9611860491044475
116,chr1,94678000,94680000,ESC_enriched,2,0.998624859509456
117,chr1,94852000,94854000,ESC_enriched,2,0.9992496339429641
118,chr1,94929000,94934000,ESC_enriched,5,0.9992537983531788
119,chr1,95006000,95010000,ESC_enriched,4,0.9958127595010732
120,chr1,95065000,95068000,ESC_enriched,3,0.9983696810434918
121,chr1,95231000,95233000,ESC_enriched,2,0.989301000021412
122,chr1,97497000,97500000,ESC_enriched,3,0.9867358809651914
123,chr1,106254000,106258000,NPC_enriched,4,0.9893915238316364
124,chr1,106596000,106599000,ESC_enriched,3,0.9929022857152977
125,chr1,106821000,106823000,ESC_enriched,2,0.9946190318493634
126,chr1,108540000,108543000,ESC_enriched,3,0.9901179960609889
127,chr1,111819000,111821000,NPC_enriched,2,0.9594503893316219
128,chr1,121833000,121838000,ESC_enriched,5,0.9955131570416709
129,chr1,122422000,122444000,ESC_enriched,22,0.9994611786712247
130,chr1,123005000,123007000,ESC_enriched,2,0.9961639132271158
131,chr1,123354000,123356000,ESC_enriched,2,0.9953302784324611
132,chr1,127504000,127506000,ESC_enriched,2,0.9627094578081603
133,chr1,127738000,127744000,ESC_enriched,6,0.9860593804468835
134,chr1,128318000,128321000,ESC_enriched,3,0.9967258132072163
135,chr1,129169000,129175000,NPC_enriched,6,0.9994945222108654
136,chr1,129178000,129180000,NPC_enriched,2,0.9703938126448975
137,chr1,131101000,131102000,ESC_enriched,1,0.9605141366332998
138,chr1,134707000,134713000,ESC_enriched,6,0.9887563955794404
139,chr1,134728000,134731000,ESC_enriched,3,0.9667631784846864
140,chr1,134764000,134766000,ESC_enriched,2,0.9628774011494803
141,chr1,135156000,135158000,ESC_enriched,2,0.9744836644313397
142,chr1,135636000,135639000,ESC_enriched,3,0.9851765598873791
143,chr1,135724000,135726000,ESC_enriched,2,0.9991427108950458
144,chr1,136040000,136042000,ESC_enriched,2,0.9733170597927009
145,chr1,136049000,136053000,ESC_enriched,4,0.9940151893380423
146,chr1,136114000,136117000,ESC_enriched,3,0.9991723732843824
147,chr1,136329000,136331000,ESC_enriched,2,0.9992436657653718
148,chr1,136803000,136805000,ESC_enriched,2,0.964839652576261
149,chr1,136901000,136903000,ESC_enriched,2,0.9885180980842961
150,chr1,137400000,137402000,ESC_enriched,2,0.9960954781734188
151,chr1,137733000,137736000,ESC_enriched,3,0.9936583486633795
152,chr1,137866000,137872000,ESC_enriched,6,0.986536100571334
153,chr1,137922000,137923000,ESC_enriched,1,0.9964900014037059
154,chr1,140653000,140668000,ESC_enriched,15,0.9979621011017148
155,chr1,148258000,148262000,ESC_enriched,4,0.9818464680827483
156,chr1,154162000,154164000,ESC_enriched,2,0.9963379584900744
157,chr1,154385000,154389000,ESC_enriched,4,0.9849867911320966
158,chr1,155395000,155397000,NPC_enriched,2,0.9756069232824398
159,chr1,155399000,155403000,NPC_enriched,4,0.9891775589220089
160,chr1,155406000,155410000,NPC_enriched,4,0.989608119516524
161,chr1,155963000,155969000,ESC_enriched,6,0.9883096907243968
162,chr1,156856000,156862000,ESC_enriched,6,0.9818436445856902
163,chr1,157004000,157010000,ESC_enriched,6,0.9876005129201456
164,chr1,157462000,157465000,ESC_enriched,3,0.9552776781804506
165,chr1,158039000,158044000,ESC_enriched,5,0.9948418882804344
166,chr1,158147000,158149000,ESC_enriched,2,0.9839945015555314
167,chr1,160191000,160193000,ESC_enriched,2,0.9873013143550593
168,chr1,160199000,160200000,ESC_enriched,1,0.9791325528469496
169,chr1,165144000,165153000,ESC_enriched,9,0.9996982046581255
170,chr1,167117000,167121000,ESC_enriched,4,0.9968831648213682
171,chr1,167544000,167545000,ESC_enriched,1,0.9600648584475076
172,chr1,167677000,167678000,ESC_enriched,1,0.9905998080153964
173,chr1,167680000,167682000,ESC_enriched,2,0.9973128616187226
174,chr1,167881000,167887000,ESC_enriched,6,0.9867034238761069
175,chr1,168090000,168094000,ESC_enriched,4,0.9993354548990608
176,chr1,168144000,168148000,ESC_enriched,4,0.9912343394983513
177,chr1,168216000,168219000,ESC_enriched,3,0.9891146868759826
178,chr1,168244000,168248000,ESC_enriched,4,0.9879328798607218
179,chr1,168469000,168471000,NPC_enriched,2,0.9850788640769581
180,chr1,168485000,168490000,NPC_enriched,5,0.9934966662913183
181,chr1,168511000,168513000,NPC_enriched,2,0.9564387428034669
182,chr1,169880000,169886000,NPC_enriched,6,0.9977378419116282
183,chr1,172744000,172746000,ESC_enriched,2,0.9999987278734637
184,chr1,173890000,173895000,ESC_enriched,5,0.9912305588200159
185,chr1,174081000,174082000,ESC_enriched,1,0.9681197920840536
186,chr1,174154000,174160000,ESC_enriched,6,0.9871461898396426
187,chr1,174162000,174170000,ESC_enriched,8,0.9947662967253644
188,chr1,174171000,174172000,ESC_enriched,1,0.9620725367132755
189,chr1,174177000,174183000,ESC_enriched,6,0.9826146369269346
190,chr1,174398000,174400000,ESC_enriched,2,0.9596993607258691
191,chr1,175958000,175959000,NPC_enriched,1,0.954696779920463
192,chr1,177328000,177331000,ESC_enriched,3,0.9812854231604069
193,chr1,178670000,178673000,ESC_enriched,3,0.9694284206616754
194,chr1,179095000,179096000,ESC_enriched,1,0.9590400983746243
195,chr1,179159000,179161000,ESC_enriched,2,0.9606364679310572
196,chr1,180684000,180694000,ESC_enriched,10,0.9935882406037406
197,chr1,180750000,180755000,ESC_enriched,5,0.9975759228150622
198,chr1,182167000,182174000,ESC_enriched,7,0.9962318784104306
199,chr1,182239000,182244000,ESC_enriched,5,0.9706332408390809
200,chr1,182251000,182255000,ESC_enriched,4,0.981866127835696
201,chr1,182772000,182776000,ESC_enriched,4,0.9785812346114258
202,chr1,183189000,183192000,ESC_enriched,3,0.984112735586565
203,chr1,184584000,184587000,ESC_enriched,3,0.9977979731649945
204,chr1,186417000,186438000,ESC_enriched,21,0.9991142526102896
205,chr1,186511000,186514000,ESC_enriched,3,0.9989260235014875
206,chr1,186582000,186585000,ESC_enriched,3,0.9891471494308609
207,chr1,188404000,188408000,ESC_enriched,4,0.9945623240478967
208,chr1,189305000,189313000,ESC_enriched,8,0.999158914270925
209,chr1,189351000,189354000,ESC_enriched,3,0.9823781860189899
210,chr1,191042000,191047000,ESC_enriched,5,0.9946181500444393
211,chr1,191869000,191879000,ESC_enriched,10,0.9877312085602078
212,chr1,192677000,192682000,ESC_enriched,5,0.995794155185866
213,chr1,192883000,192887000,ESC_enriched,4,0.9982462147335005
214,chr1,193684000,193688000,ESC_enriched,4,0.9869867457420323
215,chr1,193790000,193794000,ESC_enriched,4,0.9817203345367783
216,chr1,194470000,194473000,ESC_enriched,3,0.9775144027411996
217,chr1,194632000,194636000,NPC_enriched,4,0.981197096705912
218,chr1,194680000,194683000,NPC_enriched,3,0.9685355580460843
219,chr1,194687000,194690000,NPC_enriched,3,0.9967175214878138
220,chr1,194696000,194700000,NPC_enriched,4,0.9924044136166736
221,chr1,194702000,194707000,NPC_enriched,5,0.9894320295625135
222,chr1,194721000,194738000,NPC_enriched,17,0.9982841571141475
223,chr1,196320000,196323000,ESC_enriched,3,0.9978392388757308
224,chr10,4423000,4426000,ESC_enriched,3,0.9852503186600523
225,chr10,4702000,4705000,NPC_enriched,3,0.9826364936257491
226,chr10,6978000,6981000,ESC_enriched,3,0.9872505409054426
227,chr10,7556000,7559000,ESC_enriched,3,0.9926688363796209
228,chr10,8206000,8211000,ESC_enriched,5,0.9990544606189908
229,chr10,10769000,10773000,ESC_enriched,4,0.9746989305260292
230,chr10,12631000,12633000,ESC_enriched,2,0.9999949675749978
231,chr10,12749000,12754000,ESC_enriched,5,0.988948854735874
232,chr10,12780000,12782000,ESC_enriched,2,0.9967138211862698
233,chr10,13402000,13404000,NPC_enriched,2,0.9594615789903329
234,chr10,13656000,13659000,ESC_enriched,3,0.9853406240970815
235,chr10,13818000,13824000,ESC_enriched,6,0.9901083914828339
236,chr10,18007000,18009000,ESC_enriched,2,0.9859428796715746
237,chr10,18281000,18282000,ESC_enriched,1,0.9879822482725396
238,chr10,18433000,18434000,ESC_enriched,1,0.9518350629721128
239,chr10,19041000,19053000,ESC_enriched,12,0.9975483678292597
240,chr10,19401000,19404000,ESC_enriched,3,0.9772418433805216
241,chr10,19538000,19542000,ESC_enriched,4,0.9927595798215776
242,chr10,19624000,19625000,ESC_enriched,1,0.9660628983540007
243,chr10,20782000,20791000,ESC_enriched,9,0.9936946107296686
244,chr10,22502000,22511000,ESC_enriched,9,0.9938328216010538
245,chr10,22532000,22534000,ESC_enriched,2,0.9826380030574919
246,chr10,23037000,23040000,ESC_enriched,3,0.9834208118644678
247,chr10,23912000,23915000,ESC_enriched,3,0.9858374626842585
248,chr10,24401000,24403000,ESC_enriched,2,0.9712779988348108
249,chr10,28886000,28889000,ESC_enriched,3,0.9886312859359991
250,chr10,30532000,30535000,ESC_enriched,3,0.9910334398155521
251,chr10,31297000,31301000,ESC_enriched,4,0.9997030023798449
252,chr10,36196000,36199000,ESC_enriched,3,0.9884443201201661
253,chr10,38654000,38657000,ESC_enriched,3,0.9844521270223835
254,chr10,39616000,39617000,ESC_enriched,1,0.9998891759707422
255,chr10,39648000,39652000,ESC_enriched,4,0.9756887970751011
256,chr10,39713000,39715000,ESC_enriched,2,0.9968536691654812
257,chr10,40331000,40333000,ESC_enriched,2,0.9630811805066088
258,chr10,40371000,40374000,ESC_enriched,3,0.9907022118298983
259,chr10,40759000,40761000,ESC_enriched,2,0.9884372504659116
260,chr10,41962000,41964000,ESC_enriched,2,0.9777940022937243
261,chr10,42252000,42286000,ESC_enriched,34,0.9966764033755752
262,chr10,42300000,42305000,ESC_enriched,5,0.9948072980800251
263,chr10,42317000,42327000,ESC_enriched,10,0.9976293504387594
264,chr10,42619000,42621000,ESC_enriched,2,0.9789976651383029
265,chr10,42701000,42712000,ESC_enriched,11,0.9972329518407484
266,chr10,42859000,42865000,ESC_enriched,6,0.9917721826213212
267,chr10,43199000,43201000,ESC_enriched,2,0.9868877299650478
268,chr10,43265000,43270000,ESC_enriched,5,0.9967829450923897
269,chr10,43690000,43696000,ESC_enriched,6,0.9924710837304499
270,chr10,44215000,44218000,ESC_enriched,3,0.9885119238114831
271,chr10,45133000,45136000,NPC_enriched,3,0.9917721309808178
272,chr10,45141000,45151000,NPC_enriched,10,0.9946016674251998
273,chr10,45154000,45174000,NPC_enriched,20,0.996567762521463
274,chr10,46383000,46386000,NPC_enriched,3,0.9982756497072433
275,chr10,50614000,50616000,NPC_enriched,2,0.9971444499413722
276,chr10,50947000,50949000,NPC_enriched,2,0.9559531572915383
277,chr10,50951000,50954000,NPC_enriched,3,0.992437701055228
278,chr10,51372000,51378000,NPC_enriched,6,0.9972554314320976
279,chr10,51399000,51403000,NPC_enriched,4,0.9901381547274407
280,chr10,51452000,51467000,NPC_enriched,15,0.9962313663908177
281,chr10,52379000,52380000,ESC_enriched,1,0.9591410724650856
282,chr10,53438000,53441000,ESC_enriched,3,0.9847757093093454
283,chr10,57320000,57322000,ESC_enriched,2,0.9879470880253327
284,chr10,57482000,57484000,ESC_enriched,2,0.9979110156035599
285,chr10,58208000,58209000,ESC_enriched,1,0.9790574413330589
286,chr10,58617000,58619000,ESC_enriched,2,0.9831375937401989
287,chr10,59365000,59377000,ESC_enriched,12,0.9934041195013453
288,chr10,59501000,59506000,ESC_enriched,5,0.9925889333222926
289,chr10,59580000,59583000,ESC_enriched,3,0.9999390634192652
290,chr10,59611000,59615000,ESC_enriched,4,0.9991979299382652
291,chr10,60226000,60227000,ESC_enriched,1,0.9737225497265872
292,chr10,60990000,60992000,ESC_enriched,2,0.9755153393282698
293,chr10,61021000,61024000,ESC_enriched,3,0.9921533090048343
294,chr10,61524000,61526000,ESC_enriched,2,0.9869744446120777
295,chr10,62118000,62123000,ESC_enriched,5,0.9849056877037242
296,chr10,62979000,62980000,ESC_enriched,1,0.9604709709330036
297,chr10,63482000,63485000,ESC_enriched,3,0.997562224102636
298,chr10,66714000,66717000,ESC_enriched,3,0.9830183430541252
299,chr10,66925000,66937000,ESC_enriched,12,0.9963654636289077
300,chr10,68119000,68121000,ESC_enriched,2,0.988556636241071
301,chr10,68608000,68610000,ESC_enriched,2,0.9915590299369388
302,chr10,70553000,70560000,ESC_enriched,7,0.9964339261119909
303,chr10,74409000,74417000,ESC_enriched,8,0.9957290217586148
304,chr10,74434000,74437000,ESC_enriched,3,0.9963825969457726
305,chr10,74505000,74506000,ESC_enriched,1,0.9581896074606231
306,chr10,74760000,74770000,ESC_enriched,10,0.992489688510287
307,chr10,75002000,75005000,ESC_enriched,3,0.9953073706016884
308,chr10,76019000,76021000,ESC_enriched,2,0.9923146740310416
309,chr10,77372000,77375000,ESC_enriched,3,0.9834451053836629
310,chr10,77791000,77796000,ESC_enriched,5,0.9947782226244494
311,chr10,77884000,77887000,ESC_enriched,3,0.9923091966991137
312,chr10,77990000,77997000,ESC_enriched,7,0.9946838846401304
313,chr10,78152000,78157000,ESC_enriched,5,0.9872872116972186
314,chr10,78873000,78875000,NPC_enriched,2,0.9972645754731422
315,chr10,79013000,79016000,ESC_enriched,3,0.9910330141107693
316,chr10,79179000,79182000,ESC_enriched,3,0.9840203938109435
317,chr10,79322000,79325000,ESC_enriched,3,0.9849597993791245
318,chr10,79332000,79362000,NPC_enriched,30,0.9965242490392743
319,chr10,79376000,79381000,ESC_enriched,5,0.9851274249125213
320,chr10,79584000,79585000,ESC_enriched,1,0.9760573779076472
321,chr10,79590000,79595000,ESC_enriched,5,0.9964667868916395
322,chr10,79701000,79704000,ESC_enriched,3,0.9894776916409626
323,chr10,79714000,79720000,ESC_enriched,6,0.9962110199270175
324,chr10,79744000,79746000,ESC_enriched,2,0.9999438017833402
325,chr10,80211000,80214000,ESC_enriched,3,0.9906862151897523
326,chr10,80236000,80241000,ESC_enriched,5,0.9864186879501652
327,chr10,80246000,80250000,ESC_enriched,4,0.9874415091990628
328,chr10,80290000,80294000,ESC_enriched,4,0.980897815337766
329,chr10,80657000,80661000,ESC_enriched,4,0.985043564883797
330,chr10,80735000,80737000,ESC_enriched,2,0.9998526080303216
331,chr10,80741000,80742000,ESC_enriched,1,0.9998336606741315
332,chr10,80976000,80987000,ESC_enriched,11,0.9975322529283601
333,chr10,80990000,80992000,ESC_enriched,2,0.967235715993174
334,chr10,82413000,82418000,ESC_enriched,5,0.9983657688751029
335,chr10,82424000,82428000,ESC_enriched,4,0.9740957109119005
336,chr10,82766000,82768000,ESC_enriched,2,0.998816795837447
337,chr10,84182000,84199000,ESC_enriched,17,0.9973860902015546
338,chr10,84272000,84273000,ESC_enriched,1,0.9658159539407174
339,chr10,84283000,84291000,ESC_enriched,8,0.9879143556123802
340,chr10,84817000,84818000,ESC_enriched,1,0.9999953307648789
341,chr10,86162000,86163000,ESC_enriched,1,0.9510026808053944
342,chr10,86338000,86340000,ESC_enriched,2,0.9799337451393606
343,chr10,86915000,86926000,ESC_enriched,11,0.9986784440587834
344,chr10,87785000,87788000,ESC_enriched,3,0.9922034567242255
345,chr10,88315000,88318000,ESC_enriched,3,0.9967657788106546
346,chr10,90396000,90401000,ESC_enriched,5,0.991467390754422
347,chr10,91458000,91468000,NPC_enriched,10,0.9984664752956884
348,chr10,91501000,91519000,NPC_enriched,18,0.9986188040328747
349,chr10,92969000,92971000,ESC_enriched,2,0.9962396214896256
350,chr10,93070000,93074000,ESC_enriched,4,0.9960355037048657
351,chr10,93741000,93744000,ESC_enriched,3,0.989479661889987
352,chr10,93945000,93948000,ESC_enriched,3,0.9855694053533078
353,chr10,94371000,94376000,ESC_enriched,5,0.9990554711665958
354,chr10,99445000,99448000,ESC_enriched,3,0.988032837560831
355,chr10,102324000,102328000,NPC_enriched,4,0.9859991001562303
356,chr10,102404000,102411000,NPC_enriched,7,0.9976920619821849
357,chr10,102429000,102436000,NPC_enriched,7,0.9917590586796469
358,chr10,102447000,102452000,NPC_enriched,5,0.9927475613214922
359,chr10,102469000,102480000,NPC_enriched,11,0.9953099330795644
360,chr10,102485000,102494000,NPC_enriched,9,0.9949506399669943
361,chr10,102557000,102563000,NPC_enriched,6,0.9989237029849302
362,chr10,102570000,102583000,NPC_enriched,13,0.9916195774549283
363,chr10,102601000,102606000,NPC_enriched,5,0.9869856226047455
364,chr10,102615000,102619000,NPC_enriched,4,0.9900639490257563
365,chr10,102626000,102631000,NPC_enriched,5,0.9857913758816919
366,chr10,102799000,102801000,NPC_enriched,2,0.9968948591711579
367,chr10,106676000,106677000,ESC_enriched,1,0.9999562868866344
368,chr10,109859000,109862000,ESC_enriched,3,0.9964763575475026
369,chr10,111673000,111677000,ESC_enriched,4,0.9936971464398856
370,chr10,112226000,112227000,ESC_enriched,1,0.9756557011585346
371,chr10,114204000,114207000,ESC_enriched,3,0.999927561840764
372,chr10,114989000,114994000,ESC_enriched,5,0.9907758456262687
373,chr10,115517000,115519000,ESC_enriched,2,0.992717159270051
374,chr10,115704000,115707000,ESC_enriched,3,0.9864471296095408
375,chr10,115874000,115880000,ESC_enriched,6,0.9943275690869297
376,chr10,116428000,116432000,ESC_enriched,4,0.9925622394929489
377,chr10,116448000,116451000,ESC_enriched,3,0.9931211271387657
378,chr10,116999000,117000000,ESC_enriched,1,0.958999425091221
379,chr10,117084000,117087000,ESC_enriched,3,0.979298618377142
380,chr10,118857000,118859000,ESC_enriched,2,0.9516648512084787
381,chr10,119603000,119605000,ESC_enriched,2,0.9753435049432273
382,chr10,119830000,119832000,ESC_enriched,2,0.998354646856964
383,chr10,119877000,119882000,ESC_enriched,5,0.9983799330435007
384,chr10,119954000,119958000,ESC_enriched,4,0.9954269633717004
385,chr10,120669000,120671000,ESC_enriched,2,0.9834622934187276
386,chr10,120713000,120715000,ESC_enriched,2,0.9989940837481117
387,chr10,121851000,121853000,ESC_enriched,2,0.9996474935524555
388,chr10,122082000,122084000,ESC_enriched,2,0.9821464334445115
389,chr10,122667000,122670000,ESC_enriched,3,0.9971864317813052
390,chr10,123754000,123757000,NPC_enriched,3,0.9987921946743118
391,chr10,124792000,124793000,ESC_enriched,1,0.9872510911593643
392,chr10,126409000,126415000,ESC_enriched,6,0.992529948328945
393,chr10,126482000,126496000,ESC_enriched,14,0.999424189575399
394,chr10,126581000,126584000,ESC_enriched,3,0.9802838908370735
395,chr10,126928000,126932000,ESC_enriched,4,0.9962100410318396
396,chr10,127068000,127070000,ESC_enriched,2,0.9866713993616493
397,chr10,127154000,127155000,ESC_enriched,1,0.9569664783849664
398,chr10,128048000,128051000,ESC_enriched,3,0.9927368831728031
399,chr10,128293000,128297000,ESC_enriched,4,0.9837425074212176
400,chr10,128334000,128339000,ESC_enriched,5,0.9872612018098132
401,chr11,3034000,3036000,ESC_enriched,2,0.9998022255838122
402,chr11,3043000,3045000,ESC_enriched,2,1.0
403,chr11,3079000,3080000,ESC_enriched,1,0.9999999999843334
404,chr11,3390000,3396000,ESC_enriched,6,0.9851352854663329
405,chr11,3402000,3404000,ESC_enriched,2,0.9658373068056352
406,chr11,3417000,3418000,ESC_enriched,1,0.9826656889639307
407,chr11,3605000,3607000,ESC_enriched,2,0.9780288015516735
408,chr11,3762000,3765000,ESC_enriched,3,0.9893435404843576
409,chr11,3812000,3814000,ESC_enriched,2,0.9949340730557092
410,chr11,3897000,3901000,ESC_enriched,4,0.9900968327167121
411,chr11,4017000,4020000,ESC_enriched,3,0.990618872649268
412,chr11,4957000,4965000,ESC_enriched,8,0.9948622430160645
413,chr11,5051000,5054000,ESC_enriched,3,0.9928602895231285
414,chr11,5057000,5061000,ESC_enriched,4,0.9828470197192518
415,chr11,5616000,5618000,ESC_enriched,2,0.9650457785737694
416,chr11,5761000,5764000,ESC_enriched,3,0.9982656864239111
417,chr11,5798000,5805000,ESC_enriched,7,0.989996069079372
418,chr11,5964000,5967000,ESC_enriched,3,0.9999724741096602
419,chr11,6502000,6506000,ESC_enriched,4,0.9932906767555538
420,chr11,6964000,6967000,ESC_enriched,3,0.9884570822578631
421,chr11,7113000,7115000,ESC_enriched,2,0.9936742351884302
422,chr11,11013000,11017000,ESC_enriched,4,0.9912854525224715
423,chr11,11958000,11964000,NPC_enriched,6,0.9907541091816907
424,chr11,12135000,12142000,NPC_enriched,7,0.992708456952063
425,chr11,12145000,12155000,NPC_enriched,10,0.9959029353565004
426,chr11,12161000,12164000,NPC_enriched,3,0.9613223732074374
427,chr11,12168000,12177000,NPC_enriched,9,0.9951075657635516
428,chr11,12195000,12203000,NPC_enriched,8,0.9903248619682097
429,chr11,12251000,12253000,NPC_enriched,2,0.9740451491546998
430,chr11,12255000,12272000,NPC_enriched,17,0.9991905172076905
431,chr11,12274000,12289000,NPC_enriched,15,0.998386862512319
432,chr11,12290000,12301000,NPC_enriched,11,0.9863395770999065
433,chr11,12320000,12323000,NPC_enriched,3,0.9932078703543299
434,chr11,12352000,12357000,NPC_enriched,5,0.9933843182804679
435,chr11,16652000,16654000,ESC_enriched,2,0.9998038657851753
436,chr11,18770000,18779000,ESC_enriched,9,0.9975905693579202
437,chr11,18906000,18910000,ESC_enriched,4,0.9954170076243131
438,chr11,18912000,18922000,ESC_enriched,10,0.9984290767413823
439,chr11,18926000,18929000,ESC_enriched,3,0.9999151587563936
440,chr11,21892000,21907000,ESC_enriched,15,0.9992841387947227
441,chr11,23745000,23750000,ESC_enriched,5,0.9829617726910154
442,chr11,24063000,24065000,ESC_enriched,2,0.9765906388626873
443,chr11,28290000,28293000,NPC_enriched,3,0.9815874290202821
444,chr11,28628000,28637000,NPC_enriched,9,0.9959009495676953
445,chr11,28650000,28654000,NPC_enriched,4,0.9948965915859564
446,chr11,29924000,29925000,ESC_enriched,1,0.9957433609973484
447,chr11,31267000,31273000,ESC_enriched,6,0.9953397555263753
448,chr11,32177000,32180000,ESC_enriched,3,0.993066049226241
449,chr11,32246000,32249000,ESC_enriched,3,0.9941614716381615
450,chr11,32431000,32434000,ESC_enriched,3,0.963089158692831
451,chr11,32734000,32739000,ESC_enriched,5,0.9717722732065063
452,chr11,33021000,33024000,ESC_enriched,3,0.9876607889773185
453,chr11,33046000,33048000,ESC_enriched,2,0.9986745493379245
454,chr11,33093000,33100000,ESC_enriched,7,0.9985367666334045
455,chr11,33104000,33108000,ESC_enriched,4,0.9918287492832103
456,chr11,33741000,33744000,ESC_enriched,3,0.9973349715268408
457,chr11,35942000,35948000,NPC_enriched,6,0.9847649563082475
458,chr11,35959000,35961000,NPC_enriched,2,0.9561967861476338
459,chr11,37080000,37081000,ESC_enriched,1,0.973736416540128
460,chr11,43228000,43233000,ESC_enriched,5,0.9888352254585225
461,chr11,43617000,43621000,ESC_enriched,4,0.9920317922161956
462,chr11,43678000,43679000,ESC_enriched,1,0.9511542489452051
463,chr11,44454000,44466000,ESC_enriched,12,0.9989920307418769
464,chr11,45300000,45303000,NPC_enriched,3,0.9574214244947511
465,chr11,49013000,49014000,ESC_enriched,1,0.9987460199945047
466,chr11,49478000,49481000,ESC_enriched,3,0.992981983687569
467,chr11,49867000,49871000,ESC_enriched,4,0.9953551697669868
468,chr11,50070000,50076000,ESC_enriched,6,0.9754401661833922
469,chr11,50702000,50705000,ESC_enriched,3,0.9747303750312174
470,chr11,50772000,50775000,ESC_enriched,3,0.9895082004332609
471,chr11,53299000,53315000,ESC_enriched,16,0.9968378622047449
472,chr11,53317000,53326000,ESC_enriched,9,0.9926186180735361
473,chr11,53330000,53331000,ESC_enriched,1,0.997510937542488
474,chr11,53471000,53480000,ESC_enriched,9,0.9915637273251363
475,chr11,53702000,53703000,ESC_enriched,1,0.9551586332974118
476,chr11,53871000,53873000,ESC_enriched,2,0.9999287568172943
477,chr11,53911000,53917000,ESC_enriched,6,0.9982092580380341
478,chr11,53960000,53970000,NPC_enriched,10,0.9907976903072597
479,chr11,54920000,54923000,ESC_enriched,3,0.9823283965541504
480,chr11,55158000,55159000,ESC_enriched,1,0.9747082107929615
481,chr11,57641000,57656000,ESC_enriched,15,0.9943100452748259
482,chr11,58778000,58781000,ESC_enriched,3,0.9653115797392506
483,chr11,58948000,58956000,ESC_enriched,8,0.9936166079556406
484,chr11,58991000,58996000,ESC_enriched,5,0.9959878239917975
485,chr11,59780000,59782000,ESC_enriched,2,0.991813694957018
486,chr11,59954000,59958000,ESC_enriched,4,0.989335538544813
487,chr11,60004000,60006000,ESC_enriched,2,0.9939252394503013
488,chr11,60840000,60842000,ESC_enriched,2,0.9832219582238195
489,chr11,61157000,61160000,ESC_enriched,3,0.9948626414576407
490,chr11,61192000,61195000,ESC_enriched,3,0.9925023367599023
491,chr11,61265000,61268000,ESC_enriched,3,0.9883875352093021
492,chr11,61299000,61302000,ESC_enriched,3,0.9726341559675237
493,chr11,61528000,61529000,ESC_enriched,1,0.9677981182851955
494,chr11,61877000,61882000,ESC_enriched,5,0.981145482371654
495,chr11,62376000,62379000,ESC_enriched,3,0.9908562666750863
496,chr11,62567000,62569000,ESC_enriched,2,0.9646781291534168
497,chr11,62946000,62950000,ESC_enriched,4,0.9917327773506244
498,chr11,63735000,63740000,ESC_enriched,5,0.997654694626535
499,chr11,64530000,64535000,NPC_enriched,5,0.9852836180159654
500,chr11,65796000,65801000,NPC_enriched,5,0.9910254742527174
501,chr11,66909000,66913000,ESC_enriched,4,0.9873842664047372
502,chr11,68199000,68209000,ESC_enriched,10,0.9866497502022001
503,chr11,68214000,68219000,ESC_enriched,5,0.9854307747058193
504,chr11,68770000,68773000,ESC_enriched,3,0.9814654432705007
505,chr11,68936000,68938000,ESC_enriched,2,0.9834552059637908
506,chr11,69051000,69054000,ESC_enriched,3,0.9980850987495983
507,chr11,69143000,69158000,ESC_enriched,15,0.9969707836724627
508,chr11,69161000,69167000,ESC_enriched,6,0.9951385141008703
509,chr11,69174000,69185000,ESC_enriched,11,0.994385599083565
510,chr11,69374000,69378000,ESC_enriched,4,0.9847839845030952
511,chr11,69418000,69423000,ESC_enriched,5,0.9912892505280896
512,chr11,69649000,69654000,ESC_enriched,5,0.9938945721319362
513,chr11,70030000,70033000,ESC_enriched,3,0.996280224884373
514,chr11,70070000,70072000,ESC_enriched,2,0.995260447286241
515,chr11,70137000,70139000,ESC_enriched,2,0.9888016144395626
516,chr11,70274000,70278000,ESC_enriched,4,0.9888843418634137
517,chr11,70432000,70434000,ESC_enriched,2,0.9658808449170355
518,chr11,71313000,71322000,ESC_enriched,9,0.9811583480320836
519,chr11,71396000,71398000,NPC_enriched,2,0.9821055343874034
520,chr11,71566000,71569000,ESC_enriched,3,0.9990152280729654
521,chr11,71844000,71849000,ESC_enriched,5,0.9875605149239561
522,chr11,71866000,71870000,ESC_enriched,4,0.9964215738540153
523,chr11,71949000,71956000,ESC_enriched,7,0.9876988167321963
524,chr11,72081000,72084000,ESC_enriched,3,0.9761690893485074
525,chr11,72303000,72306000,ESC_enriched,3,0.9877864701819199
526,chr11,72777000,72779000,ESC_enriched,2,0.9816948816214413
527,chr11,72974000,72977000,ESC_enriched,3,0.9892648162843853
528,chr11,73145000,73147000,ESC_enriched,2,0.9920054195877125
529,chr11,73188000,73191000,NPC_enriched,3,0.9628669581018743
530,chr11,74169000,74172000,NPC_enriched,3,0.9744251789414685
531,chr11,74981000,74989000,ESC_enriched,8,0.9987291596627396
532,chr11,75009000,75013000,ESC_enriched,4,0.9856882285072379
533,chr11,75066000,75068000,ESC_enriched,2,0.9923747096588371
534,chr11,75076000,75082000,ESC_enriched,6,0.9851795662969905
535,chr11,75097000,75101000,ESC_enriched,4,0.9914622955321359
536,chr11,75109000,75111000,ESC_enriched,2,0.9642005536373566
537,chr11,75261000,75263000,ESC_enriched,2,0.9774758538403278
538,chr11,75269000,75271000,ESC_enriched,2,0.9939615989841042
539,chr11,75610000,75615000,ESC_enriched,5,0.9983968478585421
540,chr11,75816000,75817000,ESC_enriched,1,0.9748530179969956
541,chr11,75840000,75845000,ESC_enriched,5,0.9959027471467212
542,chr11,76482000,76491000,ESC_enriched,9,0.9996958786789641
543,chr11,76511000,76514000,ESC_enriched,3,0.97293966471231
544,chr11,76515000,76517000,ESC_enriched,2,0.9750004716961074
545,chr11,76661000,76663000,ESC_enriched,2,0.9857564510793039
546,chr11,76919000,76921000,ESC_enriched,2,0.985392617015397
547,chr11,77277000,77291000,ESC_enriched,14,0.999496972163936
548,chr11,77305000,77307000,ESC_enriched,2,0.9995488445472491
549,chr11,77330000,77334000,ESC_enriched,4,0.9993402083549264
550,chr11,77745000,77751000,ESC_enriched,6,0.9915381771243835
551,chr11,77752000,77782000,ESC_enriched,30,0.9945268674067725
552,chr11,78303000,78309000,ESC_enriched,6,0.9909865426028496
553,chr11,78312000,78315000,ESC_enriched,3,0.9843034441434297
554,chr11,78622000,78628000,ESC_enriched,6,0.9793489083780664
555,chr11,78740000,78742000,ESC_enriched,2,0.9893665110452896
556,chr11,79526000,79530000,ESC_enriched,4,0.9956853551908513
557,chr11,79970000,79972000,ESC_enriched,2,0.9995570233753265
558,chr11,80112000,80113000,ESC_enriched,1,0.9505641112095984
559,chr11,80117000,80120000,ESC_enriched,3,0.9876913552095443
560,chr11,80293000,80296000,ESC_enriched,3,0.9820527752356414
561,chr11,80509000,80529000,NPC_enriched,20,0.9973314248828891
562,chr11,80530000,80537000,NPC_enriched,7,0.9920383228644755
563,chr11,80574000,80579000,NPC_enriched,5,0.9893369884419894
564,chr11,80593000,80597000,NPC_enriched,4,0.9983318588885775
565,chr11,82203000,82210000,ESC_enriched,7,0.9964084123948174
566,chr11,82249000,82251000,ESC_enriched,2,0.9879814676493535
567,chr11,83224000,83230000,ESC_enriched,6,0.985115478817096
568,chr11,83232000,83237000,ESC_enriched,5,0.9894531364107696
569,chr11,83257000,83262000,ESC_enriched,5,0.988239581197315
570,chr11,84332000,84347000,ESC_enriched,15,0.9999358104676154
571,chr11,85639000,85663000,ESC_enriched,24,0.9947551624974472
572,chr11,85691000,85715000,ESC_enriched,24,0.9976082996552846
573,chr11,85728000,85743000,ESC_enriched,15,0.980493057340985
574,chr11,87173000,87176000,ESC_enriched,3,0.9792843163476977
575,chr11,87433000,87435000,ESC_enriched,2,0.9998524907515125
576,chr11,87612000,87613000,ESC_enriched,1,0.9772019651719173
577,chr11,87632000,87634000,ESC_enriched,2,0.9778254142459719
578,chr11,87912000,87919000,ESC_enriched,7,0.9961029394840603
579,chr11,87929000,87930000,ESC_enriched,1,0.9500968430407096
580,chr11,88007000,88011000,ESC_enriched,4,0.9910173424791682
581,chr11,88016000,88018000,ESC_enriched,2,0.9951859301333024
582,chr11,90198000,90207000,ESC_enriched,9,0.9883536420320884
583,chr11,90210000,90213000,ESC_enriched,3,0.9913360093333884
584,chr11,90231000,90236000,ESC_enriched,5,0.9937573861452883
585,chr11,94059000,94060000,ESC_enriched,1,0.9591909182895867
586,chr11,94061000,94066000,ESC_enriched,5,0.9835886808943503
587,chr11,94286000,94291000,ESC_enriched,5,0.9859808587725357
588,chr11,94309000,94317000,ESC_enriched,8,0.9916262160375183
589,chr11,94689000,94700000,ESC_enriched,11,0.9964953847118351
590,chr11,94749000,94752000,ESC_enriched,3,0.9788181618517843
591,chr11,94760000,94764000,ESC_enriched,4,0.9904453112781193
592,chr11,94824000,94838000,ESC_enriched,14,0.9981403911609865
593,chr11,94840000,94846000,ESC_enriched,6,0.9836074266749204
594,chr11,94958000,94967000,ESC_enriched,9,0.999121820373521
595,chr11,95018000,95023000,ESC_enriched,5,0.9889745678685576
596,chr11,95058000,95059000,ESC_enriched,1,0.9576083951401524
597,chr11,95066000,95067000,ESC_enriched,1,0.9550634245754401
598,chr11,95612000,95614000,ESC_enriched,2,0.9892930818836153
599,chr11,95645000,95650000,ESC_enriched,5,0.9852409353071732
600,chr11,95805000,95807000,NPC_enriched,2,0.9776563389813332
601,chr11,95812000,95837000,NPC_enriched,25,0.998999405225279
602,chr11,95918000,95924000,NPC_enriched,6,0.9920479590300536
603,chr11,96391000,96420000,NPC_enriched,29,0.9990142476749814
604,chr11,96431000,96446000,NPC_enriched,15,0.9975875143295636
605,chr11,96945000,96947000,ESC_enriched,2,0.9858059975754967
606,chr11,96950000,96959000,ESC_enriched,9,0.9880656781314063
607,chr11,97316000,97318000,ESC_enriched,2,0.9941337498273721
608,chr11,98154000,98171000,ESC_enriched,17,0.990116018367694
609,chr11,98199000,98205000,ESC_enriched,6,0.9966704940852013
610,chr11,98337000,98345000,NPC_enriched,8,0.9972712319462624
611,chr11,98856000,98860000,ESC_enriched,4,0.9886259340828984
612,chr11,98961000,98963000,ESC_enriched,2,0.9665250597099982
613,chr11,99262000,99268000,NPC_enriched,6,0.9913817462067791
614,chr11,100456000,100459000,ESC_enriched,3,0.9853244684660895
615,chr11,100563000,100567000,ESC_enriched,4,0.9721766420519503
616,chr11,100664000,100668000,ESC_enriched,4,0.9835825843681333
617,chr11,100677000,100679000,ESC_enriched,2,0.9826806203992393
618,chr11,100774000,100776000,ESC_enriched,2,0.9944179983706314
619,chr11,100785000,100787000,ESC_enriched,2,0.977842457583585
620,chr11,100894000,100898000,ESC_enriched,4,0.9997015130296685
621,chr11,100980000,100994000,ESC_enriched,14,0.9977158273856429
622,chr11,101078000,101082000,ESC_enriched,4,0.9983069440751147
623,chr11,101778000,101783000,ESC_enriched,5,0.9858151940248465
624,chr11,101841000,101845000,ESC_enriched,4,0.9945871277783135
625,chr11,101899000,101905000,ESC_enriched,6,0.9935678634884542
626,chr11,101961000,101966000,ESC_enriched,5,0.9958570297766645
627,chr11,102173000,102177000,ESC_enriched,4,0.9875082015558622
628,chr11,102254000,102259000,ESC_enriched,5,0.9945578857968437
629,chr11,102261000,102263000,ESC_enriched,2,0.9727544450730693
630,chr11,102282000,102286000,ESC_enriched,4,0.9819049005723217
631,chr11,102421000,102428000,ESC_enriched,7,0.9916538098010551
632,chr11,102479000,102483000,ESC_enriched,4,0.9988644001674445
633,chr11,102575000,102579000,ESC_enriched,4,0.9822049855464716
634,chr11,102709000,102715000,ESC_enriched,6,0.9972981824008534
635,chr11,102759000,102766000,ESC_enriched,7,0.9903794283104089
636,chr11,102806000,102808000,ESC_enriched,2,0.9922064989058517
637,chr11,103008000,103009000,ESC_enriched,1,0.9926911143314859
638,chr11,103031000,103037000,ESC_enriched,6,0.9844493897020983
639,chr11,103546000,103548000,ESC_enriched,2,0.9964859657782793
640,chr11,103585000,103601000,ESC_enriched,16,0.996374276214336
641,chr11,103603000,103604000,ESC_enriched,1,0.9699003675694879
642,chr11,103605000,103633000,ESC_enriched,28,0.9959475446312188
643,chr11,104047000,104054000,ESC_enriched,7,0.9963452175506172
644,chr11,104473000,104475000,ESC_enriched,2,0.9965270923875922
645,chr11,104981000,104983000,ESC_enriched,2,0.9869272222382613
646,chr11,105107000,105114000,ESC_enriched,7,0.9938936282626706
647,chr11,105975000,105977000,ESC_enriched,2,0.9802098280636076
648,chr11,106192000,106193000,ESC_enriched,1,0.9722473249295898
649,chr11,107600000,107604000,ESC_enriched,4,0.9828072501523124
650,chr11,107607000,107613000,ESC_enriched,6,0.9953459133002002
651,chr11,107615000,107616000,ESC_enriched,1,0.9525107403506247
652,chr11,107727000,107733000,ESC_enriched,6,0.9841876683173649
653,chr11,107795000,107796000,ESC_enriched,1,0.9544145275920527
654,chr11,108708000,108709000,ESC_enriched,1,0.9595176325656524
655,chr11,108738000,108740000,ESC_enriched,2,0.9861920748153841
656,chr11,109255000,109258000,ESC_enriched,3,0.9825003230752473
657,chr11,109537000,109539000,ESC_enriched,2,0.9960199679031037
658,chr11,112596000,112606000,ESC_enriched,10,0.9979697261142079
659,chr11,112679000,112691000,ESC_enriched,12,0.9854245701007126
660,chr11,112772000,112784000,ESC_enriched,12,0.9952647104812948
661,chr11,113435000,113438000,ESC_enriched,3,0.9995876547577915
662,chr11,113636000,113648000,ESC_enriched,12,0.9829121717086485
663,chr11,113877000,113884000,ESC_enriched,7,0.9953549724381777
664,chr11,114576000,114579000,ESC_enriched,3,0.9898384516488462
665,chr11,114581000,114583000,ESC_enriched,2,0.9648186111169749
666,chr11,114594000,114611000,ESC_enriched,17,0.9917943506422066
667,chr11,114665000,114667000,ESC_enriched,2,0.9877743417670557
668,chr11,115071000,115074000,ESC_enriched,3,0.9973160498084845
669,chr11,115082000,115084000,ESC_enriched,2,0.9998267281605605
670,chr11,115132000,115141000,ESC_enriched,9,0.9990401630025809
671,chr11,115182000,115186000,ESC_enriched,4,0.9862730554177355
672,chr11,115189000,115191000,ESC_enriched,2,0.9888062622112044
673,chr11,115674000,115675000,ESC_enriched,1,0.999750474266289
674,chr11,115924000,115928000,ESC_enriched,4,0.9998476083232694
675,chr11,115944000,115949000,ESC_enriched,5,0.9910192421923343
676,chr11,116037000,116041000,ESC_enriched,4,0.9993992323118323
677,chr11,116048000,116056000,ESC_enriched,8,0.9968042160804549
678,chr11,116096000,116102000,ESC_enriched,6,0.9931040541454692
679,chr11,116149000,116152000,ESC_enriched,3,0.9937071928975563
680,chr11,116228000,116231000,ESC_enriched,3,0.990297996787902
681,chr11,116346000,116351000,ESC_enriched,5,0.9989697883274354
682,chr11,116466000,116472000,ESC_enriched,6,0.9943153332429978
683,chr11,117282000,117292000,NPC_enriched,10,0.9968685119545582
684,chr11,117675000,117679000,ESC_enriched,4,0.9857023461395868
685,chr11,118063000,118065000,ESC_enriched,2,0.988411198611022
686,chr11,118171000,118172000,ESC_enriched,1,0.9951031559375367
687,chr11,118815000,118818000,ESC_enriched,3,0.9841566297579928
688,chr11,118849000,118884000,ESC_enriched,35,0.9982973979104713
689,chr11,118888000,118911000,ESC_enriched,23,0.9964534060575873
690,chr11,118963000,118975000,ESC_enriched,12,0.9848490271937203
691,chr11,118976000,118977000,ESC_enriched,1,0.970585042409588
692,chr11,119206000,119212000,ESC_enriched,6,0.9823982893772634
693,chr11,119360000,119371000,ESC_enriched,11,0.998980754253233
694,chr11,119826000,119838000,ESC_enriched,12,0.9945722625854446
695,chr11,119861000,119866000,ESC_enriched,5,0.9879847266207953
696,chr11,120001000,120006000,ESC_enriched,5,0.9968232736161834
697,chr11,120049000,120055000,ESC_enriched,6,0.993101717820207
698,chr11,120462000,120464000,ESC_enriched,2,0.9822874918426585
699,chr11,120971000,120977000,ESC_enriched,6,0.9958038171972676
700,chr11,121518000,121522000,ESC_enriched,4,0.9909920973404424
701,chr11,121645000,121647000,ESC_enriched,2,0.992295204740518
702,chr12,3365000,3368000,ESC_enriched,3,0.9942195450305807
703,chr12,3804000,3807000,ESC_enriched,3,0.9925717277626975
704,chr12,4035000,4039000,ESC_enriched,4,0.9873466470129394
705,chr12,4133000,4135000,ESC_enriched,2,0.9784897977015445
706,chr12,4895000,4901000,ESC_enriched,6,0.9917155492328747
707,chr12,5147000,5150000,ESC_enriched,3,0.9623732456850301
708,chr12,5151000,5152000,ESC_enriched,1,0.9519978743866252
709,chr12,5358000,5359000,ESC_enriched,1,0.9574905252725118
710,chr12,5400000,5402000,ESC_enriched,2,0.9992727889780685
711,chr12,8319000,8330000,ESC_enriched,11,0.9973057596112341
712,chr12,8881000,8883000,ESC_enriched,2,0.9814008720513413
713,chr12,9597000,9611000,ESC_enriched,14,0.9988493203877127
714,chr12,10592000,10595000,NPC_enriched,3,0.9756880798925418
715,chr12,11462000,11465000,ESC_enriched,3,0.9666251993135259
716,chr12,12504000,12507000,NPC_enriched,3,0.9764945476270807
717,chr12,12511000,12530000,NPC_enriched,19,0.99516622148289
718,chr12,13208000,13210000,ESC_enriched,2,0.9815703886637746
719,chr12,14173000,14179000,ESC_enriched,6,0.9930067842282703
720,chr12,15841000,15842000,ESC_enriched,1,0.9991730250394136
721,chr12,16677000,16683000,ESC_enriched,6,0.991755316391732
722,chr12,16835000,16838000,ESC_enriched,3,0.9851332770134477
723,chr12,17036000,17038000,ESC_enriched,2,0.9766903731887813
724,chr12,17198000,17203000,ESC_enriched,5,0.9903534094255406
725,chr12,17348000,17351000,ESC_enriched,3,0.9905133089083326
726,chr12,17716000,17719000,ESC_enriched,3,0.9993856565662688
727,chr12,25269000,25272000,ESC_enriched,3,0.9677406842999502
728,chr12,25683000,25693000,ESC_enriched,10,0.9906342242737077
729,chr12,25715000,25722000,ESC_enriched,7,0.9805740000768399
730,chr12,25746000,25753000,ESC_enriched,7,0.9795970338939199
731,chr12,25778000,25779000,ESC_enriched,1,0.981875124937314
732,chr12,25852000,25856000,ESC_enriched,4,0.9960818559107921
733,chr12,26458000,26462000,NPC_enriched,4,0.9605937429784626
734,chr12,27000000,27002000,ESC_enriched,2,0.9980609791543857
735,chr12,27925000,27929000,ESC_enriched,4,0.9994554841462496
736,chr12,29137000,29139000,ESC_enriched,2,0.9838605102600316
737,chr12,30525000,30526000,ESC_enriched,1,0.9636402352040547
738,chr12,31260000,31265000,NPC_enriched,5,0.9812009997065558
739,chr12,31674000,31677000,ESC_enriched,3,0.9706609089721131
740,chr12,31852000,31854000,ESC_enriched,2,0.9886753647432494
741,chr12,34514000,34515000,ESC_enriched,1,0.9725225127502033
742,chr12,34540000,34550000,ESC_enriched,10,0.9987111340978505
743,chr12,34551000,34558000,ESC_enriched,7,0.9989061022910253
744,chr12,36403000,36406000,ESC_enriched,3,0.9720036897864643
745,chr12,37617000,37622000,ESC_enriched,5,0.9853585452667734
746,chr12,40644000,40646000,ESC_enriched,2,0.987079517732532
747,chr12,45199000,45203000,ESC_enriched,4,0.9945869169850505
748,chr12,45882000,45888000,NPC_enriched,6,0.9811930700012313
749,chr12,47274000,47276000,ESC_enriched,2,0.9954568067941847
750,chr12,50285000,50293000,NPC_enriched,8,0.9959312100137625
751,chr12,50296000,50300000,NPC_enriched,4,0.964490954918246
752,chr12,50635000,50641000,NPC_enriched,6,0.9919505578087083
753,chr12,51142000,51146000,NPC_enriched,4,0.9713637188174735
754,chr12,51570000,51572000,ESC_enriched,2,0.9850286037935853
755,chr12,54167000,54174000,ESC_enriched,7,0.9999459104943161
756,chr12,54988000,54993000,ESC_enriched,5,0.999215101391466
757,chr12,55902000,55904000,ESC_enriched,2,0.9990568368698456
758,chr12,56515000,56520000,ESC_enriched,5,0.9979311400541674
759,chr12,57219000,57221000,ESC_enriched,2,0.9889473642989142
760,chr12,57369000,57370000,NPC_enriched,1,0.9537511107893712
761,chr12,57528000,57534000,ESC_enriched,6,0.9988157492368891
762,chr12,57599000,57601000,ESC_enriched,2,0.9875541672368151
763,chr12,57604000,57620000,ESC_enriched,16,0.9984465766757026
764,chr12,58114000,58117000,ESC_enriched,3,0.9995350366187356
765,chr12,58450000,58473000,ESC_enriched,23,0.9958538669468645
766,chr12,58489000,58497000,ESC_enriched,8,0.9858745478053821
767,chr12,59127000,59133000,ESC_enriched,6,0.9920050695190108
768,chr12,59185000,59188000,ESC_enriched,3,0.9992273370283868
769,chr12,68138000,68142000,ESC_enriched,4,0.9990902731794117
770,chr12,70158000,70161000,ESC_enriched,3,0.9595834590545406
771,chr12,70336000,70339000,ESC_enriched,3,0.9846599247839348
772,chr12,70707000,70710000,ESC_enriched,3,0.9919473405154303
773,chr12,70961000,70963000,ESC_enriched,2,0.9913723150252022
774,chr12,71029000,71038000,ESC_enriched,9,0.998007551586995
775,chr12,71143000,71148000,ESC_enriched,5,0.9948649684060037
776,chr12,71264000,71267000,ESC_enriched,3,0.9910795769732751
777,chr12,71463000,71466000,ESC_enriched,3,0.9694290858709547
778,chr12,71604000,71605000,ESC_enriched,1,0.9530466547812889
779,chr12,72235000,72239000,ESC_enriched,4,0.9900510492060904
780,chr12,73313000,73314000,ESC_enriched,1,0.9527918595940296
781,chr12,73326000,73328000,ESC_enriched,2,0.9808638954967552
782,chr12,73799000,73804000,NPC_enriched,5,0.9878024696187211
783,chr12,73807000,73810000,NPC_enriched,3,0.9684316266113709
784,chr12,73817000,73818000,NPC_enriched,1,0.9551248400192278
785,chr12,73822000,73826000,NPC_enriched,4,0.9978105136751216
786,chr12,73828000,73833000,NPC_enriched,5,0.996826806625541
787,chr12,73953000,73973000,ESC_enriched,20,0.9962100254129977
788,chr12,74502000,74505000,ESC_enriched,3,0.9985880827579768
789,chr12,74915000,74919000,ESC_enriched,4,0.9932285102162903
790,chr12,75201000,75204000,ESC_enriched,3,0.9782804931503004
791,chr12,76096000,76102000,ESC_enriched,6,0.995534424010998
792,chr12,76226000,76230000,ESC_enriched,4,0.9836636096724042
793,chr12,76305000,76308000,ESC_enriched,3,0.9964114552039027
794,chr12,76653000,76658000,ESC_enriched,5,0.9904939821568833
795,chr12,76736000,76741000,ESC_enriched,5,0.994099511352539
796,chr12,77322000,77327000,ESC_enriched,5,0.9907152884388323
797,chr12,77335000,77338000,ESC_enriched,3,0.97999767980729
798,chr12,77353000,77355000,ESC_enriched,2,0.9966033786896231
799,chr12,77518000,77523000,ESC_enriched,5,0.984700262415528
800,chr12,77525000,77528000,ESC_enriched,3,0.968990299013104
801,chr12,79825000,79826000,ESC_enriched,1,0.9742622947291835
802,chr12,79923000,79927000,ESC_enriched,4,0.9783486998121489
803,chr12,80924000,80947000,ESC_enriched,23,0.9948995338590344
804,chr12,81434000,81443000,ESC_enriched,9,0.9981860384657796
805,chr12,81449000,81452000,ESC_enriched,3,0.9929157281941459
806,chr12,81494000,81495000,ESC_enriched,1,0.9952962432074591
807,chr12,81610000,81615000,ESC_enriched,5,0.9966261758963544
808,chr12,81623000,81630000,ESC_enriched,7,0.9913192674200211
809,chr12,81675000,81679000,ESC_enriched,4,0.9997984156921873
810,chr12,81915000,81919000,ESC_enriched,4,0.9778235579307801
811,chr12,82250000,82253000,ESC_enriched,3,0.9958965993063041
812,chr12,82547000,82553000,ESC_enriched,6,0.9878193538719682
813,chr12,82588000,82589000,ESC_enriched,1,0.9504334954109321
814,chr12,84230000,84232000,ESC_enriched,2,0.9672827432889022
815,chr12,84233000,84236000,ESC_enriched,3,0.9813178426680347
816,chr12,84301000,84303000,ESC_enriched,2,0.9954395324739033
817,chr12,84373000,84379000,ESC_enriched,6,0.997097979523399
818,chr12,84653000,84670000,ESC_enriched,17,0.9826341772100775
819,chr12,84869000,84874000,ESC_enriched,5,0.9858871769191133
820,chr12,84942000,84944000,ESC_enriched,2,0.994801871228016
821,chr12,84957000,84962000,ESC_enriched,5,0.995588657894739
822,chr12,85459000,85464000,ESC_enriched,5,0.9998579707873431
823,chr12,85533000,85534000,ESC_enriched,1,0.981687774058643
824,chr12,85538000,85541000,ESC_enriched,3,0.9998482511219341
825,chr12,85565000,85572000,ESC_enriched,7,0.994301666558683
826,chr12,86037000,86041000,ESC_enriched,4,0.98732646114329
827,chr12,86063000,86068000,ESC_enriched,5,0.9851948159260638
828,chr12,86360000,86365000,ESC_enriched,5,0.995529750244132
829,chr12,86487000,86490000,ESC_enriched,3,0.9928017949601161
830,chr12,86576000,86578000,ESC_enriched,2,0.9693417572108912
831,chr12,86585000,86598000,ESC_enriched,13,0.9883045496882055
832,chr12,86635000,86638000,ESC_enriched,3,0.9695421120463802
833,chr12,86966000,86970000,ESC_enriched,4,0.9906502594645334
834,chr12,87103000,87106000,ESC_enriched,3,0.9944540727477952
835,chr12,87109000,87111000,ESC_enriched,2,0.9781988897836646
836,chr12,87227000,87229000,ESC_enriched,2,0.9702180281353825
837,chr12,87237000,87238000,ESC_enriched,1,0.9595760404722883
838,chr12,87244000,87245000,ESC_enriched,1,0.950098695424974
839,chr12,87250000,87253000,ESC_enriched,3,0.9674975232678635
840,chr12,87257000,87259000,ESC_enriched,2,0.9936658614871006
841,chr12,87265000,87271000,ESC_enriched,6,0.988072876550425
842,chr12,87277000,87279000,ESC_enriched,2,0.9568503394354142
843,chr12,87289000,87294000,ESC_enriched,5,0.9856707231571663
844,chr12,87307000,87317000,ESC_enriched,10,0.9920888126726787
845,chr12,87425000,87433000,ESC_enriched,8,0.9899413970748886
846,chr12,87456000,87466000,ESC_enriched,10,0.9897756058145577
847,chr12,87489000,87490000,ESC_enriched,1,0.9598111111834715
848,chr12,87566000,87569000,ESC_enriched,3,0.9734123720466776
849,chr12,87982000,87994000,ESC_enriched,12,0.9971952053884956
850,chr12,96087000,96095000,ESC_enriched,8,0.9972073401267786
851,chr12,98971000,98981000,ESC_enriched,10,0.9945838749781947
852,chr12,99695000,99708000,ESC_enriched,13,0.9972923135193376
853,chr12,100011000,100013000,ESC_enriched,2,0.9630307785932198
854,chr12,100028000,100032000,ESC_enriched,4,0.9870493069522708
855,chr12,100365000,100372000,ESC_enriched,7,0.9960311215006483
856,chr12,100675000,100680000,ESC_enriched,5,0.9810745754461369
857,chr12,101298000,101302000,ESC_enriched,4,0.9917539511661968
858,chr12,101308000,101311000,ESC_enriched,3,0.9997306752318834
859,chr12,102218000,102225000,ESC_enriched,7,0.9984748739599708
860,chr12,102529000,102534000,ESC_enriched,5,0.9651085569602573
861,chr12,102683000,102690000,ESC_enriched,7,0.990082766620025
862,chr12,102790000,102792000,ESC_enriched,2,0.986927836191551
863,chr12,103350000,103351000,ESC_enriched,1,0.9818998335208996
864,chr12,103641000,103645000,ESC_enriched,4,0.9976191855939162
865,chr12,103724000,103730000,ESC_enriched,6,0.9880805210146809
866,chr12,103764000,103765000,ESC_enriched,1,0.9598282306628868
867,chr12,104867000,104881000,ESC_enriched,14,0.9927878771258646
868,chr12,104913000,104915000,ESC_enriched,2,0.9944715377733909
869,chr12,105462000,105465000,ESC_enriched,3,0.9703908322695614
870,chr12,105489000,105494000,ESC_enriched,5,0.9970442506189778
871,chr12,105854000,105856000,ESC_enriched,2,0.995102461646853
872,chr12,105963000,105968000,ESC_enriched,5,0.9842667494517071
873,chr12,106276000,106279000,ESC_enriched,3,0.9930192577165539
874,chr12,106285000,106286000,ESC_enriched,1,0.9877790256896172
875,chr12,106337000,106338000,ESC_enriched,1,0.9641411827573131
876,chr12,106363000,106365000,ESC_enriched,2,0.9990953851627025
877,chr12,106578000,106582000,ESC_enriched,4,0.975515464537952
878,chr12,106588000,106591000,ESC_enriched,3,0.9894175447701133
879,chr12,106848000,106851000,ESC_enriched,3,0.9831858162336378
880,chr12,106856000,106863000,ESC_enriched,7,0.9894549633715191
881,chr12,108362000,108368000,ESC_enriched,6,0.9950358372890697
882,chr12,108413000,108416000,ESC_enriched,3,0.9869511795822996
883,chr12,108420000,108422000,ESC_enriched,2,0.9937091479216598
884,chr12,108423000,108438000,ESC_enriched,15,0.9961907534388458
885,chr12,108441000,108457000,ESC_enriched,16,0.9892088137461408
886,chr12,108460000,108461000,ESC_enriched,1,0.9682101425772629
887,chr12,108752000,108762000,ESC_enriched,10,0.9928694119396966
888,chr12,108765000,108770000,ESC_enriched,5,0.994732710501945
889,chr12,108774000,108794000,ESC_enriched,20,0.9877528974449186
890,chr12,108797000,108804000,ESC_enriched,7,0.9956623839441913
891,chr12,108884000,108886000,ESC_enriched,2,0.9804134787217487
892,chr12,108951000,108953000,ESC_enriched,2,0.999441689207277
893,chr12,109282000,109284000,ESC_enriched,2,0.9587188271111873
894,chr12,109480000,109483000,ESC_enriched,3,0.9999809679189168
895,chr12,109858000,109867000,ESC_enriched,9,0.9911878826900582
896,chr12,109890000,109910000,ESC_enriched,20,0.9967851628820565
897,chr12,109912000,109913000,ESC_enriched,1,0.9688168533112334
898,chr12,110365000,110370000,ESC_enriched,5,0.9864559542418814
899,chr12,110635000,110643000,ESC_enriched,8,0.9919472088665677
900,chr12,110722000,110732000,ESC_enriched,10,0.9976728490511642
901,chr12,111425000,111426000,ESC_enriched,1,0.9689210944240956
902,chr12,111591000,111598000,ESC_enriched,7,0.979885867034451
903,chr12,111605000,111609000,ESC_enriched,4,0.9708636558642353
904,chr12,111716000,111726000,ESC_enriched,10,0.9955814208626688
905,chr12,111852000,111881000,ESC_enriched,29,0.9974354845996731
906,chr12,111883000,111884000,ESC_enriched,1,0.9575192929546844
907,chr12,111888000,111902000,ESC_enriched,14,0.9965453656611063
908,chr12,111932000,111936000,ESC_enriched,4,0.9943736735878808
909,chr12,112119000,112122000,ESC_enriched,3,0.9997017632974906
910,chr12,113067000,113071000,ESC_enriched,4,0.9800132690506154
911,chr12,113126000,113136000,ESC_enriched,10,0.9918562861289066
912,chr12,113141000,113143000,ESC_enriched,2,0.9938102927621315
913,chr12,113144000,113148000,ESC_enriched,4,0.9749394308491255
914,chr12,113317000,113323000,ESC_enriched,6,0.9972431035790921
915,chr12,113325000,113328000,ESC_enriched,3,0.98480595652681
916,chr12,113397000,113399000,ESC_enriched,2,0.9638705446666962
917,chr12,113632000,113641000,ESC_enriched,9,0.9893757890222911
918,chr12,117593000,117604000,ESC_enriched,11,0.9998214964975038
919,chr12,117607000,117610000,ESC_enriched,3,0.9743468558845806
920,chr12,117615000,117621000,ESC_enriched,6,0.9856803176840737
921,chr12,117673000,117683000,ESC_enriched,10,0.994367398788716
922,chr12,117704000,117706000,ESC_enriched,2,0.9932475330770955
923,chr12,117711000,117713000,ESC_enriched,2,0.9707495472160357
924,chr12,118969000,118975000,ESC_enriched,6,0.9865137520909797
925,chr12,119303000,119308000,NPC_enriched,5,0.9728841658582528
926,chr12,119681000,119684000,ESC_enriched,3,0.9807925341928257
927,chr13,9222000,9223000,ESC_enriched,1,0.9951330744890062
928,chr13,10358000,10362000,ESC_enriched,4,0.9937406282255108
929,chr13,12572000,12577000,ESC_enriched,5,0.9915179949652932
930,chr13,15802000,15804000,ESC_enriched,2,0.9685910312098145
931,chr13,15808000,15810000,ESC_enriched,2,0.9902598261026028
932,chr13,18956000,18957000,ESC_enriched,1,0.9951242668523482
933,chr13,19628000,19632000,ESC_enriched,4,0.9845848976724106
934,chr13,21988000,21992000,ESC_enriched,4,0.9954176705592618
935,chr13,22005000,22006000,ESC_enriched,1,0.9712248640696544
936,chr13,23320000,23321000,ESC_enriched,1,0.9659352423529715
937,chr13,23941000,23944000,ESC_enriched,3,0.9928820111360365
938,chr13,24646000,24648000,ESC_enriched,2,0.9820097242441949
939,chr13,25062000,25065000,ESC_enriched,3,0.9867263432143978
940,chr13,28891000,28896000,ESC_enriched,5,0.9953306352081484
941,chr13,28959000,28961000,ESC_enriched,2,0.989159559096334
942,chr13,28966000,28968000,ESC_enriched,2,0.9999909549646684
943,chr13,30753000,30759000,ESC_enriched,6,0.9894892833039733
944,chr13,31636000,31639000,ESC_enriched,3,0.9944703859872327
945,chr13,31804000,31831000,ESC_enriched,27,0.9960204581258717
946,chr13,34350000,34352000,ESC_enriched,2,0.9993856465708197
947,chr13,34652000,34663000,ESC_enriched,11,0.9916805974195954
948,chr13,34752000,34756000,ESC_enriched,4,0.9878875584128005
949,chr13,34923000,34926000,ESC_enriched,3,0.9807173786234991
950,chr13,34971000,34973000,ESC_enriched,2,0.9785180988618001
951,chr13,35975000,35977000,ESC_enriched,2,0.9931187449829135
952,chr13,36729000,36744000,ESC_enriched,15,0.9964281496685738
953,chr13,37784000,37788000,ESC_enriched,4,0.9927192108613495
954,chr13,37806000,37809000,ESC_enriched,3,0.9969350028661434
955,chr13,39615000,39618000,NPC_enriched,3,0.9942859864637704
956,chr13,39621000,39623000,NPC_enriched,2,0.9660960209791611
957,chr13,39626000,39629000,NPC_enriched,3,0.999584145507252
958,chr13,40747000,40749000,ESC_enriched,2,0.9924613920960166
959,chr13,40751000,40754000,ESC_enriched,3,0.971753248683727
960,chr13,42312000,42314000,ESC_enriched,2,0.9784576302895238
961,chr13,42926000,42929000,ESC_enriched,3,0.994689410625511
962,chr13,43795000,43797000,ESC_enriched,2,0.9995072973962854
963,chr13,45088000,45091000,ESC_enriched,3,0.9718647759487906
964,chr13,45974000,45977000,ESC_enriched,3,0.9947629892527451
965,chr13,46430000,46431000,ESC_enriched,1,0.974057499265039
966,chr13,48274000,48275000,ESC_enriched,1,0.9942292312681819
967,chr13,48638000,48639000,ESC_enriched,1,0.9797266912067263
968,chr13,48668000,48685000,ESC_enriched,17,0.9983096491055146
969,chr13,48686000,48689000,ESC_enriched,3,0.9706799449097351
970,chr13,48742000,48746000,ESC_enriched,4,0.9964251845279113
971,chr13,48792000,48795000,ESC_enriched,3,0.9700820795356931
972,chr13,49157000,49160000,ESC_enriched,3,0.9996045597601914
973,chr13,49227000,49231000,ESC_enriched,4,0.968085087517581
974,chr13,49257000,49260000,ESC_enriched,3,0.991255544989487
975,chr13,49272000,49281000,ESC_enriched,9,0.9872522570864959
976,chr13,51418000,51423000,ESC_enriched,5,0.9904507164245239
977,chr13,51577000,51582000,ESC_enriched,5,0.9939800416744529
978,chr13,51854000,51862000,ESC_enriched,8,0.9848488467936429
979,chr13,52990000,52994000,ESC_enriched,4,0.9987121995210675
980,chr13,53472000,53477000,ESC_enriched,5,0.9826045494094202
981,chr13,54171000,54172000,ESC_enriched,1,0.9669562813648268
982,chr13,54201000,54202000,ESC_enriched,1,0.9696409066538525
983,chr13,54745000,54752000,ESC_enriched,7,0.9943642071119999
984,chr13,54756000,54760000,ESC_enriched,4,0.9926879592272074
985,chr13,54795000,54797000,ESC_enriched,2,0.9630554476401497
986,chr13,55002000,55018000,ESC_enriched,16,0.9958657458783116
987,chr13,55162000,55165000,ESC_enriched,3,0.9791645119525713
988,chr13,55423000,55425000,ESC_enriched,2,0.9939100063738444
989,chr13,55430000,55431000,ESC_enriched,1,0.9546746103048063
990,chr13,55480000,55483000,ESC_enriched,3,0.9964996183880285
991,chr13,56223000,56238000,ESC_enriched,15,0.9982521137365068
992,chr13,56448000,56449000,ESC_enriched,1,0.9998805703544003
993,chr13,56618000,56620000,ESC_enriched,2,0.9994052200932451
994,chr13,56691000,56695000,ESC_enriched,4,0.9885172634383059
995,chr13,56758000,56766000,ESC_enriched,8,0.998423518298023
996,chr13,56773000,56779000,ESC_enriched,6,0.9854098052523225
997,chr13,57917000,57920000,ESC_enriched,3,0.9881456830471316
998,chr13,58040000,58043000,ESC_enriched,3,0.9954633395132069
999,chr13,58121000,58126000,ESC_enriched,5,0.9954523096386454
1000,chr13,58282000,58287000,ESC_enriched,5,0.9833407918551094
1001,chr13,58462000,58464000,ESC_enriched,2,0.9968748828392724
1002,chr13,58816000,58820000,ESC_enriched,4,0.9985200154804154
1003,chr13,59446000,59449000,ESC_enriched,3,0.9847826909768923
1004,chr13,60182000,60186000,ESC_enriched,4,0.9959283400919267
1005,chr13,62897000,62898000,ESC_enriched,1,0.955565563956523
1006,chr13,63580000,63586000,ESC_enriched,6,0.9925610454168381
1007,chr13,65273000,65275000,ESC_enriched,2,0.9992235650396128
1008,chr13,69954000,69956000,ESC_enriched,2,0.9973823742103152
1009,chr13,70170000,70176000,ESC_enriched,6,0.9857752328093862
1010,chr13,70178000,70179000,ESC_enriched,1,0.9541095405841151
1011,chr13,70202000,70209000,ESC_enriched,7,0.9951681528614424
1012,chr13,71308000,71310000,ESC_enriched,2,0.9988902806217306
1013,chr13,72418000,72435000,ESC_enriched,17,0.9936732821240037
1014,chr13,73089000,73109000,ESC_enriched,20,0.9983269729113431
1015,chr13,73283000,73287000,ESC_enriched,4,0.9889205092486473
1016,chr13,73726000,73740000,ESC_enriched,14,0.998590697619771
1017,chr13,74312000,74313000,ESC_enriched,1,0.9610942826613292
1018,chr13,74631000,74635000,ESC_enriched,4,0.9988953259885021
1019,chr13,74722000,74728000,ESC_enriched,6,0.9932338409193338
1020,chr13,76519000,76525000,ESC_enriched,6,0.9898535212293013
1021,chr13,78635000,78662000,ESC_enriched,27,0.9950743240516972
1022,chr13,78663000,78676000,ESC_enriched,13,0.9985192004865312
1023,chr13,81425000,81428000,ESC_enriched,3,0.9881812720914258
1024,chr13,83995000,84002000,ESC_enriched,7,0.992070447180844
1025,chr13,84187000,84204000,ESC_enriched,17,0.9955072473129438
1026,chr13,84210000,84213000,ESC_enriched,3,0.9769040696438821
1027,chr13,84816000,84821000,ESC_enriched,5,0.9942878103228215
1028,chr13,87472000,87473000,NPC_enriched,1,0.9520900336111603
1029,chr13,89295000,89299000,ESC_enriched,4,0.9971134684195639
1030,chr13,92215000,92217000,ESC_enriched,2,0.9938335257938733
1031,chr13,93230000,93234000,ESC_enriched,4,0.986108198415887
1032,chr13,93895000,93897000,ESC_enriched,2,0.9944942899536267
1033,chr13,94194000,94198000,ESC_enriched,4,0.9755719289084747
1034,chr13,94773000,94779000,ESC_enriched,6,0.9918471881331462
1035,chr13,94872000,94874000,ESC_enriched,2,0.959579088388893
1036,chr13,95274000,95276000,ESC_enriched,2,0.9997868957899835
1037,chr13,95675000,95680000,ESC_enriched,5,0.9881207930126032
1038,chr13,95695000,95699000,ESC_enriched,4,0.990473860440483
1039,chr13,95781000,95782000,ESC_enriched,1,0.964709023844072
1040,chr13,95802000,95805000,ESC_enriched,3,0.9886704278999314
1041,chr13,95808000,95811000,ESC_enriched,3,0.9946091818226804
1042,chr13,96349000,96351000,ESC_enriched,2,0.992778653116822
1043,chr13,96544000,96548000,ESC_enriched,4,0.9907908385007433
1044,chr13,97231000,97235000,ESC_enriched,4,0.9959098793439434
1045,chr13,98025000,98026000,ESC_enriched,1,0.9995696864894597
1046,chr13,98172000,98175000,NPC_enriched,3,0.988526269440753
1047,chr13,99454000,99456000,ESC_enriched,2,0.9567749476184817
1048,chr13,99458000,99459000,ESC_enriched,1,0.9551144398108334
1049,chr13,99489000,99495000,ESC_enriched,6,0.9932866972656672
1050,chr13,99496000,99497000,ESC_enriched,1,0.9555172927863244
1051,chr13,99601000,99607000,ESC_enriched,6,0.9953068477128655
1052,chr13,99672000,99676000,ESC_enriched,4,0.9975677758829148
1053,chr13,99793000,99796000,ESC_enriched,3,0.9895171730912004
1054,chr13,100329000,100331000,ESC_enriched,2,0.9802955968347526
1055,chr13,101207000,101210000,ESC_enriched,3,0.9780637694987103
1056,chr13,104217000,104220000,ESC_enriched,3,0.9749911042141867
1057,chr13,105984000,105985000,ESC_enriched,1,0.9568974072650174
1058,chr13,106174000,106176000,ESC_enriched,2,0.9999832104974478
1059,chr13,108764000,108767000,ESC_enriched,3,0.9877085161613809
1060,chr13,110238000,110239000,ESC_enriched,1,0.9706878098941041
1061,chr13,110328000,110330000,ESC_enriched,2,0.9897704670585812
1062,chr13,111127000,111129000,ESC_enriched,2,0.9757042035940974
1063,chr13,113772000,113774000,ESC_enriched,2,0.9996479956101676
1064,chr13,114108000,114111000,ESC_enriched,3,0.9991029188859176
1065,chr13,114151000,114156000,ESC_enriched,5,0.9848848114650041
1066,chr13,114413000,114414000,ESC_enriched,1,0.9838464460864397
1067,chr13,115287000,115289000,ESC_enriched,2,0.9599697337499988
1068,chr13,115576000,115582000,ESC_enriched,6,0.9983518818783512
1069,chr13,116052000,116054000,ESC_enriched,2,0.9913718337125234
1070,chr13,116222000,116224000,ESC_enriched,2,0.9788399967527965
1071,chr13,116793000,116798000,NPC_enriched,5,0.9965779888307926
1072,chr13,116799000,116803000,NPC_enriched,4,0.9988679643333767
1073,chr13,116805000,116809000,NPC_enriched,4,0.9906080232445343
1074,chr13,116836000,116841000,NPC_enriched,5,0.9958538583410048
1075,chr13,118143000,118147000,ESC_enriched,4,0.996227950521759
1076,chr13,119512000,119523000,NPC_enriched,11,0.9978598786169645
1077,chr14,7110000,7115000,ESC_enriched,5,0.9929680213558647
1078,chr14,10348000,10350000,ESC_enriched,2,0.9792161993114772
1079,chr14,11135000,11140000,ESC_enriched,5,0.9947264249133806
1080,chr14,11188000,11204000,NPC_enriched,16,0.9872318306714718
1081,chr14,16453000,16455000,ESC_enriched,2,0.9991954830246926
1082,chr14,19040000,19045000,ESC_enriched,5,0.978838324970933
1083,chr14,19625000,19627000,ESC_enriched,2,0.9984652014015241
1084,chr14,20474000,20477000,ESC_enriched,3,0.9924682147977548
1085,chr14,20768000,20785000,ESC_enriched,17,0.9987595505742279
1086,chr14,20786000,20787000,ESC_enriched,1,0.9577793439977427
1087,chr14,20807000,20810000,ESC_enriched,3,0.9959865403254925
1088,chr14,24151000,24156000,ESC_enriched,5,0.9891141440169158
1089,chr14,24288000,24297000,ESC_enriched,9,0.9933962984760858
1090,chr14,24378000,24380000,ESC_enriched,2,0.9825465304745962
1091,chr14,24431000,24440000,ESC_enriched,9,0.9832271689179406
1092,chr14,25940000,25946000,ESC_enriched,6,0.986753860880275
1093,chr14,27330000,27350000,ESC_enriched,20,0.9989550963857059
1094,chr14,28837000,28840000,ESC_enriched,3,0.9986469754114915
1095,chr14,29719000,29722000,ESC_enriched,3,0.9991179891273977
1096,chr14,29762000,29766000,ESC_enriched,4,0.970596421969393
1097,chr14,29972000,29975000,ESC_enriched,3,0.9609705210266964
1098,chr14,30049000,30052000,ESC_enriched,3,0.9974468136250554
1099,chr14,30097000,30101000,ESC_enriched,4,0.9831037680292696
1100,chr14,30214000,30216000,ESC_enriched,2,0.9837279863350991
1101,chr14,30264000,30265000,ESC_enriched,1,0.950020874750803
1102,chr14,31290000,31293000,ESC_enriched,3,0.9899627775784797
1103,chr14,32431000,32440000,NPC_enriched,9,0.993989391563529
1104,chr14,32784000,32787000,ESC_enriched,3,0.9875750281627519
1105,chr14,32807000,32810000,ESC_enriched,3,0.9623971978638144
1106,chr14,33048000,33053000,ESC_enriched,5,0.9862652148427417
1107,chr14,33227000,33229000,ESC_enriched,2,0.9822197673513219
1108,chr14,33645000,33653000,ESC_enriched,8,0.99751407121947
1109,chr14,33711000,33727000,ESC_enriched,16,0.997573514074625
1110,chr14,33763000,33769000,ESC_enriched,6,0.9854339879114503
1111,chr14,36156000,36157000,NPC_enriched,1,0.95432398422488
1112,chr14,36392000,36396000,NPC_enriched,4,0.9850717292164186
1113,chr14,39921000,39923000,ESC_enriched,2,0.9831548328950905
1114,chr14,43780000,43781000,ESC_enriched,1,0.9681939805941511
1115,chr14,45679000,45680000,ESC_enriched,1,0.9668327239081895
1116,chr14,45804000,45808000,ESC_enriched,4,0.9998727108935099
1117,chr14,46011000,46018000,ESC_enriched,7,0.9907407247030955
1118,chr14,46295000,46297000,ESC_enriched,2,0.9830349232918232
1119,chr14,47043000,47045000,ESC_enriched,2,0.9986160244761118
1120,chr14,47581000,47598000,ESC_enriched,17,0.9980470924716021
1121,chr14,47626000,47636000,ESC_enriched,10,0.9834843821948016
1122,chr14,47675000,47680000,ESC_enriched,5,0.9787133459194134
1123,chr14,48821000,48823000,NPC_enriched,2,0.9657725305750661
1124,chr14,49818000,49820000,ESC_enriched,2,0.9723484860965224
1125,chr14,50661000,50664000,ESC_enriched,3,0.9890020878008934
1126,chr14,50905000,50914000,ESC_enriched,9,0.9950063321535687
1127,chr14,51234000,51239000,ESC_enriched,5,0.9991602190247466
1128,chr14,53385000,53388000,ESC_enriched,3,0.9861337314458565
1129,chr14,53432000,53436000,ESC_enriched,4,0.9951361896133134
1130,chr14,53580000,53587000,ESC_enriched,7,0.9849421373090479
1131,chr14,53665000,53667000,ESC_enriched,2,0.9942967658279648
1132,chr14,53865000,53867000,ESC_enriched,2,0.9764961985777008
1133,chr14,53891000,53907000,ESC_enriched,16,0.9948321192580478
1134,chr14,53912000,53917000,ESC_enriched,5,0.9754844196406796
1135,chr14,53918000,53934000,ESC_enriched,16,0.9962809216724413
1136,chr14,53946000,53951000,ESC_enriched,5,0.9981967460068523
1137,chr14,54065000,54069000,ESC_enriched,4,0.9941708853769607
1138,chr14,54447000,54451000,ESC_enriched,4,0.9916523507110807
1139,chr14,54452000,54456000,ESC_enriched,4,0.9918242378428225
1140,chr14,54473000,54476000,ESC_enriched,3,0.9609964001157286
1141,chr14,54716000,54718000,ESC_enriched,2,0.9868754878598596
1142,chr14,54721000,54725000,ESC_enriched,4,0.9981344802428151
1143,chr14,54737000,54745000,ESC_enriched,8,0.9988129833880807
1144,chr14,55990000,55992000,ESC_enriched,2,0.9989170593026704
1145,chr14,56086000,56089000,ESC_enriched,3,0.9990550227704417
1146,chr14,56495000,56497000,ESC_enriched,2,0.9859300451940819
1147,chr14,56648000,56655000,ESC_enriched,7,0.9949449783751293
1148,chr14,56659000,56663000,ESC_enriched,4,0.986779715254505
1149,chr14,56681000,56702000,ESC_enriched,21,0.9991957599760287
1150,chr14,59331000,59335000,ESC_enriched,4,0.9990627384422807
1151,chr14,60000000,60002000,ESC_enriched,2,0.9982001533640799
1152,chr14,60011000,60012000,ESC_enriched,1,0.962209525246194
1153,chr14,60229000,60230000,ESC_enriched,1,0.9777492479070083
1154,chr14,60637000,60646000,ESC_enriched,9,0.9988511915393098
1155,chr14,61508000,61511000,ESC_enriched,3,0.988414328092395
1156,chr14,61541000,61543000,ESC_enriched,2,0.9820347797082091
1157,chr14,62053000,62058000,NPC_enriched,5,0.9639612489879642
1158,chr14,62059000,62064000,NPC_enriched,5,0.9695889395411873
1159,chr14,62193000,62209000,ESC_enriched,16,0.9974903699335441
1160,chr14,62222000,62224000,ESC_enriched,2,0.986795248738783
1161,chr14,62342000,62350000,NPC_enriched,8,0.9773862408292998
1162,chr14,62408000,62426000,NPC_enriched,18,0.994514312957286
1163,chr14,62696000,62700000,ESC_enriched,4,0.9971224210359185
1164,chr14,62893000,62903000,ESC_enriched,10,0.9980879368652561
1165,chr14,64214000,64219000,ESC_enriched,5,0.9872571728136256
1166,chr14,64906000,64909000,ESC_enriched,3,0.9991837569653993
1167,chr14,65589000,65598000,ESC_enriched,9,0.9917840478006864
1168,chr14,65637000,65649000,NPC_enriched,12,0.9906296330697244
1169,chr14,66182000,66196000,ESC_enriched,14,0.9981705547244578
1170,chr14,68128000,68131000,ESC_enriched,3,0.9970726734120033
1171,chr14,68145000,68150000,ESC_enriched,5,0.9865630359216471
1172,chr14,68808000,68819000,ESC_enriched,11,0.9985398065581378
1173,chr14,68910000,68915000,ESC_enriched,5,0.9919165777129215
1174,chr14,68927000,68928000,ESC_enriched,1,0.9959474382277894
1175,chr14,68939000,68942000,ESC_enriched,3,0.9974801977644886
1176,chr14,69208000,69213000,ESC_enriched,5,0.9720921939943954
1177,chr14,69214000,69215000,ESC_enriched,1,0.9602121088110311
1178,chr14,69223000,69229000,ESC_enriched,6,0.9941636882547806
1179,chr14,69253000,69269000,ESC_enriched,16,0.9978520875765332
1180,chr14,69622000,69631000,ESC_enriched,9,0.994252497767397
1181,chr14,71265000,71269000,ESC_enriched,4,0.9770607032989851
1182,chr14,72357000,72360000,NPC_enriched,3,0.9959496558368711
1183,chr14,72362000,72366000,NPC_enriched,4,0.9999963304688633
1184,chr14,72368000,72373000,NPC_enriched,5,0.987747904142892
1185,chr14,72376000,72378000,NPC_enriched,2,0.9757438488318543
1186,chr14,73750000,73752000,ESC_enriched,2,0.9981212670436543
1187,chr14,75890000,75894000,ESC_enriched,4,0.994979648421952
1188,chr14,76558000,76567000,NPC_enriched,9,0.9866600697907515
1189,chr14,78396000,78398000,ESC_enriched,2,0.9949131964606867
1190,chr14,78502000,78506000,ESC_enriched,4,0.9862137095690466
1191,chr14,83251000,83258000,ESC_enriched,7,0.9977746861232577
1192,chr14,92773000,92775000,ESC_enriched,2,0.9985050498614394
1193,chr14,92797000,92799000,NPC_enriched,2,0.9568132115299581
1194,chr14,97050000,97052000,ESC_enriched,2,0.9957964857043176
1195,chr14,97690000,97700000,NPC_enriched,10,0.9806462834620714
1196,chr14,100493000,100495000,ESC_enriched,2,0.9964212046935417
1197,chr14,101867000,101871000,ESC_enriched,4,0.990262580590061
1198,chr14,103356000,103361000,ESC_enriched,5,0.9928094448168718
1199,chr14,103407000,103409000,ESC_enriched,2,0.9627886035662421
1200,chr14,104311000,104314000,ESC_enriched,3,0.9853662038652126
1201,chr14,110557000,110565000,ESC_enriched,8,0.9959256750018577
1202,chr14,113975000,113977000,ESC_enriched,2,0.9547122273137167
1203,chr14,115808000,115813000,ESC_enriched,5,0.9991051371979565
1204,chr14,117108000,117123000,ESC_enriched,15,0.9971131683283043
1205,chr14,117205000,117208000,ESC_enriched,3,0.9832609416586662
1206,chr14,117247000,117248000,ESC_enriched,1,0.9922962586353878
1207,chr14,117319000,117323000,ESC_enriched,4,0.9841695949292876
1208,chr14,118233000,118236000,ESC_enriched,3,0.990619121023609
1209,chr14,118273000,118276000,ESC_enriched,3,0.983202935516199
1210,chr14,120169000,120174000,ESC_enriched,5,0.9987736494125905
1211,chr14,120542000,120543000,ESC_enriched,1,0.982403712042759
1212,chr14,121539000,121548000,ESC_enriched,9,0.9930821220162284
1213,chr14,121585000,121587000,ESC_enriched,2,0.981881560520734
1214,chr14,121597000,121599000,ESC_enriched,2,0.9763750453083471
1215,chr14,121604000,121610000,ESC_enriched,6,0.996971471692922
1216,chr14,121611000,121627000,ESC_enriched,16,0.9994420444887405
1217,chr14,122086000,122099000,NPC_enriched,13,0.997225940506897
1218,chr14,122101000,122106000,NPC_enriched,5,0.99162663654821
1219,chr14,122333000,122349000,NPC_enriched,16,0.9971322849465454
1220,chr14,122355000,122361000,NPC_enriched,6,0.9923776669076195
1221,chr14,122373000,122378000,NPC_enriched,5,0.9961862065402152
1222,chr14,122385000,122392000,NPC_enriched,7,0.9905233878579505
1223,chr14,123858000,123861000,ESC_enriched,3,0.9948502100931987
1224,chr15,5188000,5191000,ESC_enriched,3,0.985474925916089
1225,chr15,6071000,6077000,NPC_enriched,6,0.9959254187634561
1226,chr15,6820000,6822000,ESC_enriched,2,0.999863014480358
1227,chr15,10842000,10851000,NPC_enriched,9,0.9896732048724027
1228,chr15,10980000,10982000,ESC_enriched,2,0.989934950096626
1229,chr15,11534000,11535000,NPC_enriched,1,0.9506362080292922
1230,chr15,11585000,11589000,NPC_enriched,4,0.9955873322009984
1231,chr15,11601000,11604000,NPC_enriched,3,0.9786944574006062
1232,chr15,11717000,11722000,NPC_enriched,5,0.9859675672284475
1233,chr15,11799000,11803000,NPC_enriched,4,0.9809755809840429
1234,chr15,13117000,13120000,ESC_enriched,3,0.9985315210079341
1235,chr15,22144000,22148000,NPC_enriched,4,0.9903234941364988
1236,chr15,22176000,22178000,NPC_enriched,2,0.9571470442801208
1237,chr15,26260000,26271000,NPC_enriched,11,0.9993140882194692
1238,chr15,26839000,26840000,ESC_enriched,1,0.9554983247228604
1239,chr15,27412000,27414000,ESC_enriched,2,0.969026651026322
1240,chr15,27942000,27947000,ESC_enriched,5,0.9802051010336505
1241,chr15,27965000,27973000,ESC_enriched,8,0.9979751410410721
1242,chr15,30115000,30119000,ESC_enriched,4,0.9860941290366521
1243,chr15,30590000,30593000,ESC_enriched,3,0.9993966803864689
1244,chr15,31241000,31243000,ESC_enriched,2,0.9979963917709819
1245,chr15,31309000,31314000,ESC_enriched,5,0.9800927491663597
1246,chr15,34398000,34399000,ESC_enriched,1,0.9943013441632622
1247,chr15,34622000,34626000,ESC_enriched,4,0.9935719520252103
1248,chr15,35238000,35250000,ESC_enriched,12,0.9983580168256855
1249,chr15,37121000,37123000,ESC_enriched,2,0.9614167581792508
1250,chr15,37175000,37179000,ESC_enriched,4,0.9972551780763615
1251,chr15,37732000,37737000,ESC_enriched,5,0.9881347347843388
1252,chr15,38100000,38103000,ESC_enriched,3,0.9734948594121319
1253,chr15,38820000,38822000,ESC_enriched,2,0.9985728388199382
1254,chr15,38906000,38908000,ESC_enriched,2,0.999270902222773
1255,chr15,40484000,40487000,ESC_enriched,3,0.9921853182131768
1256,chr15,42825000,42828000,NPC_enriched,3,0.9967321198856985
1257,chr15,44617000,44620000,ESC_enriched,3,0.9911512837559826
1258,chr15,44944000,44946000,ESC_enriched,2,0.9905742489834748
1259,chr15,54780000,54784000,ESC_enriched,4,0.9926907420457002
1260,chr15,55138000,55142000,ESC_enriched,4,0.9913386824883935
1261,chr15,57522000,57528000,ESC_enriched,6,0.9932845995001482
1262,chr15,57530000,57533000,ESC_enriched,3,0.9640264125434203
1263,chr15,57904000,57909000,ESC_enriched,5,0.998762328843209
1264,chr15,58043000,58046000,ESC_enriched,3,0.9832461345306722
1265,chr15,60651000,60654000,ESC_enriched,3,0.9963582275893078
1266,chr15,64348000,64352000,NPC_enriched,4,0.9653665376839013
1267,chr15,64749000,64753000,ESC_enriched,4,0.9814492517153267
1268,chr15,67005000,67006000,ESC_enriched,1,0.9831876913927918
1269,chr15,67075000,67083000,NPC_enriched,8,0.9820802493173871
1270,chr15,71557000,71560000,ESC_enriched,3,0.9822854437186636
1271,chr15,72373000,72375000,ESC_enriched,2,0.9873986999265703
1272,chr15,73917000,73921000,NPC_enriched,4,0.9798828209165475
1273,chr15,75713000,75716000,ESC_enriched,3,0.9725787634055627
1274,chr15,75719000,75722000,ESC_enriched,3,0.9885380541455672
1275,chr15,75737000,75739000,ESC_enriched,2,0.9999801131117602
1276,chr15,75823000,75827000,ESC_enriched,4,0.9949887256267415
1277,chr15,75915000,75919000,ESC_enriched,4,0.9820782064354463
1278,chr15,76006000,76010000,ESC_enriched,4,0.9971865967090645
1279,chr15,76122000,76126000,ESC_enriched,4,0.9907271382045097
1280,chr15,76841000,76842000,ESC_enriched,1,0.9654631810223349
1281,chr15,78236000,78239000,ESC_enriched,3,0.99749491954115
1282,chr15,78366000,78368000,ESC_enriched,2,0.995736378075374
1283,chr15,78499000,78502000,ESC_enriched,3,0.9967940340266196
1284,chr15,78543000,78547000,ESC_enriched,4,0.9973433780555435
1285,chr15,78669000,78671000,ESC_enriched,2,0.9765793792303632
1286,chr15,78794000,78795000,ESC_enriched,1,0.9699119390123514
1287,chr15,78984000,78996000,ESC_enriched,12,0.9964337757813952
1288,chr15,78997000,78998000,ESC_enriched,1,0.9540409963327898
1289,chr15,79000000,79001000,ESC_enriched,1,0.9517066885784584
1290,chr15,79079000,79082000,ESC_enriched,3,0.991446054684109
1291,chr15,79087000,79090000,ESC_enriched,3,0.9835336625505219
1292,chr15,79628000,79630000,ESC_enriched,2,0.9733371594541347
1293,chr15,80399000,80401000,ESC_enriched,2,0.979355912422501
1294,chr15,80497000,80500000,ESC_enriched,3,0.9853053403528541
1295,chr15,81061000,81066000,ESC_enriched,5,0.9914608550088154
1296,chr15,81522000,81525000,ESC_enriched,3,0.9699492281771377
1297,chr15,81892000,81901000,ESC_enriched,9,0.9866122363337438
1298,chr15,84151000,84154000,ESC_enriched,3,0.9672660814866113
1299,chr15,84844000,84847000,ESC_enriched,3,0.990482403987461
1300,chr15,84959000,84962000,ESC_enriched,3,0.9954648051938367
1301,chr15,85318000,85320000,ESC_enriched,2,0.9919863206615955
1302,chr15,85321000,85329000,ESC_enriched,8,0.9758211859710721
1303,chr15,85362000,85368000,ESC_enriched,6,0.9951219998273251
1304,chr15,85402000,85410000,ESC_enriched,8,0.9902264695202607
1305,chr15,85442000,85443000,ESC_enriched,1,0.9748815919947053
1306,chr15,85452000,85458000,ESC_enriched,6,0.9880466879799222
1307,chr15,85475000,85476000,ESC_enriched,1,0.9557998315382678
1308,chr15,85488000,85491000,ESC_enriched,3,0.9910917176825591
1309,chr15,85497000,85500000,ESC_enriched,3,0.9978697910008857
1310,chr15,85563000,85564000,ESC_enriched,1,0.981453640650734
1311,chr15,85648000,85652000,ESC_enriched,4,0.983598285066182
1312,chr15,87370000,87374000,ESC_enriched,4,0.9883096306920307
1313,chr15,87453000,87456000,ESC_enriched,3,0.9873908806702215
1314,chr15,87935000,87938000,NPC_enriched,3,0.9634588662828252
1315,chr15,88781000,88784000,ESC_enriched,3,0.9978778415815821
1316,chr15,88895000,88898000,ESC_enriched,3,0.999503600690358
1317,chr15,88973000,88977000,ESC_enriched,4,0.9996537918166314
1318,chr15,89204000,89208000,ESC_enriched,4,0.9915033274795281
1319,chr15,89214000,89217000,ESC_enriched,3,0.9883306685144069
1320,chr15,89284000,89287000,ESC_enriched,3,0.9860627774533824
1321,chr15,89325000,89331000,ESC_enriched,6,0.988785013090482
1322,chr15,89350000,89353000,ESC_enriched,3,0.990279240933244
1323,chr15,89374000,89378000,ESC_enriched,4,0.9920789670380747
1324,chr15,89384000,89388000,ESC_enriched,4,0.9949251968572683
1325,chr15,92224000,92227000,ESC_enriched,3,0.9919032887318316
1326,chr15,93196000,93199000,ESC_enriched,3,0.9959299367601648
1327,chr15,93334000,93354000,ESC_enriched,20,0.9943044483679568
1328,chr15,93356000,93360000,ESC_enriched,4,0.98896618643292
1329,chr15,93422000,93425000,ESC_enriched,3,0.9951005904255471
1330,chr15,95355000,95357000,ESC_enriched,2,0.9880711454021232
1331,chr15,95481000,95484000,ESC_enriched,3,0.9776285137468341
1332,chr15,96351000,96353000,ESC_enriched,2,0.9788031258801988
1333,chr15,97594000,97598000,ESC_enriched,4,0.9984872531301265
1334,chr15,97657000,97662000,ESC_enriched,5,0.9820522340487214
1335,chr15,97828000,97834000,ESC_enriched,6,0.9988840015390276
1336,chr15,97995000,97999000,ESC_enriched,4,0.9979211841323323
1337,chr15,98123000,98125000,ESC_enriched,2,0.9705825643556062
1338,chr15,98420000,98439000,ESC_enriched,19,0.992971050476579
1339,chr15,98599000,98609000,ESC_enriched,10,0.9987346768199915
1340,chr15,98622000,98639000,ESC_enriched,17,0.9945171514141189
1341,chr15,98721000,98727000,ESC_enriched,6,0.9999802491130363
1342,chr15,98914000,98927000,ESC_enriched,13,0.9977467895383855
1343,chr15,99407000,99420000,ESC_enriched,13,0.9964761766021356
1344,chr15,99498000,99500000,ESC_enriched,2,0.9999813021644726
1345,chr15,100406000,100408000,ESC_enriched,2,0.9737786231727104
1346,chr15,100413000,100416000,ESC_enriched,3,0.9883615388012194
1347,chr15,100428000,100430000,ESC_enriched,2,0.9989358058281261
1348,chr15,100556000,100563000,ESC_enriched,7,0.9963266091373045
1349,chr15,100660000,100661000,ESC_enriched,1,0.955601146110811
1350,chr15,100700000,100702000,ESC_enriched,2,0.9566878169654535
1351,chr15,100811000,100815000,ESC_enriched,4,0.9913166692764791
1352,chr15,100843000,100846000,ESC_enriched,3,0.9820474263766602
1353,chr15,100854000,100855000,ESC_enriched,1,0.9524313908507007
1354,chr15,100866000,100883000,ESC_enriched,17,0.9989316192060083
1355,chr15,100904000,100907000,ESC_enriched,3,0.9987706614070363
1356,chr15,100956000,100959000,ESC_enriched,3,0.9854705888132633
1357,chr15,101240000,101242000,ESC_enriched,2,0.9592698188747875
1358,chr15,101265000,101266000,ESC_enriched,1,0.9806031545596776
1359,chr15,101853000,101857000,ESC_enriched,4,0.9932853287411544
1360,chr15,101971000,101974000,ESC_enriched,3,0.9750437007294277
1361,chr15,102184000,102189000,ESC_enriched,5,0.9848728933142074
1362,chr15,102571000,102576000,ESC_enriched,5,0.9982540443625265
1363,chr15,102641000,102654000,NPC_enriched,13,0.9971358014917466
1364,chr15,102658000,102664000,NPC_enriched,6,0.9765147479872667
1365,chr15,102676000,102698000,NPC_enriched,22,0.99745366794611
1366,chr15,102701000,102706000,NPC_enriched,5,0.9691147736785212
1367,chr15,102726000,102732000,NPC_enriched,6,0.9848063624929845
1368,chr15,102914000,102916000,ESC_enriched,2,0.9978823841019389
1369,chr15,102930000,102932000,ESC_enriched,2,0.9903150946615136
1370,chr15,103137000,103139000,ESC_enriched,2,0.9945530506375255
1371,chr15,103330000,103333000,ESC_enriched,3,0.9921006344319104
1372,chr16,4332000,4335000,ESC_enriched,3,0.9940014992585632
1373,chr16,4764000,4768000,ESC_enriched,4,0.9784418806703916
1374,chr16,5800000,5802000,ESC_enriched,2,0.9724614399014105
1375,chr16,9904000,9912000,ESC_enriched,8,0.9899100922363612
1376,chr16,10225000,10229000,ESC_enriched,4,0.9942544282269569
1377,chr16,10306000,10310000,ESC_enriched,4,0.9846762846192448
1378,chr16,10677000,10678000,ESC_enriched,1,0.956873706490588
1379,chr16,10703000,10707000,ESC_enriched,4,0.990490252388381
1380,chr16,10979000,10982000,ESC_enriched,3,0.9971856288258016
1381,chr16,13355000,13363000,ESC_enriched,8,0.9861555809556675
1382,chr16,14205000,14208000,ESC_enriched,3,0.9620671862178352
1383,chr16,17191000,17194000,ESC_enriched,3,0.987630411415435
1384,chr16,17489000,17492000,ESC_enriched,3,0.9829369564136167
1385,chr16,17709000,17724000,ESC_enriched,15,0.9981480926113393
1386,chr16,17729000,17731000,ESC_enriched,2,0.9909731087823377
1387,chr16,17744000,17748000,ESC_enriched,4,0.9647380553712817
1388,chr16,17749000,17752000,ESC_enriched,3,0.9926536298078384
1389,chr16,18036000,18049000,ESC_enriched,13,0.9822289186829576
1390,chr16,18491000,18511000,ESC_enriched,20,0.993147915152762
1391,chr16,18516000,18544000,ESC_enriched,28,0.9994932363094227
1392,chr16,18688000,18693000,ESC_enriched,5,0.9908471853555432
1393,chr16,20505000,20506000,ESC_enriched,1,0.9586582580828259
1394,chr16,20533000,20536000,ESC_enriched,3,0.9869321436347697
1395,chr16,20608000,20610000,ESC_enriched,2,0.9632368984546469
1396,chr16,20646000,20653000,ESC_enriched,7,0.9972905703848511
1397,chr16,21153000,21156000,ESC_enriched,3,0.9758702696253864
1398,chr16,21157000,21168000,ESC_enriched,11,0.9893175502889726
1399,chr16,21223000,21226000,ESC_enriched,3,0.9784080269921699
1400,chr16,21317000,21318000,ESC_enriched,1,0.9697234513305869
1401,chr16,21606000,21614000,ESC_enriched,8,0.9966184095137391
1402,chr16,22571000,22574000,ESC_enriched,3,0.9837270851391118
1403,chr16,22691000,22694000,ESC_enriched,3,0.9789540429235469
1404,chr16,23138000,23142000,ESC_enriched,4,0.9866509736712961
1405,chr16,23896000,23898000,ESC_enriched,2,0.991088165060837
1406,chr16,23900000,23903000,ESC_enriched,3,0.994093178149433
1407,chr16,25783000,25784000,ESC_enriched,1,0.95819598294746
1408,chr16,26020000,26023000,ESC_enriched,3,0.9978384912154147
1409,chr16,26285000,26287000,ESC_enriched,2,0.9841683202015625
1410,chr16,26496000,26498000,ESC_enriched,2,0.9840797959481358
1411,chr16,28360000,28364000,ESC_enriched,4,0.9888288827443407
1412,chr16,29129000,29130000,ESC_enriched,1,0.9994914661701438
1413,chr16,30227000,30231000,ESC_enriched,4,0.9949125431938619
1414,chr16,30332000,30334000,ESC_enriched,2,0.9586198208390249
1415,chr16,30520000,30522000,ESC_enriched,2,0.9911564996941207
1416,chr16,31799000,31810000,ESC_enriched,11,0.9886377892418547
1417,chr16,31853000,31857000,ESC_enriched,4,0.9966501984089795
1418,chr16,32084000,32086000,ESC_enriched,2,0.9953151631986009
1419,chr16,33602000,33607000,ESC_enriched,5,0.9922136376065069
1420,chr16,33676000,33677000,ESC_enriched,1,0.9808898170875021
1421,chr16,33856000,33860000,NPC_enriched,4,0.9823671241685492
1422,chr16,34275000,34278000,ESC_enriched,3,0.9827299446756589
1423,chr16,34492000,34495000,ESC_enriched,3,0.9835720779816998
1424,chr16,35075000,35082000,ESC_enriched,7,0.9934061659696655
1425,chr16,35084000,35086000,ESC_enriched,2,0.9680504593588135
1426,chr16,35459000,35464000,ESC_enriched,5,0.9930572103839772
1427,chr16,35570000,35583000,ESC_enriched,13,0.9858325719107213
1428,chr16,36479000,36483000,ESC_enriched,4,0.9854328421051192
1429,chr16,37056000,37065000,NPC_enriched,9,0.9989430147646229
1430,chr16,37068000,37073000,NPC_enriched,5,0.9923837056639323
1431,chr16,37094000,37099000,NPC_enriched,5,0.9898864359996427
1432,chr16,37108000,37111000,NPC_enriched,3,0.999475760961661
1433,chr16,37130000,37137000,NPC_enriched,7,0.9974055493540608
1434,chr16,37154000,37158000,NPC_enriched,4,0.9928906448774889
1435,chr16,37169000,37170000,NPC_enriched,1,0.9503543827820683
1436,chr16,37173000,37177000,NPC_enriched,4,0.9766566833659966
1437,chr16,37180000,37184000,NPC_enriched,4,0.9982442149096313
1438,chr16,37207000,37209000,NPC_enriched,2,0.997960004593031
1439,chr16,37237000,37240000,NPC_enriched,3,0.9806127638646988
1440,chr16,37282000,37315000,NPC_enriched,33,0.9990076781257695
1441,chr16,37317000,37327000,NPC_enriched,10,0.9987868849691657
1442,chr16,37373000,37378000,NPC_enriched,5,0.986572561070074
1443,chr16,37834000,37837000,ESC_enriched,3,0.9922979884810096
1444,chr16,37924000,37927000,ESC_enriched,3,0.9965697435393653
1445,chr16,38169000,38175000,ESC_enriched,6,0.9916236488558465
1446,chr16,38226000,38230000,ESC_enriched,4,0.9818413104609316
1447,chr16,38292000,38297000,ESC_enriched,5,0.9830191184875293
1448,chr16,38402000,38404000,ESC_enriched,2,0.9769669459944326
1449,chr16,38628000,38633000,ESC_enriched,5,0.9969139887650845
1450,chr16,39904000,39905000,ESC_enriched,1,0.9539292413930059
1451,chr16,44249000,44255000,ESC_enriched,6,0.990097026713071
1452,chr16,44371000,44373000,ESC_enriched,2,0.9887609826088084
1453,chr16,44476000,44480000,ESC_enriched,4,0.9987226009202149
1454,chr16,52370000,52373000,ESC_enriched,3,0.995247961282152
1455,chr16,57223000,57226000,ESC_enriched,3,0.96981862212743
1456,chr16,57312000,57314000,ESC_enriched,2,0.98800045091719
1457,chr16,63806000,63808000,ESC_enriched,2,0.9794894409866952
1458,chr16,65046000,65048000,ESC_enriched,2,0.9991921516556541
1459,chr16,67535000,67539000,ESC_enriched,4,0.9924242220313542
1460,chr16,71910000,71913000,ESC_enriched,3,0.9992816486272895
1461,chr16,74293000,74296000,ESC_enriched,3,0.9980431805033302
1462,chr16,78118000,78124000,ESC_enriched,6,0.9958916678892504
1463,chr16,78145000,78152000,ESC_enriched,7,0.9871776973047195
1464,chr16,78813000,78815000,ESC_enriched,2,0.9865110592186096
1465,chr16,84585000,84587000,ESC_enriched,2,0.9941333756391745
1466,chr16,85055000,85059000,ESC_enriched,4,0.9885630903777667
1467,chr16,85691000,85693000,ESC_enriched,2,0.9966552328711371
1468,chr16,85788000,85792000,ESC_enriched,4,0.9975572783066344
1469,chr16,88178000,88180000,ESC_enriched,2,0.9939915583062917
1470,chr16,89787000,89788000,ESC_enriched,1,0.9584539743812617
1471,chr16,90031000,90032000,ESC_enriched,1,0.9757434466801974
1472,chr16,90274000,90280000,ESC_enriched,6,0.9952299559483476
1473,chr16,90408000,90409000,ESC_enriched,1,0.9542749189078411
1474,chr16,90719000,90724000,ESC_enriched,5,0.990117062657023
1475,chr16,90726000,90728000,ESC_enriched,2,0.9608842496030524
1476,chr16,90731000,90733000,ESC_enriched,2,0.9564161297077504
1477,chr16,91107000,91123000,ESC_enriched,16,0.9998982955569451
1478,chr16,91158000,91162000,ESC_enriched,4,0.9946503120121177
1479,chr16,91295000,91297000,ESC_enriched,2,0.9877240606175335
1480,chr16,91435000,91437000,ESC_enriched,2,0.9794046527714202
1481,chr16,91872000,91874000,ESC_enriched,2,0.996528432983445
1482,chr16,92046000,92049000,ESC_enriched,3,0.9853165219001566
1483,chr16,92385000,92390000,ESC_enriched,5,0.9886354823773524
1484,chr16,92494000,92496000,ESC_enriched,2,0.9863104874474871
1485,chr16,92584000,92590000,ESC_enriched,6,0.9945729265305764
1486,chr16,93974000,93979000,ESC_enriched,5,0.9847220964159187
1487,chr16,94235000,94237000,ESC_enriched,2,0.9664985728943523
1488,chr16,94333000,94338000,NPC_enriched,5,0.9851988598260784
1489,chr16,94411000,94413000,ESC_enriched,2,0.994095124933116
1490,chr16,94434000,94439000,ESC_enriched,5,0.9903835147334895
1491,chr16,95690000,95695000,ESC_enriched,5,0.9918932609424422
1492,chr16,95791000,95795000,ESC_enriched,4,0.9837117803196023
1493,chr16,96385000,96386000,ESC_enriched,1,0.9941222107970876
1494,chr16,97461000,97464000,ESC_enriched,3,0.9961274155156842
1495,chr16,97764000,97767000,ESC_enriched,3,0.9973023169178411
1496,chr16,98076000,98077000,ESC_enriched,1,0.9698742142885811
1497,chr17,3282000,3285000,ESC_enriched,3,0.998688609049354
1498,chr17,3371000,3372000,ESC_enriched,1,0.9601874447746888
1499,chr17,5449000,5453000,ESC_enriched,4,0.9835436585299651
1500,chr17,5895000,5900000,ESC_enriched,5,0.9950156335309692
1501,chr17,7610000,7611000,ESC_enriched,1,0.9882157745473965
1502,chr17,7664000,7668000,ESC_enriched,4,0.9948795760234141
1503,chr17,7712000,7713000,ESC_enriched,1,0.9710081504567633
1504,chr17,8177000,8182000,ESC_enriched,5,0.9978244337286395
1505,chr17,8227000,8229000,ESC_enriched,2,0.9910695967111421
1506,chr17,8266000,8280000,ESC_enriched,14,0.9923546663546295
1507,chr17,8361000,8367000,ESC_enriched,6,0.9968703306349543
1508,chr17,8636000,8644000,ESC_enriched,8,0.996817178021594
1509,chr17,11455000,11457000,ESC_enriched,2,0.9647120358223129
1510,chr17,12612000,12615000,ESC_enriched,3,0.9925152854694245
1511,chr17,13994000,13999000,ESC_enriched,5,0.9852515171134563
1512,chr17,14431000,14434000,ESC_enriched,3,0.989440784684125
1513,chr17,15074000,15090000,ESC_enriched,16,0.9958728061984387
1514,chr17,15240000,15242000,ESC_enriched,2,0.9881078195791873
1515,chr17,15530000,15537000,ESC_enriched,7,0.9931813829682054
1516,chr17,17550000,17556000,ESC_enriched,6,0.9875931716546469
1517,chr17,17614000,17615000,ESC_enriched,1,0.9585460221560166
1518,chr17,23465000,23473000,ESC_enriched,8,0.9966827588662468
1519,chr17,23933000,23937000,ESC_enriched,4,0.9897954876135882
1520,chr17,24215000,24219000,ESC_enriched,4,0.9864547126277365
1521,chr17,24232000,24235000,ESC_enriched,3,0.9970340564524905
1522,chr17,24386000,24388000,ESC_enriched,2,0.9773817559866174
1523,chr17,24558000,24564000,NPC_enriched,6,0.9853525797946481
1524,chr17,24972000,24977000,ESC_enriched,5,0.9870948764845838
1525,chr17,24980000,24985000,ESC_enriched,5,0.9872515497443974
1526,chr17,25109000,25115000,ESC_enriched,6,0.9926807881092253
1527,chr17,25160000,25165000,ESC_enriched,5,0.9952648138731804
1528,chr17,25223000,25225000,ESC_enriched,2,0.9992829599910457
1529,chr17,25284000,25305000,ESC_enriched,21,0.9935828906448227
1530,chr17,25536000,25543000,ESC_enriched,7,0.9963179788170132
1531,chr17,25546000,25548000,ESC_enriched,2,0.9919535084576654
1532,chr17,25676000,25679000,ESC_enriched,3,0.9818330151303828
1533,chr17,26140000,26146000,ESC_enriched,6,0.9940244377017065
1534,chr17,26153000,26155000,ESC_enriched,2,0.9655937239880072
1535,chr17,26156000,26170000,ESC_enriched,14,0.9965655834905661
1536,chr17,26567000,26573000,ESC_enriched,6,0.9995060254692184
1537,chr17,26614000,26616000,ESC_enriched,2,0.9676948760635025
1538,chr17,26671000,26681000,ESC_enriched,10,0.9967216810926418
1539,chr17,26689000,26691000,ESC_enriched,2,0.9675817137976901
1540,chr17,26883000,26886000,ESC_enriched,3,0.9692548332941638
1541,chr17,26900000,26903000,ESC_enriched,3,0.9815649121102293
1542,chr17,27028000,27030000,ESC_enriched,2,0.9960050549485036
1543,chr17,27053000,27055000,ESC_enriched,2,0.9922635865825498
1544,chr17,27061000,27064000,ESC_enriched,3,0.9906562051354761
1545,chr17,27124000,27126000,ESC_enriched,2,0.9617186386189334
1546,chr17,27223000,27251000,ESC_enriched,28,0.9962265225094521
1547,chr17,27382000,27386000,ESC_enriched,4,0.9946970288136021
1548,chr17,27446000,27452000,ESC_enriched,6,0.9836489076624017
1549,chr17,28091000,28094000,ESC_enriched,3,0.9871963501576718
1550,chr17,29047000,29050000,ESC_enriched,3,0.9889777142462979
1551,chr17,29126000,29130000,ESC_enriched,4,0.9851319852433787
1552,chr17,29613000,29620000,ESC_enriched,7,0.9979688141315004
1553,chr17,29656000,29659000,ESC_enriched,3,0.9937860963714548
1554,chr17,31497000,31505000,NPC_enriched,8,0.982801276315177
1555,chr17,31917000,31919000,ESC_enriched,2,0.9759031546004515
1556,chr17,32125000,32130000,ESC_enriched,5,0.9959198390599507
1557,chr17,32146000,32147000,ESC_enriched,1,0.9893010212135653
1558,chr17,33662000,33667000,ESC_enriched,5,0.9919762405540385
1559,chr17,33808000,33812000,ESC_enriched,4,0.9976333834940929
1560,chr17,33872000,33874000,ESC_enriched,2,0.9900221686021835
1561,chr17,34236000,34241000,ESC_enriched,5,0.9934934943357732
1562,chr17,34278000,34283000,ESC_enriched,5,0.9975214422240454
1563,chr17,34287000,34294000,ESC_enriched,7,0.9894675616638395
1564,chr17,34802000,34814000,ESC_enriched,12,0.997900245252564
1565,chr17,34967000,34968000,ESC_enriched,1,0.9872833499433579
1566,chr17,35330000,35334000,ESC_enriched,4,0.9898446514105826
1567,chr17,39453000,39454000,ESC_enriched,1,1.0
1568,chr17,41778000,41781000,ESC_enriched,3,0.9915472340852777
1569,chr17,43090000,43097000,ESC_enriched,7,0.9947625082699348
1570,chr17,43651000,43655000,ESC_enriched,4,0.9795125628034638
1571,chr17,43716000,43720000,ESC_enriched,4,0.9854539141204562
1572,chr17,44167000,44168000,ESC_enriched,1,0.9680654733735384
1573,chr17,44197000,44204000,ESC_enriched,7,0.9966994951677559
1574,chr17,45008000,45011000,ESC_enriched,3,0.9997366737175266
1575,chr17,45717000,45720000,ESC_enriched,3,0.9972315806924102
1576,chr17,45907000,45913000,ESC_enriched,6,0.9888132759744166
1577,chr17,45917000,45925000,ESC_enriched,8,0.997994273041535
1578,chr17,45931000,45934000,ESC_enriched,3,0.979089784194533
1579,chr17,45947000,45951000,ESC_enriched,4,0.988610677978272
1580,chr17,45984000,45986000,ESC_enriched,2,0.9679550907851494
1581,chr17,46003000,46005000,ESC_enriched,2,0.9982604482401104
1582,chr17,46009000,46010000,ESC_enriched,1,0.9716958208871108
1583,chr17,47135000,47137000,ESC_enriched,2,0.9875532910768235
1584,chr17,47295000,47298000,ESC_enriched,3,0.987998536661627
1585,chr17,47558000,47560000,ESC_enriched,2,0.9990199308165657
1586,chr17,48396000,48401000,ESC_enriched,5,0.9993415846078925
1587,chr17,49352000,49355000,ESC_enriched,3,0.9714280472089555
1588,chr17,49973000,49976000,ESC_enriched,3,0.9932983328869686
1589,chr17,50194000,50197000,ESC_enriched,3,0.9570464166888831
1590,chr17,55345000,55347000,NPC_enriched,2,0.9869504214323701
1591,chr17,55563000,55567000,ESC_enriched,4,0.9897131948903459
1592,chr17,55713000,55714000,ESC_enriched,1,0.999432886370807
1593,chr17,56106000,56112000,ESC_enriched,6,0.9975393337718699
1594,chr17,56143000,56149000,ESC_enriched,6,0.994785989159933
1595,chr17,56492000,56499000,NPC_enriched,7,0.9900928103913339
1596,chr17,56834000,56837000,ESC_enriched,3,0.9883541790366489
1597,chr17,56964000,56967000,ESC_enriched,3,0.9748571018952391
1598,chr17,62565000,62568000,ESC_enriched,3,0.9988658311198958
1599,chr17,62970000,62977000,NPC_enriched,7,0.9897708062171056
1600,chr17,65671000,65673000,ESC_enriched,2,0.9929529174232097
1601,chr17,67256000,67261000,ESC_enriched,5,0.9916101358797921
1602,chr17,68178000,68180000,ESC_enriched,2,0.9898274515151491
1603,chr17,68741000,68749000,ESC_enriched,8,0.9939655847875754
1604,chr17,68981000,68984000,ESC_enriched,3,0.9911128405343691
1605,chr17,70421000,70423000,ESC_enriched,2,0.9980481445161472
1606,chr17,71087000,71090000,ESC_enriched,3,0.9965055003395085
1607,chr17,71213000,71218000,ESC_enriched,5,0.9950745129029182
1608,chr17,71654000,71658000,ESC_enriched,4,0.9961983427424985
1609,chr17,71687000,71689000,ESC_enriched,2,0.9877712497620865
1610,chr17,71774000,71778000,ESC_enriched,4,0.9935778072599136
1611,chr17,72778000,72782000,ESC_enriched,4,0.9825306937199052
1612,chr17,72783000,72785000,ESC_enriched,2,0.9584657865125934
1613,chr17,72823000,72828000,ESC_enriched,5,0.9964866881385502
1614,chr17,78104000,78108000,ESC_enriched,4,0.9906780773121013
1615,chr17,78957000,78958000,ESC_enriched,1,0.9840706642032202
1616,chr17,79620000,79625000,ESC_enriched,5,0.9903619554308379
1617,chr17,80278000,80286000,ESC_enriched,8,0.9947291083608438
1618,chr17,81577000,81578000,ESC_enriched,1,0.958321836125709
1619,chr17,83072000,83075000,ESC_enriched,3,0.9788890899833689
1620,chr17,83109000,83114000,ESC_enriched,5,0.9939788441371821
1621,chr17,83118000,83133000,ESC_enriched,15,0.9971886310054265
1622,chr17,83874000,83876000,ESC_enriched,2,0.973716526707735
1623,chr17,83974000,83978000,ESC_enriched,4,0.9893641761641464
1624,chr17,84003000,84010000,ESC_enriched,7,0.991371017732774
1625,chr17,84420000,84422000,ESC_enriched,2,0.9955586010889632
1626,chr17,84600000,84605000,ESC_enriched,5,0.9870685793736487
1627,chr17,85166000,85172000,ESC_enriched,6,0.9841277504653486
1628,chr17,85362000,85365000,ESC_enriched,3,0.9786510686225777
1629,chr17,85373000,85378000,ESC_enriched,5,0.9879633305797444
1630,chr17,85393000,85395000,ESC_enriched,2,0.9976521669640636
1631,chr17,85516000,85539000,ESC_enriched,23,0.9991769381254282
1632,chr17,85550000,85557000,ESC_enriched,7,0.9943464657847406
1633,chr17,85588000,85603000,ESC_enriched,15,0.9990468312838069
1634,chr17,85708000,85710000,ESC_enriched,2,0.9999086679140997
1635,chr17,86076000,86079000,ESC_enriched,3,0.9976845225311194
1636,chr17,86663000,86664000,ESC_enriched,1,0.9525638052836014
1637,chr17,87191000,87194000,ESC_enriched,3,0.9767614383801065
1638,chr17,87651000,87656000,ESC_enriched,5,0.9989603641748378
1639,chr17,88662000,88664000,ESC_enriched,2,0.9585933889696332
1640,chr17,89204000,89209000,NPC_enriched,5,0.9861870281026469
1641,chr17,90361000,90365000,ESC_enriched,4,0.9881612952616188
1642,chr17,90996000,90998000,ESC_enriched,2,0.9999998751684538
1643,chr17,93505000,93506000,ESC_enriched,1,0.9731924653994415
1644,chr18,3498000,3501000,ESC_enriched,3,0.966750859848129
1645,chr18,5162000,5165000,ESC_enriched,3,0.9796137249650663
1646,chr18,5593000,5595000,ESC_enriched,2,0.9883574021951325
1647,chr18,7000000,7006000,ESC_enriched,6,0.9987737480682073
1648,chr18,8043000,8047000,NPC_enriched,4,0.9570081240687016
1649,chr18,9209000,9215000,ESC_enriched,6,0.9952604048171515
1650,chr18,11495000,11497000,ESC_enriched,2,0.9957584279671363
1651,chr18,11982000,11985000,ESC_enriched,3,0.9886606460930912
1652,chr18,12476000,12479000,ESC_enriched,3,0.9919437842187127
1653,chr18,13930000,13931000,ESC_enriched,1,0.9646681441524649
1654,chr18,14112000,14115000,ESC_enriched,3,0.9997110316963557
1655,chr18,15203000,15211000,ESC_enriched,8,0.9966860049159011
1656,chr18,15291000,15296000,ESC_enriched,5,0.9898987976130937
1657,chr18,15902000,15904000,ESC_enriched,2,0.9998406732689593
1658,chr18,16949000,16953000,ESC_enriched,4,0.99724282086434
1659,chr18,20144000,20147000,ESC_enriched,3,0.9970502675428498
1660,chr18,21794000,21796000,ESC_enriched,2,0.9970303959709805
1661,chr18,23180000,23185000,ESC_enriched,5,0.9907270023654912
1662,chr18,23895000,23899000,ESC_enriched,4,0.9978810963594269
1663,chr18,23941000,23943000,ESC_enriched,2,0.9557006403327313
1664,chr18,24609000,24611000,ESC_enriched,2,0.9863303658723366
1665,chr18,24796000,24799000,ESC_enriched,3,0.994956610848217
1666,chr18,25691000,25694000,ESC_enriched,3,0.9821382787096841
1667,chr18,25706000,25709000,ESC_enriched,3,0.9827844108675613
1668,chr18,25712000,25713000,ESC_enriched,1,0.9569626444024043
1669,chr18,25717000,25723000,ESC_enriched,6,0.9913836882767003
1670,chr18,25732000,25733000,ESC_enriched,1,0.9525309628393238
1671,chr18,32081000,32084000,ESC_enriched,3,0.9997351739006461
1672,chr18,32091000,32093000,ESC_enriched,2,0.9657060808684503
1673,chr18,32519000,32524000,ESC_enriched,5,0.9883702788983604
1674,chr18,32566000,32570000,ESC_enriched,4,0.9890415431850819
1675,chr18,32701000,32705000,ESC_enriched,4,0.981347533784457
1676,chr18,33081000,33083000,ESC_enriched,2,0.98614564904751
1677,chr18,34668000,34681000,ESC_enriched,13,0.9991538689269959
1678,chr18,34684000,34688000,ESC_enriched,4,0.9952596088549237
1679,chr18,34803000,34806000,ESC_enriched,3,0.9897576850062203
1680,chr18,34844000,34847000,ESC_enriched,3,0.9886117248699476
1681,chr18,34987000,34989000,ESC_enriched,2,0.9980596713129479
1682,chr18,35011000,35012000,ESC_enriched,1,0.9581502053615913
1683,chr18,35774000,35783000,ESC_enriched,9,0.996953727988187
1684,chr18,36014000,36021000,ESC_enriched,7,0.9983019991508048
1685,chr18,36041000,36061000,ESC_enriched,20,0.9943406702672583
1686,chr18,36090000,36093000,ESC_enriched,3,0.9960187723612707
1687,chr18,36141000,36157000,ESC_enriched,16,0.9881150525997415
1688,chr18,36165000,36166000,ESC_enriched,1,0.9639254051333749
1689,chr18,36190000,36198000,ESC_enriched,8,0.9720626305776101
1690,chr18,36321000,36326000,ESC_enriched,5,0.9959779998200053
1691,chr18,36446000,36451000,ESC_enriched,5,0.9947013737028485
1692,chr18,36848000,36856000,ESC_enriched,8,0.9915599866626318
1693,chr18,37066000,37069000,ESC_enriched,3,0.9934700849221624
1694,chr18,37072000,37076000,ESC_enriched,4,0.9913924593770976
1695,chr18,37079000,37083000,ESC_enriched,4,0.9912108264357837
1696,chr18,37087000,37090000,ESC_enriched,3,0.9981314115890103
1697,chr18,37123000,37127000,ESC_enriched,4,0.9912717314487416
1698,chr18,37132000,37134000,ESC_enriched,2,0.9992166371455777
1699,chr18,37136000,37144000,ESC_enriched,8,0.9875030723975177
1700,chr18,37146000,37149000,ESC_enriched,3,0.9856270615256962
1701,chr18,37215000,37218000,ESC_enriched,3,0.9954331341104977
1702,chr18,37268000,37273000,ESC_enriched,5,0.9920083269118504
1703,chr18,37539000,37541000,ESC_enriched,2,0.9914471183380751
1704,chr18,37569000,37570000,ESC_enriched,1,0.9574400296173357
1705,chr18,37601000,37607000,ESC_enriched,6,0.9818521836915711
1706,chr18,37611000,37614000,ESC_enriched,3,0.9874241771090095
1707,chr18,37623000,37625000,ESC_enriched,2,0.975591098400239
1708,chr18,37630000,37633000,ESC_enriched,3,0.9971936186895634
1709,chr18,37641000,37649000,ESC_enriched,8,0.994184338538737
1710,chr18,37806000,37809000,ESC_enriched,3,0.9907134114556527
1711,chr18,37812000,37814000,ESC_enriched,2,0.9769260465550816
1712,chr18,37816000,37823000,ESC_enriched,7,0.9987704035626138
1713,chr18,37833000,37836000,ESC_enriched,3,0.9917728090421288
1714,chr18,37841000,37844000,ESC_enriched,3,0.9994465865297667
1715,chr18,37846000,37850000,ESC_enriched,4,0.9920744835567263
1716,chr18,37857000,37862000,ESC_enriched,5,0.9899268111005213
1717,chr18,37863000,37872000,ESC_enriched,9,0.9972593880156544
1718,chr18,37873000,37876000,ESC_enriched,3,0.9999246968860677
1719,chr18,37878000,37886000,ESC_enriched,8,0.998665577982558
1720,chr18,37889000,37891000,ESC_enriched,2,0.9998366127239158
1721,chr18,37892000,37894000,ESC_enriched,2,0.9922664535482879
1722,chr18,37940000,37943000,ESC_enriched,3,0.9973030962523598
1723,chr18,38312000,38317000,ESC_enriched,5,0.989645112955434
1724,chr18,38322000,38326000,ESC_enriched,4,0.9808980764208777
1725,chr18,38333000,38341000,ESC_enriched,8,0.9967732021154571
1726,chr18,38609000,38614000,ESC_enriched,5,0.9826910669953113
1727,chr18,39119000,39122000,ESC_enriched,3,0.9617299169017343
1728,chr18,43562000,43566000,ESC_enriched,4,0.9794919859074449
1729,chr18,43886000,43892000,NPC_enriched,6,0.9902568049141957
1730,chr18,43909000,43911000,NPC_enriched,2,0.9585861939551305
1731,chr18,44088000,44092000,NPC_enriched,4,0.9887120536319691
1732,chr18,44128000,44134000,NPC_enriched,6,0.9972087248999552
1733,chr18,44198000,44202000,NPC_enriched,4,0.997271933567813
1734,chr18,44787000,44788000,ESC_enriched,1,0.9721751141364144
1735,chr18,44937000,44939000,ESC_enriched,2,0.992211240850055
1736,chr18,46336000,46338000,ESC_enriched,2,0.9703658744247992
1737,chr18,46590000,46592000,ESC_enriched,2,0.9998276319566965
1738,chr18,46853000,46854000,ESC_enriched,1,0.9858595117130055
1739,chr18,46974000,46978000,ESC_enriched,4,0.9946405629305709
1740,chr18,47276000,47279000,ESC_enriched,3,0.9858443602830111
1741,chr18,47491000,47497000,ESC_enriched,6,0.9951123650812801
1742,chr18,52653000,52655000,ESC_enriched,2,0.9994190041117723
1743,chr18,52893000,52895000,ESC_enriched,2,0.9859553698761259
1744,chr18,53772000,53774000,ESC_enriched,2,0.9729760577804707
1745,chr18,55112000,55116000,ESC_enriched,4,0.9884688702722834
1746,chr18,56594000,56597000,ESC_enriched,3,0.9856829971690854
1747,chr18,57052000,57054000,ESC_enriched,2,0.9640694018533227
1748,chr18,58004000,58006000,ESC_enriched,2,0.9830473717015745
1749,chr18,58334000,58338000,ESC_enriched,4,0.9989842254506862
1750,chr18,58963000,58964000,ESC_enriched,1,0.999438882295007
1751,chr18,59301000,59303000,ESC_enriched,2,0.9912174514482608
1752,chr18,60704000,60705000,ESC_enriched,1,0.9671991163325263
1753,chr18,61037000,61040000,ESC_enriched,3,0.9995520590628727
1754,chr18,61107000,61111000,ESC_enriched,4,0.984483637721633
1755,chr18,61156000,61166000,ESC_enriched,10,0.9958511675245717
1756,chr18,61911000,61912000,ESC_enriched,1,0.9504062116540093
1757,chr18,62429000,62434000,NPC_enriched,5,0.9815861026007193
1758,chr18,62463000,62474000,NPC_enriched,11,0.9944532225344052
1759,chr18,62550000,62553000,NPC_enriched,3,0.9761955143701759
1760,chr18,62554000,62558000,NPC_enriched,4,0.9826199717793344
1761,chr18,62562000,62567000,NPC_enriched,5,0.9955043863260464
1762,chr18,62984000,62999000,NPC_enriched,15,0.9982912051543695
1763,chr18,63510000,63514000,ESC_enriched,4,0.9886133733117748
1764,chr18,64466000,64475000,ESC_enriched,9,0.9980421882089016
1765,chr18,64781000,64788000,ESC_enriched,7,0.9905262864875451
1766,chr18,65997000,65999000,ESC_enriched,2,0.993866040145688
1767,chr18,66059000,66067000,ESC_enriched,8,0.9900225932014642
1768,chr18,66411000,66418000,ESC_enriched,7,0.9895430969463116
1769,chr18,66985000,66987000,ESC_enriched,2,0.9832636859590599
1770,chr18,67214000,67215000,ESC_enriched,1,0.9542857094553818
1771,chr18,67469000,67472000,ESC_enriched,3,0.990551312070744
1772,chr18,67514000,67516000,ESC_enriched,2,0.9705264699901034
1773,chr18,69322000,69326000,ESC_enriched,4,0.9946850398175683
1774,chr18,72474000,72478000,ESC_enriched,4,0.9883268761944447
1775,chr18,75643000,75646000,ESC_enriched,3,0.9858927611371436
1776,chr18,75821000,75823000,ESC_enriched,2,0.9788476054976389
1777,chr18,75944000,75954000,ESC_enriched,10,0.9949320143684519
1778,chr18,76023000,76025000,ESC_enriched,2,0.9704932852359436
1779,chr18,76185000,76187000,ESC_enriched,2,0.9997229229702892
1780,chr18,76268000,76277000,ESC_enriched,9,0.9870159051258618
1781,chr18,77060000,77066000,ESC_enriched,6,0.993213076775482
1782,chr18,77381000,77390000,ESC_enriched,9,0.9889415811531381
1783,chr18,77402000,77405000,ESC_enriched,3,0.9893070171436859
1784,chr18,77458000,77463000,ESC_enriched,5,0.9923400788469319
1785,chr18,77520000,77524000,ESC_enriched,4,0.990865343958008
1786,chr18,78205000,78214000,ESC_enriched,9,0.998245839448973
1787,chr18,78215000,78220000,ESC_enriched,5,0.9923608763567756
1788,chr18,78711000,78717000,NPC_enriched,6,0.9857137239674169
1789,chr18,80165000,80166000,ESC_enriched,1,0.9579911710944173
1790,chr18,80209000,80212000,ESC_enriched,3,0.9924816721244819
1791,chr18,80419000,80420000,ESC_enriched,1,0.9873326965972536
1792,chr18,80456000,80464000,ESC_enriched,8,0.9936631702202486
1793,chr18,80481000,80487000,ESC_enriched,6,0.9882159899544356
1794,chr18,80523000,80526000,ESC_enriched,3,0.9927987339959229
1795,chr18,80770000,80773000,ESC_enriched,3,0.9864888539193736
1796,chr18,80779000,80781000,ESC_enriched,2,0.973632061075317
1797,chr18,80796000,80808000,ESC_enriched,12,0.9962016510908809
1798,chr18,80859000,80880000,ESC_enriched,21,0.9960254284364448
1799,chr18,81132000,81139000,ESC_enriched,7,0.9936336267808824
1800,chr18,81142000,81159000,ESC_enriched,17,0.9948086708523164
1801,chr18,81367000,81369000,ESC_enriched,2,0.9989259302278704
1802,chr18,81402000,81404000,ESC_enriched,2,0.9720110976057703
1803,chr18,82539000,82542000,ESC_enriched,3,0.9971303074217902
1804,chr18,82607000,82612000,ESC_enriched,5,0.9970041436833889
1805,chr18,82718000,82721000,ESC_enriched,3,0.9909229038912629
1806,chr18,83042000,83048000,ESC_enriched,6,0.995665566630955
1807,chr18,84218000,84222000,ESC_enriched,4,0.9957424111482137
1808,chr18,84223000,84227000,ESC_enriched,4,0.9983330147024312
1809,chr18,84864000,84866000,ESC_enriched,2,0.9844106991439887
1810,chr18,86527000,86531000,ESC_enriched,4,0.9991760960892728
1811,chr18,86772000,86776000,NPC_enriched,4,0.9925221019848864
1812,chr18,89903000,89905000,ESC_enriched,2,0.9963646554890744
1813,chr19,3409000,3416000,ESC_enriched,7,0.9972279671332723
1814,chr19,3936000,3937000,ESC_enriched,1,0.9695815612780775
1815,chr19,4099000,4103000,ESC_enriched,4,0.9862064825298172
1816,chr19,4476000,4479000,ESC_enriched,3,0.9742550152977745
1817,chr19,4697000,4699000,ESC_enriched,2,0.9992376471908784
1818,chr19,4985000,4992000,ESC_enriched,7,0.9961926329599907
1819,chr19,5068000,5070000,ESC_enriched,2,0.9972226542900774
1820,chr19,5306000,5309000,ESC_enriched,3,0.9836332770004259
1821,chr19,5445000,5451000,ESC_enriched,6,0.9897623675824564
1822,chr19,5741000,5747000,ESC_enriched,6,0.9886466851721155
1823,chr19,5750000,5752000,ESC_enriched,2,0.9993388519791606
1824,chr19,5755000,5759000,ESC_enriched,4,0.9871096408668104
1825,chr19,6183000,6185000,ESC_enriched,2,0.9919602262892768
1826,chr19,6419000,6422000,ESC_enriched,3,0.9993960214518376
1827,chr19,6427000,6429000,ESC_enriched,2,0.9963577043558273
1828,chr19,6486000,6489000,ESC_enriched,3,0.9821257111789886
1829,chr19,6490000,6507000,ESC_enriched,17,0.9966527851523999
1830,chr19,6531000,6538000,ESC_enriched,7,0.9949105805955366
1831,chr19,6896000,6899000,ESC_enriched,3,0.9992868241963787
1832,chr19,6905000,6921000,ESC_enriched,16,0.985115631411269
1833,chr19,6991000,6996000,ESC_enriched,5,0.9948396745940492
1834,chr19,7000000,7002000,ESC_enriched,2,0.9998590272985315
1835,chr19,7488000,7491000,ESC_enriched,3,0.9883863283435682
1836,chr19,8728000,8734000,ESC_enriched,6,0.9809556188039359
1837,chr19,10102000,10114000,ESC_enriched,12,0.9901702540030257
1838,chr19,10328000,10330000,ESC_enriched,2,0.9587877716967304
1839,chr19,10368000,10375000,ESC_enriched,7,0.9912115655582994
1840,chr19,10450000,10459000,ESC_enriched,9,0.9901231755425132
1841,chr19,10488000,10492000,ESC_enriched,4,0.9927155152649865
1842,chr19,10499000,10502000,ESC_enriched,3,0.9964311358284785
1843,chr19,10508000,10512000,ESC_enriched,4,0.9709292866052408
1844,chr19,10520000,10522000,ESC_enriched,2,0.9918997909468088
1845,chr19,10541000,10546000,ESC_enriched,5,0.9909903964994656
1846,chr19,10700000,10703000,ESC_enriched,3,0.9916522439912517
1847,chr19,11005000,11009000,ESC_enriched,4,0.9961995024901125
1848,chr19,11700000,11704000,NPC_enriched,4,0.9636670719894558
1849,chr19,12567000,12568000,ESC_enriched,1,0.9513703598354707
1850,chr19,12597000,12601000,NPC_enriched,4,0.9875891967432479
1851,chr19,12741000,12744000,NPC_enriched,3,0.9583108724715091
1852,chr19,12776000,12779000,NPC_enriched,3,0.9736264723389709
1853,chr19,12796000,12798000,NPC_enriched,2,0.9754450788120943
1854,chr19,16502000,16505000,ESC_enriched,3,0.9850757362722989
1855,chr19,17902000,17905000,ESC_enriched,3,0.9922505893469449
1856,chr19,17927000,17932000,NPC_enriched,5,0.9840119615595582
1857,chr19,18815000,18817000,ESC_enriched,2,0.9973542920847598
1858,chr19,19175000,19179000,ESC_enriched,4,0.9960691136317654
1859,chr19,21539000,21540000,ESC_enriched,1,0.9651012770923507
1860,chr19,22764000,22773000,NPC_enriched,9,0.9857002843504039
1861,chr19,23826000,23827000,ESC_enriched,1,0.9999069871190971
1862,chr19,23958000,23962000,ESC_enriched,4,0.9970888266835946
1863,chr19,24097000,24098000,ESC_enriched,1,0.9793725312854707
1864,chr19,24143000,24144000,ESC_enriched,1,0.9501892073388192
1865,chr19,24928000,24931000,ESC_enriched,3,0.9982350910679118
1866,chr19,26169000,26171000,NPC_enriched,2,0.9634167421570079
1867,chr19,26671000,26675000,ESC_enriched,4,0.9983458681108136
1868,chr19,27284000,27286000,ESC_enriched,2,0.9950404350536024
1869,chr19,28728000,28730000,ESC_enriched,2,0.9781342021228954
1870,chr19,28744000,28746000,ESC_enriched,2,0.9917044843929865
1871,chr19,28899000,28903000,ESC_enriched,4,0.9904994966380338
1872,chr19,30091000,30097000,ESC_enriched,6,0.9994592046546158
1873,chr19,30614000,30616000,ESC_enriched,2,0.9963233717706128
1874,chr19,32453000,32454000,ESC_enriched,1,0.9999871541132607
1875,chr19,32661000,32666000,ESC_enriched,5,0.9841261051427628
1876,chr19,36620000,36621000,ESC_enriched,1,0.9695204732636935
1877,chr19,37238000,37241000,ESC_enriched,3,0.9926224624204391
1878,chr19,37298000,37303000,ESC_enriched,5,0.9925820676466
1879,chr19,37751000,37764000,ESC_enriched,13,0.9990463582472568
1880,chr19,37946000,37949000,ESC_enriched,3,0.9891560131740142
1881,chr19,38545000,38548000,ESC_enriched,3,0.965469074261755
1882,chr19,40801000,40803000,ESC_enriched,2,0.9628396478187262
1883,chr19,41258000,41261000,ESC_enriched,3,0.9997977951124136
1884,chr19,41438000,41441000,ESC_enriched,3,0.9930009094298602
1885,chr19,41795000,41799000,ESC_enriched,4,0.9845946907687166
1886,chr19,41884000,41889000,ESC_enriched,5,0.9854266769999844
1887,chr19,42093000,42100000,ESC_enriched,7,0.986897775871254
1888,chr19,42252000,42258000,ESC_enriched,6,0.9987939072022148
1889,chr19,42321000,42325000,ESC_enriched,4,0.9885670220903408
1890,chr19,43447000,43453000,NPC_enriched,6,0.9786806593660744
1891,chr19,44562000,44572000,ESC_enriched,10,0.9903270234283943
1892,chr19,45078000,45083000,ESC_enriched,5,0.9995490042033144
1893,chr19,45090000,45096000,ESC_enriched,6,0.9921083409760616
1894,chr19,45100000,45104000,ESC_enriched,4,0.9821686996061889
1895,chr19,45118000,45122000,ESC_enriched,4,0.984571899116353
1896,chr19,45129000,45135000,ESC_enriched,6,0.9999139306730345
1897,chr19,45205000,45214000,ESC_enriched,9,0.9992580275342581
1898,chr19,45277000,45295000,ESC_enriched,18,0.9884815499575763
1899,chr19,45354000,45360000,ESC_enriched,6,0.9875903983445055
1900,chr19,45594000,45595000,ESC_enriched,1,0.9969313530542973
1901,chr19,45729000,45731000,ESC_enriched,2,0.993673748836592
1902,chr19,45781000,45800000,ESC_enriched,19,0.9967971946279246
1903,chr19,46184000,46202000,ESC_enriched,18,0.9984642441050229
1904,chr19,46368000,46380000,ESC_enriched,12,0.9953318103759906
1905,chr19,47305000,47308000,ESC_enriched,3,0.9983610175238101
1906,chr19,47395000,47399000,ESC_enriched,4,0.9852978740248941
1907,chr19,50730000,50732000,ESC_enriched,2,0.976710759363558
1908,chr19,53192000,53195000,ESC_enriched,3,0.9947195265046552
1909,chr19,53312000,53313000,ESC_enriched,1,0.96769857036089
1910,chr19,53729000,53732000,ESC_enriched,3,0.9944796899508997
1911,chr19,54097000,54102000,ESC_enriched,5,0.9955330184539634
1912,chr19,54890000,54894000,NPC_enriched,4,0.9848022116353471
1913,chr19,55639000,55641000,ESC_enriched,2,0.9615436156440039
1914,chr19,55700000,55703000,ESC_enriched,3,0.9633228978318629
1915,chr19,56449000,56452000,ESC_enriched,3,0.9827703779425172
1916,chr19,56773000,56779000,ESC_enriched,6,0.9932833315885934
1917,chr19,56879000,56881000,ESC_enriched,2,0.9977944211863001
1918,chr19,56924000,56927000,ESC_enriched,3,0.9760011574030635
1919,chr19,57367000,57369000,ESC_enriched,2,0.9913536335821453
1920,chr19,57576000,57582000,ESC_enriched,6,0.9933938845414226
1921,chr19,58506000,58510000,ESC_enriched,4,0.9999740389122636
1922,chr19,59003000,59005000,ESC_enriched,2,0.9759107080158673
1923,chr19,59127000,59132000,ESC_enriched,5,0.985886864124297
1924,chr19,59216000,59228000,ESC_enriched,12,0.9989503170498062
1925,chr19,59246000,59250000,ESC_enriched,4,0.9972784233132512
1926,chr19,59313000,59315000,ESC_enriched,2,0.9990216570307088
1927,chr19,59503000,59526000,ESC_enriched,23,0.9984035628622523
1928,chr19,60521000,60524000,ESC_enriched,3,0.9840599083558793
1929,chr2,4317000,4320000,ESC_enriched,3,0.9963055978344117
1930,chr2,6017000,6021000,ESC_enriched,4,0.986099779959127
1931,chr2,8651000,8669000,NPC_enriched,18,0.9986348220355153
1932,chr2,8676000,8680000,NPC_enriched,4,0.9956222412462675
1933,chr2,8863000,8869000,NPC_enriched,6,0.9977815689140318
1934,chr2,8880000,8888000,NPC_enriched,8,0.9916851420175677
1935,chr2,9788000,9816000,ESC_enriched,28,0.9986975124678388
1936,chr2,10149000,10151000,ESC_enriched,2,0.9747761502054957
1937,chr2,10291000,10296000,ESC_enriched,5,0.9896344306091711
1938,chr2,11420000,11423000,ESC_enriched,3,0.9896203978652677
1939,chr2,11467000,11473000,ESC_enriched,6,0.9906145548869505
1940,chr2,11623000,11627000,ESC_enriched,4,0.9992022072059367
1941,chr2,12927000,12930000,ESC_enriched,3,0.9975398004733886
1942,chr2,13492000,13493000,ESC_enriched,1,0.9779512900822802
1943,chr2,14521000,14525000,ESC_enriched,4,0.9998267512657103
1944,chr2,17943000,17946000,ESC_enriched,3,0.9926857634257672
1945,chr2,17948000,17952000,ESC_enriched,4,0.9893828251649142
1946,chr2,17954000,17968000,ESC_enriched,14,0.998474645663751
1947,chr2,18522000,18528000,ESC_enriched,6,0.9942379270528469
1948,chr2,18589000,18594000,ESC_enriched,5,0.9934828314199576
1949,chr2,18597000,18602000,ESC_enriched,5,0.9890674137503677
1950,chr2,18605000,18619000,ESC_enriched,14,0.9986368579231039
1951,chr2,18717000,18720000,ESC_enriched,3,0.9999339648355191
1952,chr2,18914000,18916000,ESC_enriched,2,0.9938978017722903
1953,chr2,21059000,21062000,ESC_enriched,3,0.9849669696578863
1954,chr2,21286000,21290000,ESC_enriched,4,0.9842218136913181
1955,chr2,22469000,22477000,ESC_enriched,8,0.9904919040043337
1956,chr2,22625000,22627000,ESC_enriched,2,0.9999432879401378
1957,chr2,24226000,24228000,ESC_enriched,2,0.9598020137123935
1958,chr2,24295000,24303000,ESC_enriched,8,0.9962751252149097
1959,chr2,24427000,24432000,ESC_enriched,5,0.9880386259550858
1960,chr2,24478000,24484000,ESC_enriched,6,0.9861281067067057
1961,chr2,24500000,24506000,ESC_enriched,6,0.9889566764608099
1962,chr2,24582000,24588000,ESC_enriched,6,0.9931257136269785
1963,chr2,24877000,24885000,ESC_enriched,8,0.9969044380810885
1964,chr2,25246000,25249000,ESC_enriched,3,0.9905227665520006
1965,chr2,25398000,25402000,ESC_enriched,4,0.9947179450662729
1966,chr2,25432000,25441000,ESC_enriched,9,0.9911399360114572
1967,chr2,25685000,25689000,ESC_enriched,4,0.9888094726249061
1968,chr2,25699000,25702000,ESC_enriched,3,0.9940871334249475
1969,chr2,25913000,25916000,ESC_enriched,3,0.9760212940921195
1970,chr2,25943000,25945000,ESC_enriched,2,0.9992695546446533
1971,chr2,26138000,26142000,ESC_enriched,4,0.9802884905034259
1972,chr2,27498000,27501000,ESC_enriched,3,0.9912992940015838
1973,chr2,28268000,28271000,ESC_enriched,3,0.9852764084432114
1974,chr2,28730000,28742000,ESC_enriched,12,0.9991987164504694
1975,chr2,29017000,29019000,ESC_enriched,2,0.9869052651144983
1976,chr2,29071000,29082000,ESC_enriched,11,0.9956011455587418
1977,chr2,29665000,29671000,ESC_enriched,6,0.9932222560531877
1978,chr2,30427000,30431000,ESC_enriched,4,0.9963924819937309
1979,chr2,30437000,30440000,ESC_enriched,3,0.985987013907223
1980,chr2,30498000,30501000,ESC_enriched,3,0.9969866548434206
1981,chr2,30547000,30549000,ESC_enriched,2,0.966890560338385
1982,chr2,30592000,30594000,ESC_enriched,2,0.9946463647865738
1983,chr2,30622000,30624000,ESC_enriched,2,0.9937118773687181
1984,chr2,31065000,31070000,ESC_enriched,5,0.989271875742542
1985,chr2,31267000,31270000,NPC_enriched,3,0.9705139295481228
1986,chr2,31709000,31711000,ESC_enriched,2,0.9927942646869545
1987,chr2,31746000,31748000,ESC_enriched,2,0.9597241740221687
1988,chr2,31760000,31761000,ESC_enriched,1,0.9619423351150648
1989,chr2,31772000,31775000,ESC_enriched,3,0.976444626439447
1990,chr2,31910000,31911000,ESC_enriched,1,0.9541348380259331
1991,chr2,33365000,33369000,ESC_enriched,4,0.9947712775269387
1992,chr2,33382000,33473000,ESC_enriched,91,0.9992211266557338
1993,chr2,33788000,33790000,ESC_enriched,2,0.9888702083572558
1994,chr2,34393000,34396000,ESC_enriched,3,0.9882625024316974
1995,chr2,35077000,35080000,ESC_enriched,3,0.9964093640816948
1996,chr2,35103000,35105000,ESC_enriched,2,0.9983036960136437
1997,chr2,35373000,35380000,ESC_enriched,7,0.9887940690341918
1998,chr2,35403000,35414000,ESC_enriched,11,0.9943988373609698
1999,chr2,35575000,35582000,ESC_enriched,7,0.9806415219875341
2000,chr2,35702000,35703000,ESC_enriched,1,0.9828359458370678
2001,chr2,35716000,35722000,ESC_enriched,6,0.9868953934901677
2002,chr2,35833000,35836000,ESC_enriched,3,0.9896827251477539
2003,chr2,35923000,35925000,ESC_enriched,2,0.9979317979701616
2004,chr2,36017000,36035000,ESC_enriched,18,0.9950096063512847
2005,chr2,37599000,37601000,ESC_enriched,2,0.9781357689157701
2006,chr2,37605000,37620000,ESC_enriched,15,0.994280147137573
2007,chr2,38157000,38163000,ESC_enriched,6,0.9860299160669165
2008,chr2,38169000,38187000,ESC_enriched,18,0.999078387936183
2009,chr2,38189000,38202000,ESC_enriched,13,0.9930683918727976
2010,chr2,38480000,38481000,ESC_enriched,1,0.9738725124583317
2011,chr2,38514000,38538000,ESC_enriched,24,0.997082253593106
2012,chr2,42474000,42476000,ESC_enriched,2,0.9999840787512662
2013,chr2,44356000,44359000,ESC_enriched,3,0.9793797221184398
2014,chr2,44378000,44383000,ESC_enriched,5,0.9936645948862237
2015,chr2,44810000,44812000,ESC_enriched,2,0.9878273170361045
2016,chr2,44927000,44939000,ESC_enriched,12,0.9968020025455142
2017,chr2,49394000,49398000,NPC_enriched,4,0.9851439172373765
2018,chr2,49451000,49457000,NPC_enriched,6,0.9807961648906782
2019,chr2,49459000,49485000,NPC_enriched,26,0.9979312678423603
2020,chr2,49608000,49612000,ESC_enriched,4,0.9899901997430401
2021,chr2,50086000,50087000,ESC_enriched,1,0.9553638617812042
2022,chr2,51756000,51758000,ESC_enriched,2,0.999323138808171
2023,chr2,51794000,51795000,ESC_enriched,1,0.9594734370147014
2024,chr2,52188000,52190000,ESC_enriched,2,0.9788503303675072
2025,chr2,52496000,52501000,ESC_enriched,5,0.9805993456746757
2026,chr2,53900000,53901000,ESC_enriched,1,0.9951547759425212
2027,chr2,54049000,54052000,NPC_enriched,3,0.9922851682116005
2028,chr2,55250000,55254000,ESC_enriched,4,0.9995605471349845
2029,chr2,56915000,56933000,ESC_enriched,18,0.9980286849054563
2030,chr2,58172000,58175000,ESC_enriched,3,0.9864193912199433
2031,chr2,60083000,60087000,ESC_enriched,4,0.98785885614967
2032,chr2,61456000,61459000,ESC_enriched,3,0.9932495780697593
2033,chr2,61460000,61461000,ESC_enriched,1,0.9523396643100756
2034,chr2,61604000,61617000,ESC_enriched,13,0.9998332547184569
2035,chr2,62212000,62214000,ESC_enriched,2,0.9896404783286887
2036,chr2,64821000,64824000,ESC_enriched,3,0.9907853842343437
2037,chr2,65038000,65041000,ESC_enriched,3,0.9956279873480948
2038,chr2,68269000,68274000,ESC_enriched,5,0.9809917309767655
2039,chr2,68882000,68894000,NPC_enriched,12,0.9906841451735628
2040,chr2,70272000,70279000,ESC_enriched,7,0.9999788647876172
2041,chr2,70291000,70292000,ESC_enriched,1,0.9936783910529591
2042,chr2,70364000,70375000,ESC_enriched,11,0.996814346627606
2043,chr2,70918000,70922000,ESC_enriched,4,0.9950398214590346
2044,chr2,71324000,71355000,ESC_enriched,31,0.9956070174679905
2045,chr2,71780000,71783000,ESC_enriched,3,0.9888686529175339
2046,chr2,72300000,72302000,ESC_enriched,2,0.9970945546567362
2047,chr2,73064000,73083000,ESC_enriched,19,0.9996596761022326
2048,chr2,73396000,73398000,ESC_enriched,2,0.9915091131630203
2049,chr2,74229000,74233000,NPC_enriched,4,0.9737528123636816
2050,chr2,74475000,74477000,ESC_enriched,2,0.9991500871344814
2051,chr2,74497000,74507000,ESC_enriched,10,0.9912608012673232
2052,chr2,74514000,74520000,ESC_enriched,6,0.9811976869807296
2053,chr2,74521000,74557000,ESC_enriched,36,0.9955619177785514
2054,chr2,76138000,76141000,ESC_enriched,3,0.9978060172245856
2055,chr2,76206000,76209000,ESC_enriched,3,0.9801993504655465
2056,chr2,79056000,79058000,ESC_enriched,2,0.9954096329496487
2057,chr2,79256000,79262000,ESC_enriched,6,0.9982990232233954
2058,chr2,80246000,80249000,ESC_enriched,3,0.998906543988405
2059,chr2,83613000,83614000,ESC_enriched,1,0.9591677208699955
2060,chr2,84635000,84643000,ESC_enriched,8,0.9909926237501425
2061,chr2,84667000,84690000,ESC_enriched,23,0.9952995667651214
2062,chr2,90378000,90381000,ESC_enriched,3,0.9919034962352464
2063,chr2,90684000,90687000,ESC_enriched,3,0.9623918934462172
2064,chr2,90689000,90693000,ESC_enriched,4,0.9991355989359798
2065,chr2,90879000,90889000,ESC_enriched,10,0.9924033054494856
2066,chr2,90897000,90899000,ESC_enriched,2,0.9860859543018927
2067,chr2,90932000,90935000,ESC_enriched,3,0.9803527522540719
2068,chr2,90991000,90995000,ESC_enriched,4,0.9887001722340515
2069,chr2,91055000,91058000,ESC_enriched,3,0.9837565129113376
2070,chr2,91259000,91261000,ESC_enriched,2,0.9755784063906352
2071,chr2,91721000,91730000,ESC_enriched,9,0.9989573708393935
2072,chr2,91775000,91778000,ESC_enriched,3,0.9958107109087928
2073,chr2,91855000,91857000,ESC_enriched,2,0.9601758583467608
2074,chr2,91859000,91862000,ESC_enriched,3,0.986756718876736
2075,chr2,92260000,92262000,ESC_enriched,2,0.9798827271148061
2076,chr2,92413000,92416000,ESC_enriched,3,0.9942435293855048
2077,chr2,92775000,92778000,ESC_enriched,3,0.9966179906435343
2078,chr2,93261000,93263000,ESC_enriched,2,0.9765099893005261
2079,chr2,93439000,93451000,ESC_enriched,12,0.9971587699686574
2080,chr2,93755000,93760000,ESC_enriched,5,0.9995657537706633
2081,chr2,94036000,94052000,ESC_enriched,16,0.9927797294393708
2082,chr2,94065000,94068000,ESC_enriched,3,0.9632519818347719
2083,chr2,94073000,94077000,ESC_enriched,4,0.9892723589067804
2084,chr2,99037000,99041000,NPC_enriched,4,0.9622232331263689
2085,chr2,100970000,100973000,NPC_enriched,3,0.992873548211478
2086,chr2,100974000,100981000,NPC_enriched,7,0.9935651308107882
2087,chr2,101596000,101599000,ESC_enriched,3,0.9988372309166657
2088,chr2,102250000,102252000,ESC_enriched,2,0.9986904762084803
2089,chr2,102458000,102462000,ESC_enriched,4,0.9917907247448414
2090,chr2,102701000,102703000,ESC_enriched,2,0.9912284913279497
2091,chr2,103367000,103369000,ESC_enriched,2,0.9962152126531905
2092,chr2,103682000,103684000,ESC_enriched,2,0.9712200766008385
2093,chr2,103770000,103774000,ESC_enriched,4,0.9986271006802508
2094,chr2,104482000,104483000,ESC_enriched,1,0.9802782363285907
2095,chr2,104923000,104939000,ESC_enriched,16,0.998811485391216
2096,chr2,105025000,105026000,ESC_enriched,1,0.9734636103465654
2097,chr2,105172000,105175000,ESC_enriched,3,0.9700170016320211
2098,chr2,105457000,105491000,ESC_enriched,34,0.9979918651082178
2099,chr2,106496000,106498000,ESC_enriched,2,0.982268792697758
2100,chr2,109494000,109496000,ESC_enriched,2,0.996870252229876
2101,chr2,110894000,110897000,NPC_enriched,3,0.9853109716559639
2102,chr2,110932000,110935000,NPC_enriched,3,0.985547383576204
2103,chr2,110945000,110948000,NPC_enriched,3,0.9873783982320704
2104,chr2,111033000,111036000,NPC_enriched,3,0.9966375368654838
2105,chr2,113017000,113019000,ESC_enriched,2,0.9811717345796932
2106,chr2,115542000,115554000,ESC_enriched,12,0.9926492581572589
2107,chr2,115748000,115750000,ESC_enriched,2,0.9753912121449154
2108,chr2,115751000,115770000,ESC_enriched,19,0.998547020380415
2109,chr2,116244000,116251000,ESC_enriched,7,0.9970364653905752
2110,chr2,117032000,117036000,ESC_enriched,4,0.9983375386621761
2111,chr2,118062000,118068000,ESC_enriched,6,0.9949654351002194
2112,chr2,118366000,118375000,ESC_enriched,9,0.9913849777889617
2113,chr2,118387000,118412000,ESC_enriched,25,0.9973705008094433
2114,chr2,118414000,118418000,ESC_enriched,4,0.9741627808186336
2115,chr2,118435000,118442000,ESC_enriched,7,0.9977514977845379
2116,chr2,118448000,118455000,ESC_enriched,7,0.9942255313132329
2117,chr2,118480000,118484000,ESC_enriched,4,0.9976422432392377
2118,chr2,118579000,118596000,ESC_enriched,17,0.9969615906470025
2119,chr2,118607000,118608000,ESC_enriched,1,0.9811422558437634
2120,chr2,118664000,118671000,ESC_enriched,7,0.9963035678131681
2121,chr2,119014000,119016000,ESC_enriched,2,0.975034065174623
2122,chr2,119434000,119438000,ESC_enriched,4,0.992382046658853
2123,chr2,119450000,119453000,ESC_enriched,3,0.9921266899758433
2124,chr2,119769000,119773000,ESC_enriched,4,0.9748039862110235
2125,chr2,119936000,119937000,ESC_enriched,1,0.9906256207961308
2126,chr2,120987000,120993000,ESC_enriched,6,0.9834446804403547
2127,chr2,121048000,121051000,NPC_enriched,3,0.9855614652834292
2128,chr2,121982000,122000000,ESC_enriched,18,0.9950240552863627
2129,chr2,122003000,122011000,ESC_enriched,8,0.9840191023926581
2130,chr2,122159000,122160000,ESC_enriched,1,0.9646793396520198
2131,chr2,122300000,122303000,ESC_enriched,3,0.9809982057697294
2132,chr2,123781000,123783000,ESC_enriched,2,0.9999929967428607
2133,chr2,124300000,124304000,ESC_enriched,4,0.9957288722243526
2134,chr2,125196000,125199000,ESC_enriched,3,0.9996807338767306
2135,chr2,125364000,125365000,ESC_enriched,1,0.9679239484129788
2136,chr2,125410000,125425000,ESC_enriched,15,0.9961482861098773
2137,chr2,127019000,127030000,ESC_enriched,11,0.9908955492696593
2138,chr2,127116000,127119000,ESC_enriched,3,0.9863771127799753
2139,chr2,127171000,127180000,ESC_enriched,9,0.9979889783243946
2140,chr2,127194000,127199000,ESC_enriched,5,0.9799217605534315
2141,chr2,127202000,127205000,ESC_enriched,3,0.9885526888092846
2142,chr2,127213000,127214000,ESC_enriched,1,0.9922288166058689
2143,chr2,127231000,127233000,ESC_enriched,2,0.9994314463111357
2144,chr2,127421000,127423000,ESC_enriched,2,0.9622482045724574
2145,chr2,127814000,127817000,ESC_enriched,3,0.9928970716286939
2146,chr2,128554000,128558000,ESC_enriched,4,0.9967613061930819
2147,chr2,128564000,128567000,ESC_enriched,3,0.9890031233938396
2148,chr2,128728000,128733000,ESC_enriched,5,0.9923867028636666
2149,chr2,129282000,129287000,ESC_enriched,5,0.9934891505122774
2150,chr2,129985000,130000000,ESC_enriched,15,0.9955240431943595
2151,chr2,130051000,130059000,ESC_enriched,8,0.9978633555030542
2152,chr2,130265000,130277000,ESC_enriched,12,0.9941783941619574
2153,chr2,130325000,130334000,ESC_enriched,9,0.9940815334677594
2154,chr2,130728000,130736000,ESC_enriched,8,0.9918124510656041
2155,chr2,130744000,130749000,ESC_enriched,5,0.9917057372985051
2156,chr2,130753000,130758000,ESC_enriched,5,0.9913569807517095
2157,chr2,130764000,130768000,ESC_enriched,4,0.9905350256764116
2158,chr2,130817000,130820000,ESC_enriched,3,0.9861570744724387
2159,chr2,130833000,130837000,ESC_enriched,4,0.9980205587575308
2160,chr2,130863000,130865000,ESC_enriched,2,0.9886030231100615
2161,chr2,131184000,131186000,ESC_enriched,2,0.988212886951327
2162,chr2,131211000,131214000,ESC_enriched,3,0.9891091130121161
2163,chr2,131237000,131245000,ESC_enriched,8,0.9987803396167001
2164,chr2,131250000,131254000,ESC_enriched,4,0.9982501447628641
2165,chr2,131644000,131645000,ESC_enriched,1,0.9855842791795953
2166,chr2,131719000,131724000,ESC_enriched,5,0.9991673395191839
2167,chr2,133243000,133253000,ESC_enriched,10,0.9889532363976319
2168,chr2,135742000,135744000,ESC_enriched,2,0.9818529625114918
2169,chr2,135750000,135752000,ESC_enriched,2,0.999590081519499
2170,chr2,136806000,136808000,ESC_enriched,2,0.9976748022837385
2171,chr2,139294000,139299000,NPC_enriched,5,0.9908269918293712
2172,chr2,139368000,139370000,ESC_enriched,2,0.9694107245477707
2173,chr2,142131000,142134000,NPC_enriched,3,0.9909227007254616
2174,chr2,142387000,142393000,NPC_enriched,6,0.9853419666266415
2175,chr2,142396000,142402000,NPC_enriched,6,0.9950226998035038
2176,chr2,142425000,142429000,NPC_enriched,4,0.9932353014618749
2177,chr2,143552000,143555000,ESC_enriched,3,0.9933797046329801
2178,chr2,144858000,144861000,ESC_enriched,3,0.9911279220870007
2179,chr2,145908000,145915000,ESC_enriched,7,0.9885777953356408
2180,chr2,146518000,146533000,ESC_enriched,15,0.9953283633415722
2181,chr2,146781000,146786000,NPC_enriched,5,0.9922775266531858
2182,chr2,146865000,146894000,ESC_enriched,29,0.9972675690945918
2183,chr2,147071000,147074000,NPC_enriched,3,0.9749946130280832
2184,chr2,147140000,147143000,NPC_enriched,3,0.9723696668333789
2185,chr2,147167000,147169000,NPC_enriched,2,0.9779338925959373
2186,chr2,147173000,147177000,NPC_enriched,4,0.9599132819066296
2187,chr2,147184000,147192000,NPC_enriched,8,0.9927002155537019
2188,chr2,147220000,147230000,NPC_enriched,10,0.9971210086109157
2189,chr2,147351000,147355000,NPC_enriched,4,0.9924090144119426
2190,chr2,147719000,147741000,ESC_enriched,22,0.9990573662182128
2191,chr2,148086000,148090000,ESC_enriched,4,0.998379341130724
2192,chr2,148097000,148100000,ESC_enriched,3,0.9965044058698119
2193,chr2,151284000,151289000,ESC_enriched,5,0.9907047184905377
2194,chr2,151292000,151293000,ESC_enriched,1,0.9512524991561265
2195,chr2,151323000,151326000,ESC_enriched,3,0.9886232440384483
2196,chr2,151392000,151401000,ESC_enriched,9,0.9914324093095244
2197,chr2,151604000,151608000,ESC_enriched,4,0.9820561646171049
2198,chr2,152318000,152321000,ESC_enriched,3,0.969737084179421
2199,chr2,152324000,152329000,ESC_enriched,5,0.9927777266558797
2200,chr2,152825000,152831000,NPC_enriched,6,0.9846539674447508
2201,chr2,153134000,153140000,ESC_enriched,6,0.9796860155290376
2202,chr2,153222000,153225000,ESC_enriched,3,0.9619768431904631
2203,chr2,154091000,154096000,NPC_enriched,5,0.9961528670846155
2204,chr2,154241000,154245000,ESC_enriched,4,0.9862090316128596
2205,chr2,155197000,155198000,ESC_enriched,1,0.9689006976089892
2206,chr2,155319000,155326000,ESC_enriched,7,0.9972364803205647
2207,chr2,155736000,155741000,ESC_enriched,5,0.9876634782698209
2208,chr2,155756000,155758000,ESC_enriched,2,0.9839232208032238
2209,chr2,156467000,156468000,ESC_enriched,1,0.9953248239306667
2210,chr2,156731000,156733000,ESC_enriched,2,0.9757938809941584
2211,chr2,156768000,156770000,ESC_enriched,2,0.9920930538645507
2212,chr2,156771000,156775000,ESC_enriched,4,0.9995166783299325
2213,chr2,157197000,157200000,ESC_enriched,3,0.9616858648911492
2214,chr2,157592000,157593000,ESC_enriched,1,0.9838304596242772
2215,chr2,158301000,158307000,ESC_enriched,6,0.998854154060242
2216,chr2,158359000,158362000,ESC_enriched,3,0.9931409723872727
2217,chr2,158756000,158762000,ESC_enriched,6,0.9934630524960447
2218,chr2,160050000,160059000,ESC_enriched,9,0.9965928809642739
2219,chr2,160228000,160229000,ESC_enriched,1,0.9570518949902189
2220,chr2,160471000,160474000,ESC_enriched,3,0.9939110280880189
2221,chr2,160599000,160606000,ESC_enriched,7,0.9985451715789546
2222,chr2,161257000,161269000,NPC_enriched,12,0.9857627840386525
2223,chr2,161349000,161363000,NPC_enriched,14,0.9983525310410346
2224,chr2,162893000,162898000,ESC_enriched,5,0.9970810416208596
2225,chr2,163066000,163069000,ESC_enriched,3,0.9998337400082482
2226,chr2,163632000,163633000,ESC_enriched,1,0.963541170789613
2227,chr2,163854000,163863000,ESC_enriched,9,0.9948809291137432
2228,chr2,164082000,164099000,ESC_enriched,17,0.9958940900551362
2229,chr2,164105000,164107000,ESC_enriched,2,0.9896692827527371
2230,chr2,164177000,164179000,ESC_enriched,2,0.9999702932094714
2231,chr2,164467000,164470000,ESC_enriched,3,0.9958403678292864
2232,chr2,164549000,164553000,NPC_enriched,4,0.9882622683104859
2233,chr2,164640000,164642000,ESC_enriched,2,0.9996191832494504
2234,chr2,164685000,164690000,ESC_enriched,5,0.9941794308447088
2235,chr2,164800000,164808000,ESC_enriched,8,0.9896340129555081
2236,chr2,164832000,164838000,ESC_enriched,6,0.9900428171509029
2237,chr2,164855000,164873000,ESC_enriched,18,0.9930831690046555
2238,chr2,164885000,164889000,ESC_enriched,4,0.9944332839722945
2239,chr2,164904000,164908000,ESC_enriched,4,0.9696644168320905
2240,chr2,164920000,164931000,ESC_enriched,11,0.9908488650531541
2241,chr2,165163000,165165000,ESC_enriched,2,0.9934246733839771
2242,chr2,165194000,165197000,ESC_enriched,3,0.9979362419980361
2243,chr2,166795000,166798000,ESC_enriched,3,0.9839194133713683
2244,chr2,166836000,166840000,ESC_enriched,4,0.9795666316074566
2245,chr2,166878000,166883000,ESC_enriched,5,0.9942532137660182
2246,chr2,167218000,167235000,ESC_enriched,17,0.9853362329239213
2247,chr2,167251000,167257000,ESC_enriched,6,0.992124022361752
2248,chr2,167771000,167775000,NPC_enriched,4,0.9668934297364031
2249,chr2,167952000,167955000,ESC_enriched,3,0.9833895904703877
2250,chr2,167959000,167961000,ESC_enriched,2,0.9755748214454547
2251,chr2,167967000,167972000,ESC_enriched,5,0.9870615153699831
2252,chr2,168453000,168462000,NPC_enriched,9,0.9935329604607614
2253,chr2,169576000,169580000,ESC_enriched,4,0.9892321485562453
2254,chr2,170014000,170019000,ESC_enriched,5,0.9883142184505143
2255,chr2,170101000,170103000,ESC_enriched,2,0.9926772423404664
2256,chr2,170177000,170191000,ESC_enriched,14,0.9943298663827014
2257,chr2,170423000,170425000,ESC_enriched,2,0.9946681499624723
2258,chr2,170465000,170467000,ESC_enriched,2,0.9801927711461652
2259,chr2,170556000,170557000,ESC_enriched,1,0.9991109889807428
2260,chr2,172369000,172384000,ESC_enriched,15,0.9915051134159799
2261,chr2,172385000,172386000,ESC_enriched,1,0.9593548575400116
2262,chr2,172432000,172433000,ESC_enriched,1,0.9525549953125879
2263,chr2,172577000,172581000,ESC_enriched,4,0.9908614816696284
2264,chr2,172761000,172764000,ESC_enriched,3,0.9901992931398377
2265,chr2,172814000,172816000,ESC_enriched,2,0.9999849425532865
2266,chr2,173158000,173160000,ESC_enriched,2,0.9965509441936329
2267,chr2,173227000,173231000,ESC_enriched,4,0.9862356985741665
2268,chr2,173969000,173973000,ESC_enriched,4,0.9879070954987021
2269,chr2,174287000,174289000,ESC_enriched,2,0.957828767213678
2270,chr2,174402000,174405000,ESC_enriched,3,0.9970252316998054
2271,chr2,174495000,174498000,ESC_enriched,3,0.9721190614615671
2272,chr2,178050000,178052000,ESC_enriched,2,0.9902740731783914
2273,chr2,178260000,178271000,NPC_enriched,11,0.9927055922501412
2274,chr2,178282000,178289000,NPC_enriched,7,0.9942961900549883
2275,chr2,178290000,178295000,NPC_enriched,5,0.9955103599671418
2276,chr2,178301000,178305000,NPC_enriched,4,0.9879306650487969
2277,chr2,178310000,178317000,NPC_enriched,7,0.9984519459451285
2278,chr2,178319000,178325000,NPC_enriched,6,0.9982954312268104
2279,chr2,178327000,178329000,NPC_enriched,2,0.9759126505459612
2280,chr2,178331000,178334000,NPC_enriched,3,0.9957379297845556
2281,chr2,178341000,178346000,ESC_enriched,5,0.9903853173384871
2282,chr2,179370000,179376000,ESC_enriched,6,0.9957382789523628
2283,chr2,179761000,179766000,ESC_enriched,5,0.9867052824328312
2284,chr2,179949000,179954000,ESC_enriched,5,0.9923111883458935
2285,chr2,180429000,180432000,ESC_enriched,3,0.9939510834718585
2286,chr2,180526000,180532000,ESC_enriched,6,0.9909236734402155
2287,chr2,181085000,181088000,ESC_enriched,3,0.9931611848193276
2288,chr2,181140000,181143000,ESC_enriched,3,0.9977513212525126
2289,chr2,181235000,181237000,ESC_enriched,2,0.9949392966709485
2290,chr2,181386000,181395000,ESC_enriched,9,0.9926792262871599
2291,chr2,181625000,181627000,ESC_enriched,2,0.9854088584614704
2292,chr3,5198000,5203000,ESC_enriched,5,0.9818692572810868
2293,chr3,5736000,5742000,NPC_enriched,6,0.9957997846938141
2294,chr3,8489000,8499000,NPC_enriched,10,0.9958958543426265
2295,chr3,8648000,8650000,ESC_enriched,2,0.9855857991591714
2296,chr3,8750000,8754000,ESC_enriched,4,0.9951480117601168
2297,chr3,9995000,9996000,ESC_enriched,1,0.9695062757699485
2298,chr3,13462000,13466000,NPC_enriched,4,0.9961215909136515
2299,chr3,14863000,14865000,ESC_enriched,2,0.9816887498055009
2300,chr3,17515000,17523000,NPC_enriched,8,0.9916271623666215
2301,chr3,17810000,17816000,NPC_enriched,6,0.9974110005576743
2302,chr3,17978000,17981000,ESC_enriched,3,0.9986080336272841
2303,chr3,18013000,18016000,NPC_enriched,3,0.9689729367667756
2304,chr3,20345000,20348000,ESC_enriched,3,0.9835006222334978
2305,chr3,26344000,26345000,ESC_enriched,1,0.965649805350621
2306,chr3,26522000,26526000,ESC_enriched,4,0.9971050168402267
2307,chr3,27563000,27564000,ESC_enriched,1,0.998227725190086
2308,chr3,28129000,28131000,ESC_enriched,2,0.9847657431357939
2309,chr3,28452000,28456000,ESC_enriched,4,0.9926944694501398
2310,chr3,30695000,30707000,ESC_enriched,12,0.9987527013323388
2311,chr3,31339000,31342000,ESC_enriched,3,0.9946843407617519
2312,chr3,34831000,34834000,ESC_enriched,3,0.9991050139863388
2313,chr3,36412000,36417000,ESC_enriched,5,0.9923855471664209
2314,chr3,36711000,36716000,ESC_enriched,5,0.9882068016589278
2315,chr3,36881000,36884000,ESC_enriched,3,0.9985647275534694
2316,chr3,37254000,37256000,ESC_enriched,2,0.974933924824041
2317,chr3,37540000,37542000,ESC_enriched,2,0.9971126516915275
2318,chr3,39076000,39082000,ESC_enriched,6,0.997208131667619
2319,chr3,40721000,40724000,ESC_enriched,3,0.9922984879517375
2320,chr3,40804000,40807000,ESC_enriched,3,0.9869038263843825
2321,chr3,45472000,45479000,ESC_enriched,7,0.9947574703717076
2322,chr3,49852000,49854000,ESC_enriched,2,0.9900285615207836
2323,chr3,51650000,51653000,ESC_enriched,3,0.9898615648844787
2324,chr3,51788000,51790000,ESC_enriched,2,0.9715091617049773
2325,chr3,52094000,52095000,ESC_enriched,1,0.9601367504963984
2326,chr3,52124000,52126000,ESC_enriched,2,0.972324899812645
2327,chr3,52191000,52193000,ESC_enriched,2,0.9957221224081667
2328,chr3,52299000,52301000,ESC_enriched,2,0.9720680252639726
2329,chr3,53129000,53132000,ESC_enriched,3,0.9972108572161694
2330,chr3,53740000,53744000,ESC_enriched,4,0.9962129276143266
2331,chr3,54721000,54723000,ESC_enriched,2,0.9905424082359202
2332,chr3,54840000,54849000,ESC_enriched,9,0.9855842976902698
2333,chr3,54885000,54886000,ESC_enriched,1,0.9763407359995299
2334,chr3,55867000,55875000,ESC_enriched,8,0.9993234781985763
2335,chr3,58778000,58782000,ESC_enriched,4,0.9969014947341295
2336,chr3,58899000,58904000,ESC_enriched,5,0.9726111358526823
2337,chr3,61091000,61093000,ESC_enriched,2,0.9872876582330744
2338,chr3,62427000,62429000,ESC_enriched,2,0.9999741315594104
2339,chr3,62690000,62693000,ESC_enriched,3,0.9906104398619049
2340,chr3,65195000,65198000,ESC_enriched,3,0.9954599812901531
2341,chr3,66307000,66312000,ESC_enriched,5,0.9901739640455649
2342,chr3,67029000,67033000,NPC_enriched,4,0.9788849849024635
2343,chr3,67066000,67069000,ESC_enriched,3,0.9879746259544393
2344,chr3,67462000,67464000,ESC_enriched,2,0.9803398179747425
2345,chr3,67602000,67605000,ESC_enriched,3,0.993527548743848
2346,chr3,68154000,68159000,NPC_enriched,5,0.9956910840087596
2347,chr3,69405000,69407000,ESC_enriched,2,0.9998996953066005
2348,chr3,69948000,69950000,ESC_enriched,2,0.9915490436920795
2349,chr3,73140000,73144000,ESC_enriched,4,0.9996667678424919
2350,chr3,76041000,76044000,ESC_enriched,3,0.9867429201510941
2351,chr3,77027000,77032000,NPC_enriched,5,0.9884219203708271
2352,chr3,77036000,77037000,NPC_enriched,1,0.9512715322370662
2353,chr3,80886000,80889000,ESC_enriched,3,0.9975309783625175
2354,chr3,80999000,81001000,ESC_enriched,2,0.9908281326201331
2355,chr3,82160000,82161000,ESC_enriched,1,0.9748140043730087
2356,chr3,82230000,82232000,ESC_enriched,2,0.9991937573596321
2357,chr3,82633000,82635000,ESC_enriched,2,0.9999984837852787
2358,chr3,83214000,83217000,ESC_enriched,3,0.9970920866519424
2359,chr3,83597000,83598000,NPC_enriched,1,0.9531952884965356
2360,chr3,83849000,83855000,ESC_enriched,6,0.9938777388513248
2361,chr3,84390000,84391000,ESC_enriched,1,0.9545598638181396
2362,chr3,84564000,84569000,ESC_enriched,5,0.997721820121796
2363,chr3,85972000,85974000,ESC_enriched,2,0.9809865958208226
2364,chr3,86632000,86635000,ESC_enriched,3,0.9840918804841386
2365,chr3,87831000,87845000,ESC_enriched,14,0.9963511248642783
2366,chr3,87850000,87855000,ESC_enriched,5,0.9813701192196709
2367,chr3,87863000,87869000,ESC_enriched,6,0.9954703467693501
2368,chr3,87883000,87902000,ESC_enriched,19,0.9923828106999174
2369,chr3,87935000,87937000,ESC_enriched,2,0.9963628132660965
2370,chr3,88033000,88046000,ESC_enriched,13,0.9899409242811642
2371,chr3,88056000,88060000,ESC_enriched,4,0.9982776419435943
2372,chr3,88061000,88073000,ESC_enriched,12,0.9972279705013896
2373,chr3,88076000,88091000,ESC_enriched,15,0.9963453057243308
2374,chr3,88108000,88112000,ESC_enriched,4,0.9953349766712033
2375,chr3,88283000,88307000,ESC_enriched,24,0.997923746435654
2376,chr3,88324000,88329000,ESC_enriched,5,0.9959264357905422
2377,chr3,88339000,88342000,ESC_enriched,3,0.9994660382702363
2378,chr3,88451000,88453000,ESC_enriched,2,0.9900344766793434
2379,chr3,89174000,89176000,ESC_enriched,2,0.9972312191050539
2380,chr3,89231000,89236000,ESC_enriched,5,0.9868541491630726
2381,chr3,89321000,89326000,ESC_enriched,5,0.9940672184341697
2382,chr3,89404000,89409000,ESC_enriched,5,0.9994085595830704
2383,chr3,90548000,90553000,ESC_enriched,5,0.9819980126258422
2384,chr3,92165000,92171000,ESC_enriched,6,0.994998478258371
2385,chr3,94447000,94451000,ESC_enriched,4,0.9981265442512646
2386,chr3,94457000,94459000,ESC_enriched,2,0.96544200859546
2387,chr3,94472000,94477000,ESC_enriched,5,0.9685407939559127
2388,chr3,94483000,94492000,ESC_enriched,9,0.9944696208081167
2389,chr3,94497000,94499000,ESC_enriched,2,0.9948721317001958
2390,chr3,94564000,94567000,ESC_enriched,3,0.9745226108422381
2391,chr3,95256000,95260000,ESC_enriched,4,0.9945949984469492
2392,chr3,95645000,95646000,ESC_enriched,1,0.9558742360093943
2393,chr3,95988000,95990000,ESC_enriched,2,0.9815635885760212
2394,chr3,96058000,96063000,ESC_enriched,5,0.9846185235564942
2395,chr3,96075000,96083000,ESC_enriched,8,0.9949434096884301
2396,chr3,96270000,96272000,ESC_enriched,2,0.9797062121223528
2397,chr3,96560000,96561000,ESC_enriched,1,0.9720321589879124
2398,chr3,96612000,96614000,ESC_enriched,2,0.9624224729054458
2399,chr3,96683000,96685000,ESC_enriched,2,0.9922071001644606
2400,chr3,97951000,97955000,ESC_enriched,4,0.973917526478674
2401,chr3,98467000,98471000,ESC_enriched,4,0.9881705721355085
2402,chr3,98512000,98515000,ESC_enriched,3,0.9999610993702183
2403,chr3,99364000,99366000,ESC_enriched,2,0.9979318065172412
2404,chr3,99368000,99391000,ESC_enriched,23,0.9998011749569821
2405,chr3,102052000,102053000,ESC_enriched,1,0.9559360975779222
2406,chr3,102139000,102147000,ESC_enriched,8,0.9961393611650496
2407,chr3,102600000,102604000,ESC_enriched,4,0.9814685123221567
2408,chr3,102863000,102866000,ESC_enriched,3,0.9997119274033549
2409,chr3,103064000,103067000,ESC_enriched,3,0.9854764829699129
2410,chr3,103705000,103709000,ESC_enriched,4,0.9971626942363707
2411,chr3,103863000,103865000,ESC_enriched,2,0.9791393338831864
2412,chr3,104902000,104905000,ESC_enriched,3,0.9611005286320783
2413,chr3,105087000,105096000,ESC_enriched,9,0.9956418345727683
2414,chr3,105579000,105588000,ESC_enriched,9,0.9989398220859874
2415,chr3,106137000,106147000,NPC_enriched,10,0.9784860612602998
2416,chr3,106289000,106294000,NPC_enriched,5,0.9933986543260183
2417,chr3,106331000,106333000,NPC_enriched,2,0.9568441603366229
2418,chr3,106337000,106341000,NPC_enriched,4,0.9870584881683487
2419,chr3,106354000,106358000,NPC_enriched,4,0.992213291039705
2420,chr3,106585000,106589000,NPC_enriched,4,0.9932085610645713
2421,chr3,107230000,107232000,ESC_enriched,2,0.9959414758573222
2422,chr3,107713000,107716000,ESC_enriched,3,0.9746430691210887
2423,chr3,107721000,107729000,ESC_enriched,8,0.9989915214878714
2424,chr3,107887000,107889000,ESC_enriched,2,0.9994194454676171
2425,chr3,108023000,108025000,ESC_enriched,2,0.9726288443819227
2426,chr3,108520000,108532000,ESC_enriched,12,0.9924493698889533
2427,chr3,108534000,108537000,ESC_enriched,3,0.9915131071654538
2428,chr3,108542000,108547000,ESC_enriched,5,0.9896709259180186
2429,chr3,109068000,109070000,ESC_enriched,2,0.9996046878269617
2430,chr3,109155000,109156000,ESC_enriched,1,0.9743325330257848
2431,chr3,109250000,109252000,ESC_enriched,2,0.9746006055188073
2432,chr3,109468000,109473000,ESC_enriched,5,0.9881822789262962
2433,chr3,114689000,114691000,NPC_enriched,2,0.9827929963591724
2434,chr3,116245000,116246000,ESC_enriched,1,0.9948799061888403
2435,chr3,116321000,116322000,ESC_enriched,1,0.9691045264280234
2436,chr3,117351000,117354000,ESC_enriched,3,0.9675741097188536
2437,chr3,121253000,121256000,ESC_enriched,3,0.9761543823476737
2438,chr3,123438000,123440000,ESC_enriched,2,0.9792672438218033
2439,chr3,124313000,124314000,ESC_enriched,1,0.9747458090918301
2440,chr3,126355000,126357000,ESC_enriched,2,0.9992953760619305
2441,chr3,127152000,127155000,ESC_enriched,3,0.9886653385572993
2442,chr3,127781000,127784000,ESC_enriched,3,0.9957668791599806
2443,chr3,129193000,129204000,ESC_enriched,11,0.9931552198495667
2444,chr3,129206000,129219000,ESC_enriched,13,0.9971315589634138
2445,chr3,129961000,129963000,ESC_enriched,2,0.9749790575639321
2446,chr3,130168000,130171000,ESC_enriched,3,0.9903497687849655
2447,chr3,130934000,130936000,ESC_enriched,2,0.9976413872112687
2448,chr3,131094000,131106000,ESC_enriched,12,0.9975176657910908
2449,chr3,131133000,131135000,ESC_enriched,2,0.9562565444026802
2450,chr3,132022000,132025000,ESC_enriched,3,0.9998028602038992
2451,chr3,132800000,132802000,ESC_enriched,2,0.9968064211682861
2452,chr3,132886000,132889000,ESC_enriched,3,0.9811340574769742
2453,chr3,134173000,134179000,ESC_enriched,6,0.996500912938321
2454,chr3,134330000,134332000,NPC_enriched,2,0.9684042084736892
2455,chr3,134766000,134768000,ESC_enriched,2,0.9974563372016845
2456,chr3,135762000,135768000,ESC_enriched,6,0.9967058042999449
2457,chr3,137560000,137562000,ESC_enriched,2,0.9823949143123833
2458,chr3,138002000,138008000,ESC_enriched,6,0.9957704089158899
2459,chr3,138678000,138680000,ESC_enriched,2,0.9894779881246343
2460,chr3,141402000,141405000,ESC_enriched,3,0.9977263737598165
2461,chr3,144136000,144140000,ESC_enriched,4,0.9875629142873935
2462,chr3,144333000,144335000,ESC_enriched,2,0.9974778020370584
2463,chr3,145230000,145232000,ESC_enriched,2,0.9918895884446266
2464,chr3,145570000,145572000,ESC_enriched,2,0.9836862900521438
2465,chr3,145587000,145591000,ESC_enriched,4,0.9932290260429659
2466,chr3,145695000,145698000,ESC_enriched,3,0.992019732916504
2467,chr3,146054000,146056000,ESC_enriched,2,0.999852082882748
2468,chr3,146087000,146089000,ESC_enriched,2,0.9854007382611911
2469,chr3,146622000,146624000,ESC_enriched,2,0.9998912615556335
2470,chr3,148190000,148192000,NPC_enriched,2,0.9773894942953167
2471,chr3,152043000,152046000,ESC_enriched,3,0.9823557396837224
2472,chr3,152103000,152106000,ESC_enriched,3,0.9911663531296249
2473,chr3,152606000,152607000,ESC_enriched,1,0.9650734339221201
2474,chr3,153911000,153914000,ESC_enriched,3,0.9696753676536672
2475,chr3,154699000,154700000,ESC_enriched,1,0.9824359698027015
2476,chr3,156496000,156500000,ESC_enriched,4,0.9913504889769615
2477,chr3,157502000,157505000,ESC_enriched,3,0.9791969001900637
2478,chr3,158495000,158499000,ESC_enriched,4,0.9918395983252741
2479,chr3,159775000,159777000,ESC_enriched,2,0.9931895744360952
2480,chr4,3605000,3608000,ESC_enriched,3,0.9927455402572608
2481,chr4,3824000,3847000,NPC_enriched,23,0.9949666095099896
2482,chr4,3848000,3865000,NPC_enriched,17,0.9968747819754604
2483,chr4,6916000,6919000,ESC_enriched,3,0.9932786037441387
2484,chr4,9770000,9775000,ESC_enriched,5,0.9989433009133967
2485,chr4,9785000,9787000,ESC_enriched,2,0.9888205802674275
2486,chr4,11313000,11316000,NPC_enriched,3,0.9746114859983163
2487,chr4,11628000,11634000,ESC_enriched,6,0.9880031617149515
2488,chr4,13060000,13063000,NPC_enriched,3,0.980664905227496
2489,chr4,13524000,13531000,NPC_enriched,7,0.9935911396341799
2490,chr4,13536000,13537000,NPC_enriched,1,0.9686996674604561
2491,chr4,15075000,15077000,ESC_enriched,2,0.9724946526872891
2492,chr4,17780000,17782000,ESC_enriched,2,0.9823739488600189
2493,chr4,20868000,20870000,ESC_enriched,2,0.9862025817090363
2494,chr4,21618000,21622000,NPC_enriched,4,0.9668161702851794
2495,chr4,22567000,22593000,ESC_enriched,26,0.9961321234839372
2496,chr4,27021000,27022000,NPC_enriched,1,0.9624720313917545
2497,chr4,32568000,32570000,ESC_enriched,2,0.9820551143936775
2498,chr4,33357000,33360000,ESC_enriched,3,0.9806987315277865
2499,chr4,34378000,34379000,ESC_enriched,1,0.9540763493372627
2500,chr4,41285000,41288000,ESC_enriched,3,0.9919483695416281
2501,chr4,41684000,41689000,ESC_enriched,5,0.9899315482541816
2502,chr4,41707000,41712000,ESC_enriched,5,0.9933197177100027
2503,chr4,41825000,41830000,ESC_enriched,5,0.9879369048070441
2504,chr4,43391000,43394000,ESC_enriched,3,0.983116499418157
2505,chr4,43444000,43450000,ESC_enriched,6,0.9949069104754877
2506,chr4,43474000,43477000,ESC_enriched,3,0.9973963215342575
2507,chr4,43544000,43547000,ESC_enriched,3,0.9930539162793468
2508,chr4,43652000,43656000,ESC_enriched,4,0.98962361264695
2509,chr4,45673000,45679000,ESC_enriched,6,0.9896205133374797
2510,chr4,45759000,45761000,ESC_enriched,2,0.9750519889505033
2511,chr4,45993000,45995000,ESC_enriched,2,0.9951508149279388
2512,chr4,46001000,46002000,ESC_enriched,1,0.9576874167958467
2513,chr4,46054000,46057000,ESC_enriched,3,0.9835255753362905
2514,chr4,46058000,46060000,ESC_enriched,2,0.9546171792563578
2515,chr4,46370000,46380000,ESC_enriched,10,0.9909018850403501
2516,chr4,46634000,46636000,ESC_enriched,2,0.9785330970292935
2517,chr4,47077000,47081000,ESC_enriched,4,0.997805612512698
2518,chr4,47258000,47260000,ESC_enriched,2,0.9739044237402004
2519,chr4,48060000,48075000,ESC_enriched,15,0.994436503776377
2520,chr4,49080000,49084000,ESC_enriched,4,0.9829749063134882
2521,chr4,49865000,49869000,ESC_enriched,4,0.9916971272427139
2522,chr4,52800000,52804000,NPC_enriched,4,0.9743241432943047
2523,chr4,52816000,52822000,NPC_enriched,6,0.9968777773044261
2524,chr4,52826000,52830000,NPC_enriched,4,0.9826547205597597
2525,chr4,52848000,52854000,NPC_enriched,6,0.96100901214378
2526,chr4,52862000,52864000,NPC_enriched,2,0.9888896907395994
2527,chr4,52876000,52880000,NPC_enriched,4,0.9934432837549243
2528,chr4,53900000,53901000,ESC_enriched,1,0.9696693077496775
2529,chr4,55670000,55675000,ESC_enriched,5,0.9950487670004765
2530,chr4,57528000,57529000,ESC_enriched,1,0.9699034072769406
2531,chr4,57660000,57664000,ESC_enriched,4,0.998769573091136
2532,chr4,58299000,58305000,ESC_enriched,6,0.9903544605180921
2533,chr4,59005000,59008000,ESC_enriched,3,0.989444822876497
2534,chr4,59038000,59040000,ESC_enriched,2,0.993767366775054
2535,chr4,59532000,59535000,ESC_enriched,3,0.9874608565909592
2536,chr4,60008000,60009000,ESC_enriched,1,0.9553070594011293
2537,chr4,62162000,62163000,ESC_enriched,1,0.970445468057694
2538,chr4,64336000,64339000,NPC_enriched,3,0.9918026155313567
2539,chr4,64727000,64732000,ESC_enriched,5,0.9855573700128908
2540,chr4,65888000,65893000,ESC_enriched,5,0.9949745630785631
2541,chr4,70019000,70021000,ESC_enriched,2,0.9948384293031607
2542,chr4,71251000,71256000,NPC_enriched,5,0.9994998899430397
2543,chr4,71873000,71881000,NPC_enriched,8,0.996175864505204
2544,chr4,73261000,73263000,ESC_enriched,2,0.9640335500217916
2545,chr4,73484000,73486000,ESC_enriched,2,0.9988452162593199
2546,chr4,75920000,75923000,ESC_enriched,3,0.9953244093341529
2547,chr4,80152000,80155000,NPC_enriched,3,0.9615380832677821
2548,chr4,80209000,80211000,NPC_enriched,2,0.9948521041418539
2549,chr4,82003000,82005000,ESC_enriched,2,0.9847967988036493
2550,chr4,82006000,82012000,ESC_enriched,6,0.9993991625578342
2551,chr4,84012000,84016000,NPC_enriched,4,0.9866647419689514
2552,chr4,84104000,84108000,NPC_enriched,4,0.997271546907645
2553,chr4,84984000,84988000,ESC_enriched,4,0.9886741187813206
2554,chr4,87502000,87504000,ESC_enriched,2,0.9996923713205369
2555,chr4,88403000,88409000,NPC_enriched,6,0.9947912202550864
2556,chr4,88742000,88755000,ESC_enriched,13,0.993262085756267
2557,chr4,88759000,88762000,ESC_enriched,3,0.9962668163358243
2558,chr4,88765000,88768000,ESC_enriched,3,0.9990616365793671
2559,chr4,88771000,88783000,ESC_enriched,12,0.9973045025264572
2560,chr4,94542000,94544000,ESC_enriched,2,0.9997682639830255
2561,chr4,97238000,97251000,ESC_enriched,13,0.991671950280688
2562,chr4,97267000,97270000,ESC_enriched,3,0.9968330528015855
2563,chr4,97272000,97273000,ESC_enriched,1,0.969321047584841
2564,chr4,98311000,98313000,ESC_enriched,2,0.9685360389567211
2565,chr4,100274000,100279000,ESC_enriched,5,0.9959428603611664
2566,chr4,100790000,100794000,ESC_enriched,4,0.9924810165097562
2567,chr4,102257000,102261000,ESC_enriched,4,0.9810366338268575
2568,chr4,102475000,102478000,ESC_enriched,3,0.9854949433008321
2569,chr4,103863000,103867000,ESC_enriched,4,0.9873235848137587
2570,chr4,105951000,105963000,ESC_enriched,12,0.9876529266274686
2571,chr4,106120000,106122000,ESC_enriched,2,0.9999956730020445
2572,chr4,106302000,106303000,ESC_enriched,1,0.9765169060400313
2573,chr4,106933000,106939000,ESC_enriched,6,0.9972677575418128
2574,chr4,106956000,106959000,ESC_enriched,3,0.9868036093679512
2575,chr4,107170000,107185000,ESC_enriched,15,0.9980114434950274
2576,chr4,107343000,107346000,ESC_enriched,3,0.9993485964845021
2577,chr4,107527000,107533000,ESC_enriched,6,0.9944537707731534
2578,chr4,107880000,107882000,ESC_enriched,2,0.9854506748775367
2579,chr4,108377000,108379000,ESC_enriched,2,0.9640714843163938
2580,chr4,108892000,108894000,ESC_enriched,2,0.9937141632211726
2581,chr4,108903000,108907000,ESC_enriched,4,0.9907203664975077
2582,chr4,109155000,109164000,ESC_enriched,9,0.9979008407570019
2583,chr4,109468000,109487000,ESC_enriched,19,0.9975181351427158
2584,chr4,114146000,114150000,ESC_enriched,4,0.9858835880886623
2585,chr4,114164000,114166000,ESC_enriched,2,0.9957629391558156
2586,chr4,114317000,114321000,ESC_enriched,4,0.9935369287552729
2587,chr4,114402000,114415000,ESC_enriched,13,0.9982531233688898
2588,chr4,114421000,114428000,ESC_enriched,7,0.985570672646665
2589,chr4,114554000,114562000,ESC_enriched,8,0.9975239395695059
2590,chr4,115373000,115384000,ESC_enriched,11,0.9972808204113842
2591,chr4,115388000,115392000,ESC_enriched,4,0.9869096631178225
2592,chr4,115394000,115400000,ESC_enriched,6,0.9902751668331082
2593,chr4,115415000,115418000,ESC_enriched,3,0.983183140559135
2594,chr4,115430000,115434000,ESC_enriched,4,0.9800485740998542
2595,chr4,115459000,115479000,ESC_enriched,20,0.9948337676736182
2596,chr4,117420000,117429000,ESC_enriched,9,0.9934522035568093
2597,chr4,118076000,118081000,ESC_enriched,5,0.9893120473744734
2598,chr4,118998000,119000000,ESC_enriched,2,0.9766512549797401
2599,chr4,119592000,119596000,ESC_enriched,4,0.9923115010271191
2600,chr4,119763000,119768000,ESC_enriched,5,0.9898516263302547
2601,chr4,120146000,120149000,ESC_enriched,3,0.9684617606465583
2602,chr4,120167000,120169000,ESC_enriched,2,0.9717549580322166
2603,chr4,120196000,120197000,ESC_enriched,1,0.9528211746759612
2604,chr4,120229000,120250000,ESC_enriched,21,0.9939176720225577
2605,chr4,120536000,120538000,ESC_enriched,2,0.9990408788232639
2606,chr4,122451000,122455000,ESC_enriched,4,0.9722414591020405
2607,chr4,122459000,122466000,ESC_enriched,7,0.9870720580740976
2608,chr4,122607000,122609000,ESC_enriched,2,0.9999266968241725
2609,chr4,122618000,122619000,ESC_enriched,1,0.982973954340348
2610,chr4,122691000,122700000,ESC_enriched,9,0.9958985769722987
2611,chr4,122702000,122705000,ESC_enriched,3,0.9870614835155257
2612,chr4,122735000,122745000,ESC_enriched,10,0.9832662560397365
2613,chr4,122825000,122827000,ESC_enriched,2,0.9877618350873911
2614,chr4,123492000,123494000,ESC_enriched,2,0.9973669859426859
2615,chr4,123680000,123683000,ESC_enriched,3,0.9832291010316666
2616,chr4,123691000,123693000,ESC_enriched,2,0.9774959591956596
2617,chr4,123779000,123781000,ESC_enriched,2,0.9647389118831725
2618,chr4,124075000,124080000,ESC_enriched,5,0.9911974546338518
2619,chr4,124158000,124170000,ESC_enriched,12,0.9982496759977403
2620,chr4,124387000,124389000,ESC_enriched,2,0.9776470586318022
2621,chr4,124785000,124791000,ESC_enriched,6,0.9718645009058321
2622,chr4,124814000,124821000,ESC_enriched,7,0.9763600652606772
2623,chr4,125785000,125791000,ESC_enriched,6,0.9923510258667854
2624,chr4,125796000,125801000,ESC_enriched,5,0.9940446127888078
2625,chr4,125804000,125805000,ESC_enriched,1,0.9875990795600701
2626,chr4,125824000,125828000,ESC_enriched,4,0.9938650625468465
2627,chr4,126035000,126037000,ESC_enriched,2,0.9954580945695857
2628,chr4,126122000,126124000,ESC_enriched,2,0.9977304808851493
2629,chr4,126235000,126241000,ESC_enriched,6,0.9955135554484681
2630,chr4,127472000,127476000,ESC_enriched,4,0.9905651246304754
2631,chr4,127488000,127492000,ESC_enriched,4,0.9999344876024299
2632,chr4,128118000,128120000,ESC_enriched,2,0.9841020909128173
2633,chr4,128301000,128308000,ESC_enriched,7,0.9952170323487327
2634,chr4,128385000,128388000,ESC_enriched,3,0.9863158699185446
2635,chr4,128606000,128612000,ESC_enriched,6,0.9951599445263598
2636,chr4,128788000,128793000,ESC_enriched,5,0.9868387063778439
2637,chr4,128993000,128995000,ESC_enriched,2,0.9997610198725251
2638,chr4,129274000,129276000,ESC_enriched,2,0.9713540949681736
2639,chr4,129466000,129471000,ESC_enriched,5,0.9901824463065043
2640,chr4,129482000,129502000,ESC_enriched,20,0.9975954007987019
2641,chr4,129509000,129517000,ESC_enriched,8,0.993435644269383
2642,chr4,129580000,129604000,ESC_enriched,24,0.99637398497899
2643,chr4,129644000,129646000,ESC_enriched,2,0.9696182678410261
2644,chr4,129664000,129672000,ESC_enriched,8,0.9934756542574712
2645,chr4,130062000,130073000,ESC_enriched,11,0.981979963356968
2646,chr4,131091000,131094000,ESC_enriched,3,0.9905190428401389
2647,chr4,131186000,131197000,ESC_enriched,11,0.9984352232964501
2648,chr4,131385000,131387000,ESC_enriched,2,0.9984937321411547
2649,chr4,132065000,132069000,ESC_enriched,4,0.9578145618245685
2650,chr4,132485000,132487000,ESC_enriched,2,0.9978153557637639
2651,chr4,132527000,132530000,ESC_enriched,3,0.9906582041237612
2652,chr4,133288000,133294000,NPC_enriched,6,0.9914271453366882
2653,chr4,133519000,133527000,ESC_enriched,8,0.9929084447485439
2654,chr4,133615000,133616000,ESC_enriched,1,0.989684012547182
2655,chr4,133642000,133645000,ESC_enriched,3,0.9974790469667444
2656,chr4,133975000,133976000,ESC_enriched,1,0.9965777502901012
2657,chr4,134370000,134373000,ESC_enriched,3,0.9832223458770079
2658,chr4,134411000,134413000,ESC_enriched,2,0.9649168232742872
2659,chr4,134420000,134428000,ESC_enriched,8,0.9954418105932498
2660,chr4,134444000,134453000,ESC_enriched,9,0.9950774874473409
2661,chr4,134478000,134479000,ESC_enriched,1,0.9658238145945894
2662,chr4,135351000,135363000,ESC_enriched,12,0.994333431249475
2663,chr4,135374000,135378000,ESC_enriched,4,0.988184102360038
2664,chr4,135398000,135425000,ESC_enriched,27,0.9954308437024209
2665,chr4,135561000,135564000,ESC_enriched,3,0.9976165454089959
2666,chr4,135909000,135912000,ESC_enriched,3,0.9894520498286815
2667,chr4,136026000,136029000,ESC_enriched,3,0.9863779065278848
2668,chr4,136567000,136569000,ESC_enriched,2,0.9836546212081545
2669,chr4,136937000,136940000,ESC_enriched,3,0.9889535088853734
2670,chr4,136952000,136954000,ESC_enriched,2,0.9999144021103981
2671,chr4,137134000,137137000,ESC_enriched,3,0.9960423098237854
2672,chr4,137523000,137530000,ESC_enriched,7,0.9833458972224257
2673,chr4,137535000,137538000,ESC_enriched,3,0.9840981284095821
2674,chr4,138345000,138347000,ESC_enriched,2,0.9967715572357085
2675,chr4,138360000,138368000,ESC_enriched,8,0.9887279513548096
2676,chr4,138847000,138849000,ESC_enriched,2,0.9978263462190368
2677,chr4,139106000,139112000,ESC_enriched,6,0.9996929727847315
2678,chr4,139196000,139200000,ESC_enriched,4,0.9945250236493897
2679,chr4,140518000,140524000,ESC_enriched,6,0.9799682653349446
2680,chr4,140935000,140938000,ESC_enriched,3,0.9932607246606131
2681,chr4,141089000,141092000,ESC_enriched,3,0.9738704039367384
2682,chr4,142616000,142619000,ESC_enriched,3,0.9915068247874067
2683,chr4,146972000,146976000,ESC_enriched,4,0.999042929271312
2684,chr4,147008000,147010000,ESC_enriched,2,0.9956975389493025
2685,chr4,147113000,147119000,ESC_enriched,6,0.9889340789003369
2686,chr4,147246000,147249000,ESC_enriched,3,0.9869686673452845
2687,chr4,147654000,147663000,NPC_enriched,9,0.9852335609201707
2688,chr4,147670000,147673000,NPC_enriched,3,0.9662373022583274
2689,chr4,147684000,147741000,NPC_enriched,57,0.9987542026545415
2690,chr4,147795000,147797000,ESC_enriched,2,0.9978033033444031
2691,chr4,148431000,148433000,ESC_enriched,2,0.9930188671615134
2692,chr4,148797000,148799000,ESC_enriched,2,0.999531978903895
2693,chr4,148875000,148878000,ESC_enriched,3,0.9916028897288921
2694,chr4,148944000,148946000,ESC_enriched,2,0.9841847708607637
2695,chr4,149970000,149975000,ESC_enriched,5,0.9884944952729832
2696,chr4,149984000,149986000,ESC_enriched,2,0.9815797057579556
2697,chr4,150958000,150966000,ESC_enriched,8,0.9979254795290774
2698,chr4,150967000,150973000,ESC_enriched,6,0.9978932200438292
2699,chr4,151158000,151162000,ESC_enriched,4,0.9845462275609197
2700,chr4,151320000,151321000,ESC_enriched,1,0.9936526817268728
2701,chr4,151391000,151394000,ESC_enriched,3,0.9969878833293325
2702,chr4,152107000,152111000,ESC_enriched,4,0.9923265172990438
2703,chr4,152243000,152244000,ESC_enriched,1,0.9517945720303727
2704,chr4,152246000,152248000,ESC_enriched,2,0.9538869894674002
2705,chr4,152324000,152330000,ESC_enriched,6,0.9975283146344619
2706,chr4,152423000,152428000,ESC_enriched,5,0.9903341947059516
2707,chr4,152479000,152481000,ESC_enriched,2,0.9697441537739467
2708,chr4,152551000,152561000,ESC_enriched,10,0.9914021395699544
2709,chr4,152647000,152651000,ESC_enriched,4,0.988642079217195
2710,chr4,152679000,152685000,ESC_enriched,6,0.9791523590931734
2711,chr4,152688000,152691000,ESC_enriched,3,0.9888624706638763
2712,chr4,152751000,152752000,ESC_enriched,1,0.9507209072393756
2713,chr4,152944000,152949000,ESC_enriched,5,0.9864704400547151
2714,chr4,152984000,152988000,ESC_enriched,4,0.9854379900508372
2715,chr4,153014000,153022000,ESC_enriched,8,0.9983027559891168
2716,chr4,153061000,153071000,ESC_enriched,10,0.9902902598799983
2717,chr4,153083000,153085000,ESC_enriched,2,0.9703439781025722
2718,chr4,153178000,153187000,ESC_enriched,9,0.9869299691868582
2719,chr4,153477000,153480000,ESC_enriched,3,0.9826248307412261
2720,chr4,153801000,153808000,ESC_enriched,7,0.9964175057839099
2721,chr4,154068000,154069000,ESC_enriched,1,0.9989092697561377
2722,chr4,154203000,154207000,NPC_enriched,4,0.9900639470484506
2723,chr4,154496000,154499000,ESC_enriched,3,0.9838459763343378
2724,chr4,154612000,154619000,ESC_enriched,7,0.9866784150267917
2725,chr4,154685000,154687000,ESC_enriched,2,0.9950848842170379
2726,chr5,4760000,4766000,ESC_enriched,6,0.9980747875247427
2727,chr5,5386000,5387000,ESC_enriched,1,0.9510172006625375
2728,chr5,6122000,6124000,NPC_enriched,2,0.9716264402864556
2729,chr5,8899000,8901000,ESC_enriched,2,0.9982820029741635
2730,chr5,9730000,9733000,ESC_enriched,3,0.9977161122777441
2731,chr5,12388000,12391000,ESC_enriched,3,0.9980629268386799
2732,chr5,17871000,17873000,ESC_enriched,2,0.9997490461120256
2733,chr5,18736000,18740000,ESC_enriched,4,0.9915889782134596
2734,chr5,20884000,20885000,ESC_enriched,1,0.9817679318401807
2735,chr5,21187000,21189000,ESC_enriched,2,0.9589279271260608
2736,chr5,21335000,21338000,ESC_enriched,3,0.9707408635140148
2737,chr5,22258000,22259000,ESC_enriched,1,0.999987917729617
2738,chr5,23832000,23838000,ESC_enriched,6,0.9876495274391188
2739,chr5,23921000,23925000,ESC_enriched,4,0.9932858940962555
2740,chr5,23985000,23987000,ESC_enriched,2,0.9929220612176051
2741,chr5,24109000,24119000,ESC_enriched,10,0.997366949941146
2742,chr5,24129000,24136000,ESC_enriched,7,0.9952703711164739
2743,chr5,24607000,24612000,ESC_enriched,5,0.9905707309439077
2744,chr5,26337000,26339000,ESC_enriched,2,0.9900899248314219
2745,chr5,27148000,27149000,ESC_enriched,1,0.9860669078427268
2746,chr5,27379000,27382000,ESC_enriched,3,0.9825314010131753
2747,chr5,27590000,27594000,ESC_enriched,4,0.9950296728050657
2748,chr5,28448000,28471000,ESC_enriched,23,0.99269038244324
2749,chr5,28486000,28510000,ESC_enriched,24,0.9984077091230806
2750,chr5,28790000,28795000,ESC_enriched,5,0.9906835071492429
2751,chr5,29800000,29808000,ESC_enriched,8,0.9986838314702315
2752,chr5,29816000,29820000,ESC_enriched,4,0.9845675305261254
2753,chr5,30435000,30448000,ESC_enriched,13,0.9970355408275592
2754,chr5,30865000,30866000,ESC_enriched,1,0.9960086283067457
2755,chr5,30897000,30902000,ESC_enriched,5,0.9926099699872248
2756,chr5,30987000,30992000,ESC_enriched,5,0.9880105913389986
2757,chr5,32407000,32414000,ESC_enriched,7,0.995792797989321
2758,chr5,32494000,32496000,ESC_enriched,2,0.9755510113727226
2759,chr5,33420000,33422000,ESC_enriched,2,0.9978502396138151
2760,chr5,33724000,33735000,ESC_enriched,11,0.9951401479807324
2761,chr5,33768000,33776000,ESC_enriched,8,0.9971858790251464
2762,chr5,33778000,33788000,ESC_enriched,10,0.9910540772156347
2763,chr5,33793000,33799000,ESC_enriched,6,0.9760752793468632
2764,chr5,33858000,33860000,ESC_enriched,2,0.961251633876147
2765,chr5,33872000,33877000,ESC_enriched,5,0.9938028861431614
2766,chr5,33881000,33894000,ESC_enriched,13,0.9967504582613578
2767,chr5,33897000,33907000,ESC_enriched,10,0.9944492705459226
2768,chr5,34009000,34023000,ESC_enriched,14,0.9948090088010284
2769,chr5,34032000,34052000,ESC_enriched,20,0.9952097530457772
2770,chr5,34134000,34137000,ESC_enriched,3,0.9932760749006978
2771,chr5,34299000,34305000,ESC_enriched,6,0.9945998954496881
2772,chr5,34313000,34320000,ESC_enriched,7,0.9917275485838636
2773,chr5,34502000,34504000,ESC_enriched,2,0.9743059924063648
2774,chr5,35373000,35375000,ESC_enriched,2,0.9909764877064495
2775,chr5,35396000,35397000,ESC_enriched,1,0.95616428020689
2776,chr5,35992000,35997000,ESC_enriched,5,0.9888099988793775
2777,chr5,36210000,36212000,ESC_enriched,2,0.9690638854112371
2778,chr5,36714000,36715000,ESC_enriched,1,0.9881919943476958
2779,chr5,38105000,38115000,ESC_enriched,10,0.9968016775247109
2780,chr5,38444000,38450000,ESC_enriched,6,0.9957235593735886
2781,chr5,38563000,38565000,ESC_enriched,2,0.9686611072721099
2782,chr5,38606000,38609000,ESC_enriched,3,0.9999524972654111
2783,chr5,39931000,39934000,ESC_enriched,3,0.992146013990839
2784,chr5,41325000,41333000,NPC_enriched,8,0.9779059110368424
2785,chr5,41410000,41415000,NPC_enriched,5,0.9827340525336533
2786,chr5,42038000,42056000,ESC_enriched,18,0.999404269779732
2787,chr5,44109000,44110000,ESC_enriched,1,0.9629809442017135
2788,chr5,44388000,44392000,ESC_enriched,4,0.9856303757968797
2789,chr5,46378000,46380000,NPC_enriched,2,0.9611464385007794
2790,chr5,50197000,50206000,NPC_enriched,9,0.9940997044241203
2791,chr5,50768000,50771000,NPC_enriched,3,0.971704007278486
2792,chr5,50875000,50878000,NPC_enriched,3,0.9857352179480715
2793,chr5,52400000,52405000,ESC_enriched,5,0.9936699661712936
2794,chr5,52654000,52659000,ESC_enriched,5,0.9901840449721355
2795,chr5,52760000,52763000,ESC_enriched,3,0.9794523852177678
2796,chr5,52765000,52767000,ESC_enriched,2,0.9722153919888212
2797,chr5,52853000,52855000,ESC_enriched,2,0.9840869380083641
2798,chr5,53336000,53340000,ESC_enriched,4,0.9809601517881521
2799,chr5,53498000,53508000,ESC_enriched,10,0.9880447569797524
2800,chr5,53543000,53550000,ESC_enriched,7,0.9928575618977409
2801,chr5,54931000,54932000,NPC_enriched,1,0.9517852661098507
2802,chr5,58003000,58010000,ESC_enriched,7,0.9995531131097086
2803,chr5,58022000,58025000,ESC_enriched,3,0.9805444119301189
2804,chr5,64435000,64442000,ESC_enriched,7,0.9966989425881666
2805,chr5,64455000,64457000,ESC_enriched,2,0.9660331388599349
2806,chr5,66042000,66043000,ESC_enriched,1,0.9557030642973755
2807,chr5,66432000,66434000,ESC_enriched,2,0.9574212665786408
2808,chr5,67024000,67026000,ESC_enriched,2,0.9665003249176108
2809,chr5,67373000,67384000,ESC_enriched,11,0.997986892892219
2810,chr5,67493000,67513000,ESC_enriched,20,0.9983527789004869
2811,chr5,67886000,67891000,ESC_enriched,5,0.9994960978738223
2812,chr5,68625000,68630000,NPC_enriched,5,0.989467050362243
2813,chr5,69532000,69535000,NPC_enriched,3,0.9964906651722544
2814,chr5,69803000,69804000,NPC_enriched,1,0.9554587718268167
2815,chr5,70312000,70315000,NPC_enriched,3,0.9651585223648018
2816,chr5,70636000,70638000,NPC_enriched,2,0.9587598023002577
2817,chr5,70659000,70663000,NPC_enriched,4,0.9949627831364711
2818,chr5,70803000,70806000,NPC_enriched,3,0.9856740446807734
2819,chr5,71374000,71377000,ESC_enriched,3,0.9955861249925816
2820,chr5,72777000,72785000,ESC_enriched,8,0.9985943437179557
2821,chr5,73286000,73287000,ESC_enriched,1,0.9730808680267629
2822,chr5,73685000,73687000,ESC_enriched,2,0.9828281374286256
2823,chr5,75230000,75249000,ESC_enriched,19,0.9951100008935146
2824,chr5,75348000,75368000,ESC_enriched,20,0.9940422366505693
2825,chr5,75429000,75445000,ESC_enriched,16,0.9962087991148181
2826,chr5,76257000,76262000,ESC_enriched,5,0.995250659844026
2827,chr5,77732000,77735000,ESC_enriched,3,0.9828253196101877
2828,chr5,77921000,77923000,ESC_enriched,2,0.9667458323876938
2829,chr5,77929000,77936000,ESC_enriched,7,0.9976162441250346
2830,chr5,78090000,78092000,ESC_enriched,2,0.995097438912041
2831,chr5,80514000,80517000,NPC_enriched,3,0.9628992229128698
2832,chr5,82095000,82098000,ESC_enriched,3,0.9999595844232277
2833,chr5,82869000,82870000,ESC_enriched,1,0.9932276463673172
2834,chr5,85490000,85493000,ESC_enriched,3,0.9999050068128077
2835,chr5,87740000,87742000,NPC_enriched,2,0.9844681686098711
2836,chr5,88738000,88741000,NPC_enriched,3,0.9920061167929927
2837,chr5,89961000,89963000,ESC_enriched,2,0.9775367805691635
2838,chr5,90770000,90781000,NPC_enriched,11,0.9965467540513899
2839,chr5,90957000,90960000,ESC_enriched,3,0.9934365781161977
2840,chr5,91834000,91836000,ESC_enriched,2,0.9688598693542394
2841,chr5,93467000,93472000,ESC_enriched,5,0.9886104887896099
2842,chr5,94016000,94019000,ESC_enriched,3,0.9954935953177079
2843,chr5,96613000,96617000,ESC_enriched,4,0.998522816086417
2844,chr5,97939000,97946000,NPC_enriched,7,0.989282466599828
2845,chr5,97996000,98002000,NPC_enriched,6,0.9891842859444201
2846,chr5,98175000,98176000,ESC_enriched,1,0.9794139131979499
2847,chr5,98270000,98273000,ESC_enriched,3,0.9963329753252049
2848,chr5,98406000,98414000,ESC_enriched,8,0.9969870417309337
2849,chr5,98418000,98431000,ESC_enriched,13,0.9949729384155964
2850,chr5,99094000,99099000,ESC_enriched,5,0.9949917870725675
2851,chr5,101775000,101787000,ESC_enriched,12,0.979064067184269
2852,chr5,101887000,101889000,ESC_enriched,2,0.9903191288297469
2853,chr5,106687000,106714000,ESC_enriched,27,0.9992959332117672
2854,chr5,106799000,106804000,ESC_enriched,5,0.9966683614366227
2855,chr5,107528000,107531000,ESC_enriched,3,0.9817850439622173
2856,chr5,107927000,107929000,ESC_enriched,2,0.9844903597576345
2857,chr5,107964000,107967000,ESC_enriched,3,0.9876913610080296
2858,chr5,108605000,108610000,ESC_enriched,5,0.9998637459726801
2859,chr5,109015000,109016000,ESC_enriched,1,0.9699762827868742
2860,chr5,110581000,110583000,ESC_enriched,2,0.975299234531581
2861,chr5,110721000,110723000,ESC_enriched,2,0.9991501988811722
2862,chr5,110868000,110871000,ESC_enriched,3,0.9757947811394018
2863,chr5,111219000,111220000,ESC_enriched,1,0.951328314768443
2864,chr5,111472000,111474000,ESC_enriched,2,0.9896855148298107
2865,chr5,111514000,111527000,ESC_enriched,13,0.9976299795564407
2866,chr5,111658000,111662000,ESC_enriched,4,0.9999992932135047
2867,chr5,111781000,111782000,NPC_enriched,1,0.9599714995145185
2868,chr5,112467000,112470000,ESC_enriched,3,0.9878769554344812
2869,chr5,112632000,112635000,ESC_enriched,3,0.9836310020682605
2870,chr5,112663000,112670000,ESC_enriched,7,0.9822462585918262
2871,chr5,112816000,112820000,ESC_enriched,4,0.9996740108583217
2872,chr5,113529000,113530000,ESC_enriched,1,0.9838414576805341
2873,chr5,114917000,114920000,ESC_enriched,3,0.985022032268961
2874,chr5,116343000,116344000,ESC_enriched,1,0.9506219559876452
2875,chr5,116816000,116817000,ESC_enriched,1,0.9654441868029788
2876,chr5,118101000,118105000,ESC_enriched,4,0.9985598017805868
2877,chr5,118126000,118130000,ESC_enriched,4,0.9886012901684116
2878,chr5,118286000,118291000,ESC_enriched,5,0.9958303772919329
2879,chr5,119267000,119273000,ESC_enriched,6,0.9779297076509256
2880,chr5,119283000,119284000,ESC_enriched,1,0.9652467337595538
2881,chr5,119309000,119312000,ESC_enriched,3,0.9844720222720934
2882,chr5,119313000,119324000,ESC_enriched,11,0.9957734640131446
2883,chr5,119329000,119333000,ESC_enriched,4,0.9887992392176786
2884,chr5,119347000,119355000,ESC_enriched,8,0.9873919899111692
2885,chr5,119532000,119535000,ESC_enriched,3,0.978718717195421
2886,chr5,119783000,119787000,ESC_enriched,4,0.9727992308438727
2887,chr5,119807000,119810000,ESC_enriched,3,0.9939242381887486
2888,chr5,119885000,119889000,ESC_enriched,4,0.9941492116107676
2889,chr5,120009000,120012000,ESC_enriched,3,0.999220032476515
2890,chr5,120027000,120029000,ESC_enriched,2,0.9709642403061193
2891,chr5,120057000,120070000,ESC_enriched,13,0.9993717233179692
2892,chr5,120090000,120106000,ESC_enriched,16,0.9981409383244295
2893,chr5,120126000,120128000,ESC_enriched,2,0.9969225452805567
2894,chr5,120470000,120473000,ESC_enriched,3,0.9841469374577603
2895,chr5,120484000,120487000,ESC_enriched,3,0.983394709131551
2896,chr5,120488000,120495000,ESC_enriched,7,0.9906334028618975
2897,chr5,120513000,120516000,ESC_enriched,3,0.9858812487813345
2898,chr5,120530000,120533000,ESC_enriched,3,0.9789238347091623
2899,chr5,120539000,120542000,ESC_enriched,3,0.9884969217686613
2900,chr5,120564000,120566000,ESC_enriched,2,0.9730817530968505
2901,chr5,120700000,120702000,ESC_enriched,2,0.999549625959631
2902,chr5,120970000,120972000,ESC_enriched,2,0.9989175001567102
2903,chr5,121101000,121104000,ESC_enriched,3,0.9923367569598809
2904,chr5,121264000,121265000,ESC_enriched,1,0.9582308985447173
2905,chr5,122089000,122091000,ESC_enriched,2,0.9739228683414626
2906,chr5,122096000,122097000,ESC_enriched,1,0.9656239753252489
2907,chr5,122112000,122114000,ESC_enriched,2,0.9784956471773621
2908,chr5,122879000,122880000,ESC_enriched,1,0.9603045999230506
2909,chr5,123212000,123216000,ESC_enriched,4,0.9870428064544685
2910,chr5,123548000,123549000,ESC_enriched,1,0.9919833606712473
2911,chr5,123874000,123876000,ESC_enriched,2,0.9992842375704094
2912,chr5,125106000,125108000,ESC_enriched,2,0.978757857160963
2913,chr5,125292000,125295000,ESC_enriched,3,0.9675088586674981
2914,chr5,127050000,127051000,ESC_enriched,1,0.9759886127086997
2915,chr5,128746000,128749000,ESC_enriched,3,0.9899189358623546
2916,chr5,128908000,128918000,ESC_enriched,10,0.998198813506152
2917,chr5,129058000,129063000,ESC_enriched,5,0.9956145564480353
2918,chr5,129096000,129098000,ESC_enriched,2,0.9866626880219187
2919,chr5,129128000,129130000,ESC_enriched,2,0.9958403272818805
2920,chr5,129524000,129527000,ESC_enriched,3,0.9902283538500968
2921,chr5,129991000,129997000,NPC_enriched,6,0.9891963681651396
2922,chr5,130732000,130736000,ESC_enriched,4,0.9994069805208466
2923,chr5,131589000,131593000,ESC_enriched,4,0.9995675783054867
2924,chr5,131901000,131903000,ESC_enriched,2,0.9964938585274912
2925,chr5,132515000,132525000,NPC_enriched,10,0.9964371521203427
2926,chr5,132616000,132621000,NPC_enriched,5,0.9867028347718149
2927,chr5,132647000,132658000,NPC_enriched,11,0.9978931612621653
2928,chr5,132794000,132800000,NPC_enriched,6,0.992110139232968
2929,chr5,134501000,134508000,ESC_enriched,7,0.9984460052865888
2930,chr5,135271000,135272000,ESC_enriched,1,0.9946151890619964
2931,chr5,135534000,135536000,ESC_enriched,2,0.9981295118940341
2932,chr5,135543000,135544000,ESC_enriched,1,0.9798178075327746
2933,chr5,135689000,135691000,ESC_enriched,2,0.9577539795767946
2934,chr5,135828000,135831000,ESC_enriched,3,0.9787774417177854
2935,chr5,136152000,136155000,ESC_enriched,3,0.9984591370111455
2936,chr5,136515000,136524000,ESC_enriched,9,0.9992827082812311
2937,chr5,136527000,136532000,ESC_enriched,5,0.9933862241299776
2938,chr5,136850000,136851000,ESC_enriched,1,0.970491259483096
2939,chr5,136905000,136909000,ESC_enriched,4,0.9733641923383016
2940,chr5,137130000,137132000,ESC_enriched,2,0.9722978134667883
2941,chr5,137165000,137170000,ESC_enriched,5,0.9891994284475597
2942,chr5,137517000,137521000,ESC_enriched,4,0.9933084200910904
2943,chr5,137715000,137717000,ESC_enriched,2,0.9892815543468751
2944,chr5,137813000,137814000,ESC_enriched,1,0.9636237253946389
2945,chr5,138501000,138507000,ESC_enriched,6,0.9982473470904826
2946,chr5,138746000,138753000,NPC_enriched,7,0.9944679847871718
2947,chr5,139008000,139012000,ESC_enriched,4,0.9948275507465271
2948,chr5,139073000,139077000,ESC_enriched,4,0.994417495245268
2949,chr5,139186000,139187000,ESC_enriched,1,0.9849786810096877
2950,chr5,139248000,139254000,ESC_enriched,6,0.9847745278489785
2951,chr5,139383000,139384000,ESC_enriched,1,0.9932456884268152
2952,chr5,139806000,139808000,ESC_enriched,2,0.9916215740582062
2953,chr5,139872000,139873000,ESC_enriched,1,0.9562722025191842
2954,chr5,140117000,140118000,ESC_enriched,1,0.9678080484494416
2955,chr5,140159000,140165000,ESC_enriched,6,0.9985626541420133
2956,chr5,140196000,140198000,ESC_enriched,2,0.9976522191068149
2957,chr5,140222000,140229000,ESC_enriched,7,0.9912179683161257
2958,chr5,140739000,140743000,ESC_enriched,4,0.9720535785005929
2959,chr5,140851000,140855000,ESC_enriched,4,0.9863606436230435
2960,chr5,140858000,140870000,ESC_enriched,12,0.9915920443675614
2961,chr5,140987000,140991000,ESC_enriched,4,0.9880038831706546
2962,chr5,141494000,141500000,ESC_enriched,6,0.980115421097984
2963,chr5,142242000,142247000,ESC_enriched,5,0.9861721332642869
2964,chr5,142782000,142784000,ESC_enriched,2,0.9972093858475908
2965,chr5,142859000,142862000,ESC_enriched,3,0.9796139308001112
2966,chr5,143077000,143089000,ESC_enriched,12,0.9982495665627487
2967,chr5,143516000,143526000,ESC_enriched,10,0.9993067252369144
2968,chr5,143551000,143560000,ESC_enriched,9,0.9960792395806249
2969,chr5,143622000,143624000,ESC_enriched,2,0.9789443267894675
2970,chr5,143628000,143643000,ESC_enriched,15,0.9980603556923986
2971,chr5,143646000,143648000,ESC_enriched,2,0.9939111833955887
2972,chr5,143651000,143655000,ESC_enriched,4,0.9857124720769693
2973,chr5,147155000,147157000,ESC_enriched,2,0.9845244600566374
2974,chr5,148061000,148064000,ESC_enriched,3,0.9765426019623652
2975,chr5,148387000,148389000,ESC_enriched,2,0.9895223172194695
2976,chr5,149325000,149328000,ESC_enriched,3,0.9941374678724654
2977,chr5,149331000,149333000,ESC_enriched,2,0.9766224395733012
2978,chr5,149376000,149377000,ESC_enriched,1,0.9635400782278004
2979,chr5,149596000,149597000,ESC_enriched,1,0.9640652365965644
2980,chr5,149678000,149682000,ESC_enriched,4,0.986294340738844
2981,chr5,151184000,151187000,ESC_enriched,3,0.9756339179595424
2982,chr5,151220000,151225000,ESC_enriched,5,0.99636562185564
2983,chr5,151458000,151463000,ESC_enriched,5,0.9853462703150567
2984,chr5,151501000,151504000,ESC_enriched,3,0.9900843733087079
2985,chr6,3709000,3711000,NPC_enriched,2,0.9667394524211148
2986,chr6,4454000,4457000,ESC_enriched,3,0.9853325990013496
2987,chr6,4588000,4591000,ESC_enriched,3,0.9818367076344163
2988,chr6,4608000,4610000,ESC_enriched,2,0.9792052463063601
2989,chr6,4687000,4688000,ESC_enriched,1,0.9527416198720264
2990,chr6,5247000,5252000,ESC_enriched,5,0.9895348516945989
2991,chr6,6814000,6816000,ESC_enriched,2,0.9835251274708044
2992,chr6,6828000,6832000,ESC_enriched,4,0.9908546863747694
2993,chr6,7274000,7276000,NPC_enriched,2,0.9656832239894872
2994,chr6,7504000,7508000,ESC_enriched,4,0.9984508184087789
2995,chr6,8898000,8903000,ESC_enriched,5,0.9908951351653068
2996,chr6,8904000,8907000,ESC_enriched,3,0.9967494316537154
2997,chr6,12699000,12700000,ESC_enriched,1,0.9944181913101924
2998,chr6,14848000,14853000,ESC_enriched,5,0.9955334671329371
2999,chr6,17256000,17260000,ESC_enriched,4,0.9983811975640295
3000,chr6,17979000,17983000,ESC_enriched,4,0.9995502155714333
3001,chr6,18119000,18121000,ESC_enriched,2,0.9970797590869585
3002,chr6,18463000,18467000,ESC_enriched,4,0.9854720508825049
3003,chr6,21164000,21168000,ESC_enriched,4,0.9865694317517576
3004,chr6,21935000,21939000,ESC_enriched,4,0.9899453721751994
3005,chr6,22238000,22240000,ESC_enriched,2,0.9999993090494697
3006,chr6,24904000,24906000,ESC_enriched,2,0.9955330012182647
3007,chr6,25767000,25770000,NPC_enriched,3,0.9534781167281254
3008,chr6,28083000,28087000,ESC_enriched,4,0.987816092727909
3009,chr6,28345000,28350000,ESC_enriched,5,0.9942865696723924
3010,chr6,28399000,28404000,ESC_enriched,5,0.9957422867567557
3011,chr6,28780000,28785000,ESC_enriched,5,0.9901182412939408
3012,chr6,28929000,28933000,ESC_enriched,4,0.9915353430264281
3013,chr6,29011000,29013000,ESC_enriched,2,0.9676397933221842
3014,chr6,29163000,29166000,ESC_enriched,3,0.9896438436669809
3015,chr6,29381000,29386000,ESC_enriched,5,0.9924554465469224
3016,chr6,29440000,29444000,ESC_enriched,4,0.9915491263146099
3017,chr6,29446000,29449000,ESC_enriched,3,0.9995298619084235
3018,chr6,29456000,29459000,ESC_enriched,3,0.9963136858459456
3019,chr6,29476000,29481000,ESC_enriched,5,0.9906722371867278
3020,chr6,29686000,29689000,ESC_enriched,3,0.9967972603351627
3021,chr6,30122000,30125000,NPC_enriched,3,0.9857565371876628
3022,chr6,30409000,30416000,ESC_enriched,7,0.9980500349386231
3023,chr6,30682000,30685000,ESC_enriched,3,0.9935269182906982
3024,chr6,30887000,30889000,ESC_enriched,2,0.9937915697148529
3025,chr6,30947000,30948000,ESC_enriched,1,0.9755796785268745
3026,chr6,31145000,31152000,ESC_enriched,7,0.9904657641681318
3027,chr6,31214000,31217000,ESC_enriched,3,0.9684772102073552
3028,chr6,31487000,31498000,ESC_enriched,11,0.9948105480177252
3029,chr6,32710000,32712000,ESC_enriched,2,0.9749603054168801
3030,chr6,34201000,34204000,ESC_enriched,3,0.9804339670783159
3031,chr6,34924000,34926000,ESC_enriched,2,0.9705088144783878
3032,chr6,36318000,36320000,ESC_enriched,2,0.9936581754595717
3033,chr6,37225000,37231000,ESC_enriched,6,0.9939655988197945
3034,chr6,38221000,38223000,ESC_enriched,2,0.9877591631115861
3035,chr6,38282000,38286000,ESC_enriched,4,0.9815677246230152
3036,chr6,38565000,38570000,ESC_enriched,5,0.9838508127397574
3037,chr6,38591000,38597000,ESC_enriched,6,0.9893850063129591
3038,chr6,38610000,38612000,ESC_enriched,2,0.954339152247232
3039,chr6,40364000,40366000,ESC_enriched,2,0.9963755560168062
3040,chr6,40743000,40746000,NPC_enriched,3,0.9740101623887748
3041,chr6,41472000,41474000,ESC_enriched,2,0.9918625449039143
3042,chr6,42249000,42255000,ESC_enriched,6,0.9893492633482465
3043,chr6,47833000,47838000,ESC_enriched,5,0.9975451722813833
3044,chr6,48365000,48382000,ESC_enriched,17,0.9958105719024125
3045,chr6,48410000,48421000,ESC_enriched,11,0.9893573015119149
3046,chr6,48525000,48528000,ESC_enriched,3,0.9920218449808901
3047,chr6,48550000,48551000,ESC_enriched,1,0.9941815826410905
3048,chr6,48555000,48562000,ESC_enriched,7,0.9896765287298125
3049,chr6,48966000,48969000,ESC_enriched,3,0.9806087365769942
3050,chr6,49145000,49157000,NPC_enriched,12,0.9968400361876807
3051,chr6,50191000,50192000,ESC_enriched,1,0.9555017361667442
3052,chr6,50525000,50528000,ESC_enriched,3,0.9786297503208821
3053,chr6,51098000,51100000,ESC_enriched,2,0.9980101156633424
3054,chr6,51102000,51105000,ESC_enriched,3,0.9946773450223958
3055,chr6,51542000,51543000,ESC_enriched,1,0.9639509535619799
3056,chr6,52079000,52159000,ESC_enriched,80,0.9997353926683129
3057,chr6,52166000,52168000,ESC_enriched,2,0.9667827723096383
3058,chr6,52169000,52173000,ESC_enriched,4,0.9802774042898788
3059,chr6,52513000,52517000,NPC_enriched,4,0.9904470611296335
3060,chr6,53215000,53219000,ESC_enriched,4,0.9859954666632103
3061,chr6,53746000,53754000,ESC_enriched,8,0.9940349898391801
3062,chr6,53968000,53971000,ESC_enriched,3,0.9783135426479931
3063,chr6,54254000,54258000,ESC_enriched,4,0.9931242355313276
3064,chr6,54872000,54877000,ESC_enriched,5,0.9919682540906323
3065,chr6,54902000,54903000,ESC_enriched,1,0.985529957581353
3066,chr6,55381000,55387000,ESC_enriched,6,0.9918678528263835
3067,chr6,55606000,55608000,ESC_enriched,2,0.9869320976291711
3068,chr6,57753000,57756000,ESC_enriched,3,0.9824446350067767
3069,chr6,60757000,60761000,ESC_enriched,4,0.9818530782686887
3070,chr6,61110000,61111000,ESC_enriched,1,0.967013195155653
3071,chr6,63186000,63188000,ESC_enriched,2,0.9812108895346034
3072,chr6,64659000,64660000,ESC_enriched,1,0.990756721222549
3073,chr6,64664000,64665000,ESC_enriched,1,0.966663101638757
3074,chr6,65600000,65607000,ESC_enriched,7,0.9842266828646616
3075,chr6,66825000,66827000,ESC_enriched,2,0.9910214614985715
3076,chr6,67463000,67466000,ESC_enriched,3,0.9838914067222518
3077,chr6,70977000,70981000,ESC_enriched,4,0.9927117481936376
3078,chr6,71636000,71641000,ESC_enriched,5,0.9857259356454406
3079,chr6,72164000,72165000,ESC_enriched,1,0.9970800289621499
3080,chr6,72716000,72719000,ESC_enriched,3,0.9772004785149205
3081,chr6,77171000,77175000,ESC_enriched,4,0.998981134101285
3082,chr6,82367000,82368000,ESC_enriched,1,0.9554833603458829
3083,chr6,82995000,83005000,ESC_enriched,10,0.9909158648600327
3084,chr6,83049000,83054000,ESC_enriched,5,0.9919499867141474
3085,chr6,83100000,83103000,ESC_enriched,3,0.9919753820186789
3086,chr6,83105000,83109000,ESC_enriched,4,0.9845176454159352
3087,chr6,83120000,83123000,ESC_enriched,3,0.9907267024258717
3088,chr6,83126000,83128000,ESC_enriched,2,0.9984615626301632
3089,chr6,83378000,83407000,ESC_enriched,29,0.9963446388880284
3090,chr6,83408000,83423000,ESC_enriched,15,0.9983168615584262
3091,chr6,83446000,83451000,NPC_enriched,5,0.9665319206715667
3092,chr6,83454000,83457000,NPC_enriched,3,0.9835635816955687
3093,chr6,83667000,83682000,ESC_enriched,15,0.9959913791980879
3094,chr6,83717000,83730000,ESC_enriched,13,0.9942448468478904
3095,chr6,83831000,83833000,ESC_enriched,2,0.9810536515094731
3096,chr6,85090000,85094000,ESC_enriched,4,0.9960726367673011
3097,chr6,85158000,85161000,ESC_enriched,3,0.9957777669339949
3098,chr6,85170000,85174000,ESC_enriched,4,0.9832805861445513
3099,chr6,85188000,85195000,ESC_enriched,7,0.9906546085619229
3100,chr6,85373000,85377000,ESC_enriched,4,0.9918253906481653
3101,chr6,85444000,85452000,ESC_enriched,8,0.9982979437657065
3102,chr6,85981000,85986000,ESC_enriched,5,0.9863407020968843
3103,chr6,85994000,85996000,ESC_enriched,2,0.9916705389630105
3104,chr6,86589000,86592000,ESC_enriched,3,0.9841238527927075
3105,chr6,87698000,87700000,ESC_enriched,2,0.9992613504549739
3106,chr6,88156000,88157000,ESC_enriched,1,0.9833717237369588
3107,chr6,88160000,88171000,ESC_enriched,11,0.9964066448742586
3108,chr6,88258000,88262000,NPC_enriched,4,0.9960032998100525
3109,chr6,88304000,88314000,NPC_enriched,10,0.9952836616155757
3110,chr6,88593000,88594000,ESC_enriched,1,0.9724398125220569
3111,chr6,88690000,88693000,ESC_enriched,3,0.9986769034921074
3112,chr6,88831000,88833000,ESC_enriched,2,0.9729902032559711
3113,chr6,88837000,88842000,ESC_enriched,5,0.9898304296921019
3114,chr6,90092000,90094000,NPC_enriched,2,0.9642734009613791
3115,chr6,90274000,90277000,ESC_enriched,3,0.9887661902830168
3116,chr6,90288000,90292000,ESC_enriched,4,0.9868862387018683
3117,chr6,90392000,90394000,ESC_enriched,2,0.9946159857941446
3118,chr6,91250000,91259000,ESC_enriched,9,0.9842108680796188
3119,chr6,91262000,91265000,ESC_enriched,3,0.9630052013960082
3120,chr6,91266000,91268000,ESC_enriched,2,0.9800126468431876
3121,chr6,91312000,91315000,ESC_enriched,3,0.9586155968853598
3122,chr6,91360000,91363000,ESC_enriched,3,0.9888435740842375
3123,chr6,91369000,91378000,ESC_enriched,9,0.9957085499138159
3124,chr6,91685000,91702000,NPC_enriched,17,0.9992521917415305
3125,chr6,92669000,92672000,ESC_enriched,3,0.9829931091831422
3126,chr6,92905000,92911000,ESC_enriched,6,0.9929915505864911
3127,chr6,93644000,93649000,ESC_enriched,5,0.9818504242516537
3128,chr6,97452000,97454000,ESC_enriched,2,0.9994071808131444
3129,chr6,97490000,97514000,NPC_enriched,24,0.9971025097196344
3130,chr6,99486000,99488000,ESC_enriched,2,0.9994657235998887
3131,chr6,99898000,99900000,NPC_enriched,2,0.9561171040166483
3132,chr6,99902000,99914000,NPC_enriched,12,0.9919640507917807
3133,chr6,99924000,99940000,NPC_enriched,16,0.9915616073768403
3134,chr6,100011000,100024000,NPC_enriched,13,0.9948373670442392
3135,chr6,100038000,100040000,NPC_enriched,2,0.9529380067337165
3136,chr6,101342000,101344000,ESC_enriched,2,0.9997383497138735
3137,chr6,101445000,101448000,NPC_enriched,3,0.967954465007661
3138,chr6,101843000,101849000,NPC_enriched,6,0.9901472055898203
3139,chr6,103476000,103478000,ESC_enriched,2,0.9985110191843314
3140,chr6,105642000,105646000,ESC_enriched,4,0.9781587022131468
3141,chr6,107494000,107498000,ESC_enriched,4,0.9933639796474971
3142,chr6,112453000,112458000,ESC_enriched,5,0.9926655383882018
3143,chr6,113461000,113464000,ESC_enriched,3,0.9760813480121716
3144,chr6,114096000,114099000,ESC_enriched,3,0.9991948293444167
3145,chr6,114247000,114251000,ESC_enriched,4,0.9921844447982819
3146,chr6,114363000,114367000,ESC_enriched,4,0.9992495940026903
3147,chr6,115326000,115329000,ESC_enriched,3,0.9972813261897118
3148,chr6,115925000,115930000,ESC_enriched,5,0.9984923548735584
3149,chr6,115954000,115965000,ESC_enriched,11,0.9926988426837074
3150,chr6,116425000,116429000,ESC_enriched,4,0.9851685251867837
3151,chr6,117681000,117682000,ESC_enriched,1,0.9934917350655965
3152,chr6,117961000,117965000,ESC_enriched,4,0.9852003724034026
3153,chr6,117978000,117979000,ESC_enriched,1,0.9503832291812907
3154,chr6,117989000,117990000,ESC_enriched,1,0.9597287979604071
3155,chr6,118444000,118449000,ESC_enriched,5,0.9874504013956169
3156,chr6,118558000,118561000,ESC_enriched,3,0.9932638752189901
3157,chr6,118654000,118657000,ESC_enriched,3,0.9672780835963534
3158,chr6,119071000,119076000,ESC_enriched,5,0.99024635149516
3159,chr6,119295000,119297000,ESC_enriched,2,0.9985716216730611
3160,chr6,119412000,119414000,ESC_enriched,2,0.9844764477534919
3161,chr6,119505000,119512000,ESC_enriched,7,0.9924105753322181
3162,chr6,120429000,120431000,ESC_enriched,2,0.9841520576047103
3163,chr6,120457000,120461000,ESC_enriched,4,0.9940557380596287
3164,chr6,121175000,121178000,ESC_enriched,3,0.9937274535935071
3165,chr6,121378000,121379000,ESC_enriched,1,0.9850636388549735
3166,chr6,122589000,122591000,ESC_enriched,2,0.9658687044557146
3167,chr6,124824000,124834000,ESC_enriched,10,0.9906706787874849
3168,chr6,124958000,124961000,ESC_enriched,3,0.9685885193506857
3169,chr6,125278000,125281000,ESC_enriched,3,0.9797201514900338
3170,chr6,125521000,125522000,ESC_enriched,1,0.9667699730186562
3171,chr6,126129000,126131000,ESC_enriched,2,0.9752214564623498
3172,chr6,126703000,126707000,ESC_enriched,4,0.9966682641144491
3173,chr6,126979000,126989000,ESC_enriched,10,0.9774675902797847
3174,chr6,127098000,127102000,ESC_enriched,4,0.9718691140635747
3175,chr6,127114000,127125000,ESC_enriched,11,0.99903614920728
3176,chr6,127293000,127300000,ESC_enriched,7,0.9958236534235069
3177,chr6,127305000,127307000,ESC_enriched,2,0.9603028033045595
3178,chr6,134949000,134950000,ESC_enriched,1,0.9730941445822048
3179,chr6,135697000,135700000,ESC_enriched,3,0.986115058455371
3180,chr6,136625000,136628000,ESC_enriched,3,0.999517570159948
3181,chr6,136903000,136906000,ESC_enriched,3,0.9755915592905247
3182,chr6,137216000,137218000,ESC_enriched,2,0.9986089556481219
3183,chr6,138386000,138388000,ESC_enriched,2,0.9665341495305024
3184,chr6,140258000,140259000,ESC_enriched,1,0.9719523484899718
3185,chr6,141210000,141215000,ESC_enriched,5,0.9875777021602146
3186,chr6,141528000,141535000,NPC_enriched,7,0.9924804389556587
3187,chr6,142371000,142374000,ESC_enriched,3,0.9990572072423448
3188,chr6,142920000,142923000,ESC_enriched,3,0.9744194343778942
3189,chr6,144308000,144312000,ESC_enriched,4,0.9899518240914451
3190,chr6,144738000,144741000,ESC_enriched,3,0.9993007357324174
3191,chr6,145819000,145828000,ESC_enriched,9,0.9991151021272509
3192,chr6,146458000,146462000,ESC_enriched,4,0.9965757159404806
3193,chr6,147220000,147225000,ESC_enriched,5,0.9990770502967031
3194,chr6,148004000,148005000,ESC_enriched,1,0.9606671611629095
3195,chr6,149057000,149061000,ESC_enriched,4,0.9831678932574914
3196,chr7,4530000,4532000,ESC_enriched,2,0.9765770148700327
3197,chr7,4595000,4599000,ESC_enriched,4,0.9994759468551108
3198,chr7,4633000,4636000,ESC_enriched,3,0.9950156881870168
3199,chr7,4655000,4661000,ESC_enriched,6,0.9936192401905156
3200,chr7,5792000,5794000,ESC_enriched,2,0.9991553414678869
3201,chr7,11828000,11831000,ESC_enriched,3,0.979102207864711
3202,chr7,11943000,11946000,ESC_enriched,3,0.9998066940280177
3203,chr7,12160000,12162000,ESC_enriched,2,0.9798122012832079
3204,chr7,15115000,15117000,ESC_enriched,2,0.9949122463191494
3205,chr7,15220000,15221000,ESC_enriched,1,0.955068886928255
3206,chr7,15303000,15306000,ESC_enriched,3,0.9950103379954299
3207,chr7,15316000,15319000,ESC_enriched,3,0.9879841164686157
3208,chr7,15338000,15339000,ESC_enriched,1,0.9570673350122039
3209,chr7,15969000,15971000,ESC_enriched,2,0.9811953084339503
3210,chr7,16065000,16069000,ESC_enriched,4,0.992192688058743
3211,chr7,16103000,16108000,ESC_enriched,5,0.9925801345206429
3212,chr7,18084000,18087000,ESC_enriched,3,0.9812159045303628
3213,chr7,18115000,18128000,ESC_enriched,13,0.9946260440700416
3214,chr7,18150000,18153000,ESC_enriched,3,0.9908679513105124
3215,chr7,18223000,18225000,ESC_enriched,2,0.981040409810416
3216,chr7,18253000,18257000,ESC_enriched,4,0.9936228183635263
3217,chr7,18276000,18277000,ESC_enriched,1,0.9800883658282562
3218,chr7,18463000,18466000,ESC_enriched,3,0.9935255273887779
3219,chr7,18647000,18652000,ESC_enriched,5,0.9939991102439713
3220,chr7,18677000,18684000,ESC_enriched,7,0.999872104833095
3221,chr7,24080000,24082000,ESC_enriched,2,0.9799407075129989
3222,chr7,24089000,24091000,ESC_enriched,2,0.9584098501501859
3223,chr7,24140000,24144000,ESC_enriched,4,0.9970480904055788
3224,chr7,24208000,24211000,ESC_enriched,3,0.9912646830290015
3225,chr7,24294000,24296000,ESC_enriched,2,0.9982343134001235
3226,chr7,24303000,24305000,ESC_enriched,2,0.9664127151849697
3227,chr7,24321000,24322000,ESC_enriched,1,0.9736944392935156
3228,chr7,24641000,24643000,ESC_enriched,2,0.9992899767301935
3229,chr7,24661000,24667000,ESC_enriched,6,0.991551819286133
3230,chr7,24718000,24722000,ESC_enriched,4,0.9877067865691006
3231,chr7,24887000,24891000,ESC_enriched,4,0.9953856659537766
3232,chr7,25076000,25079000,ESC_enriched,3,0.9973503435526937
3233,chr7,27103000,27106000,NPC_enriched,3,0.9697870379008612
3234,chr7,27364000,27369000,ESC_enriched,5,0.9932413614854829
3235,chr7,27997000,28000000,ESC_enriched,3,0.9829087059853027
3236,chr7,28009000,28011000,ESC_enriched,2,0.9759790500458629
3237,chr7,28595000,28598000,ESC_enriched,3,0.9829438318890324
3238,chr7,28880000,28882000,ESC_enriched,2,0.9989290284041813
3239,chr7,29501000,29503000,ESC_enriched,2,0.995635829774751
3240,chr7,30065000,30067000,ESC_enriched,2,0.9698413493925417
3241,chr7,30068000,30071000,ESC_enriched,3,0.9943385930833392
3242,chr7,30234000,30244000,ESC_enriched,10,0.9905792112593689
3243,chr7,30423000,30426000,ESC_enriched,3,0.981947693287207
3244,chr7,30527000,30531000,ESC_enriched,4,0.993052083529726
3245,chr7,34384000,34385000,ESC_enriched,1,0.9999496647141201
3246,chr7,34826000,34834000,ESC_enriched,8,0.9987727292764443
3247,chr7,34893000,34901000,ESC_enriched,8,0.992881207685523
3248,chr7,34911000,34915000,ESC_enriched,4,0.9905921100966213
3249,chr7,34923000,34926000,ESC_enriched,3,0.9717173437677139
3250,chr7,36396000,36406000,ESC_enriched,10,0.9944946345174139
3251,chr7,36408000,36412000,ESC_enriched,4,0.9928169344418709
3252,chr7,36478000,36481000,ESC_enriched,3,0.9923297618778145
3253,chr7,37045000,37047000,ESC_enriched,2,0.9959025035948124
3254,chr7,37332000,37334000,ESC_enriched,2,0.9930276148634727
3255,chr7,40672000,40677000,ESC_enriched,5,0.9980885584411693
3256,chr7,43330000,43333000,ESC_enriched,3,0.9904818309620133
3257,chr7,43343000,43347000,ESC_enriched,4,0.9986218002292597
3258,chr7,43542000,43545000,ESC_enriched,3,0.9888363977989086
3259,chr7,43637000,43639000,ESC_enriched,2,0.9592937111149629
3260,chr7,43651000,43653000,ESC_enriched,2,0.9970616564704878
3261,chr7,44220000,44223000,ESC_enriched,3,0.9995369291663042
3262,chr7,44294000,44300000,ESC_enriched,6,0.9967961730184451
3263,chr7,44307000,44313000,ESC_enriched,6,0.9927159826435651
3264,chr7,44327000,44333000,ESC_enriched,6,0.9979573991016385
3265,chr7,44344000,44352000,ESC_enriched,8,0.9902206037510667
3266,chr7,44707000,44709000,ESC_enriched,2,0.9998762710110758
3267,chr7,45559000,45564000,ESC_enriched,5,0.9937858283948369
3268,chr7,45566000,45569000,ESC_enriched,3,0.9872071500651721
3269,chr7,45661000,45667000,ESC_enriched,6,0.9991900122368252
3270,chr7,45738000,45740000,ESC_enriched,2,0.9997919558492312
3271,chr7,46245000,46247000,ESC_enriched,2,0.9810100971554996
3272,chr7,46263000,46275000,ESC_enriched,12,0.992660323933339
3273,chr7,46282000,46286000,ESC_enriched,4,0.9743690296086751
3274,chr7,46293000,46296000,ESC_enriched,3,0.9844113541425393
3275,chr7,46533000,46536000,ESC_enriched,3,0.9856824769615485
3276,chr7,48827000,48833000,ESC_enriched,6,0.994495083525063
3277,chr7,49067000,49076000,ESC_enriched,9,0.9893628634403958
3278,chr7,49114000,49119000,ESC_enriched,5,0.9874212135036595
3279,chr7,49500000,49502000,ESC_enriched,2,0.9987737908865
3280,chr7,51378000,51380000,ESC_enriched,2,0.9993477532426684
3281,chr7,58526000,58530000,ESC_enriched,4,0.997159719950724
3282,chr7,61005000,61007000,NPC_enriched,2,0.9720103348119586
3283,chr7,61399000,61403000,NPC_enriched,4,0.9698654421629896
3284,chr7,61423000,61427000,NPC_enriched,4,0.9980472330791741
3285,chr7,61471000,61477000,NPC_enriched,6,0.9895013547446855
3286,chr7,62066000,62070000,NPC_enriched,4,0.9969501126420154
3287,chr7,62071000,62076000,NPC_enriched,5,0.9893865535090794
3288,chr7,62088000,62090000,NPC_enriched,2,0.9587897344437075
3289,chr7,62091000,62096000,NPC_enriched,5,0.986859679196372
3290,chr7,62100000,62110000,NPC_enriched,10,0.9988169372428229
3291,chr7,62113000,62131000,NPC_enriched,18,0.9937537348401904
3292,chr7,62147000,62155000,NPC_enriched,8,0.998026697260868
3293,chr7,62177000,62194000,NPC_enriched,17,0.9950838471157821
3294,chr7,62235000,62239000,NPC_enriched,4,0.9898948375368671
3295,chr7,62242000,62254000,NPC_enriched,12,0.9953343194923446
3296,chr7,62329000,62331000,ESC_enriched,2,0.9795087118713672
3297,chr7,62341000,62343000,ESC_enriched,2,0.9913787875957909
3298,chr7,64147000,64148000,ESC_enriched,1,0.9999027363682063
3299,chr7,64379000,64383000,ESC_enriched,4,0.994466155319348
3300,chr7,65034000,65039000,ESC_enriched,5,0.9877910861061425
3301,chr7,65157000,65159000,ESC_enriched,2,0.9571233569142176
3302,chr7,65988000,65990000,ESC_enriched,2,0.9929143972066056
3303,chr7,66265000,66268000,ESC_enriched,3,0.9752140690474672
3304,chr7,66303000,66308000,ESC_enriched,5,0.9928042493877399
3305,chr7,67800000,67819000,NPC_enriched,19,0.992988395591886
3306,chr7,68149000,68151000,ESC_enriched,2,0.9923752783270128
3307,chr7,70153000,70163000,ESC_enriched,10,0.9953470896079903
3308,chr7,70196000,70246000,ESC_enriched,50,0.9997060832373152
3309,chr7,73246000,73251000,ESC_enriched,5,0.9982123835393896
3310,chr7,73260000,73262000,ESC_enriched,2,0.9698493390321512
3311,chr7,73263000,73292000,ESC_enriched,29,0.9985449913070993
3312,chr7,73614000,73616000,ESC_enriched,2,0.9971625609729846
3313,chr7,73772000,73776000,NPC_enriched,4,0.9970353047801523
3314,chr7,73781000,73808000,NPC_enriched,27,0.9991775523887454
3315,chr7,73820000,73832000,NPC_enriched,12,0.998589682388641
3316,chr7,73918000,73922000,NPC_enriched,4,0.9759431019082143
3317,chr7,73978000,73986000,NPC_enriched,8,0.9901237050928287
3318,chr7,74428000,74429000,ESC_enriched,1,0.973349621165193
3319,chr7,76793000,76797000,NPC_enriched,4,0.9750831724760691
3320,chr7,78447000,78456000,ESC_enriched,9,0.9955224209175542
3321,chr7,78473000,78479000,ESC_enriched,6,0.9883137170288071
3322,chr7,78755000,78761000,ESC_enriched,6,0.9795141728979452
3323,chr7,79003000,79004000,ESC_enriched,1,0.9576386684663787
3324,chr7,79338000,79342000,ESC_enriched,4,0.9949281715437939
3325,chr7,79370000,79399000,ESC_enriched,29,0.9953435712978016
3326,chr7,79404000,79421000,ESC_enriched,17,0.9977404685785406
3327,chr7,79426000,79429000,ESC_enriched,3,0.9862954457046946
3328,chr7,79443000,79466000,ESC_enriched,23,0.9885126681711711
3329,chr7,79489000,79492000,ESC_enriched,3,0.9926670606688336
3330,chr7,79582000,79584000,ESC_enriched,2,0.972316385572723
3331,chr7,79666000,79677000,ESC_enriched,11,0.984199617980229
3332,chr7,79683000,79687000,ESC_enriched,4,0.9860337964923624
3333,chr7,80253000,80256000,ESC_enriched,3,0.9909718556166561
3334,chr7,80459000,80463000,ESC_enriched,4,0.9740255848742919
3335,chr7,80560000,80562000,ESC_enriched,2,0.9947613009201604
3336,chr7,80748000,80751000,ESC_enriched,3,0.9974509018022598
3337,chr7,81261000,81268000,NPC_enriched,7,0.9958296004450301
3338,chr7,81306000,81312000,NPC_enriched,6,0.9952203463048988
3339,chr7,81350000,81352000,ESC_enriched,2,0.9580862560909436
3340,chr7,81579000,81582000,ESC_enriched,3,0.989583183080191
3341,chr7,81731000,81736000,ESC_enriched,5,0.9900333006966531
3342,chr7,81806000,81810000,ESC_enriched,4,0.9919895779123024
3343,chr7,82211000,82214000,ESC_enriched,3,0.9955702253261466
3344,chr7,82510000,82516000,NPC_enriched,6,0.9961885926719134
3345,chr7,82744000,82747000,ESC_enriched,3,0.9998722896605466
3346,chr7,84404000,84406000,ESC_enriched,2,0.9931140241668639
3347,chr7,88004000,88007000,ESC_enriched,3,0.9981215288049389
3348,chr7,89392000,89394000,ESC_enriched,2,0.9985668687592317
3349,chr7,89507000,89508000,ESC_enriched,1,0.966319132654724
3350,chr7,90178000,90181000,ESC_enriched,3,0.9866934181713877
3351,chr7,92954000,92958000,ESC_enriched,4,0.988933599534189
3352,chr7,93928000,93930000,NPC_enriched,2,0.9552922123325484
3353,chr7,93938000,93942000,NPC_enriched,4,0.9738618886160718
3354,chr7,96092000,96097000,NPC_enriched,5,0.9815796302788918
3355,chr7,96278000,96288000,NPC_enriched,10,0.9778955893170174
3356,chr7,96438000,96463000,NPC_enriched,25,0.996157979577205
3357,chr7,96690000,96716000,NPC_enriched,26,0.9891179080790644
3358,chr7,96729000,96743000,NPC_enriched,14,0.9777269356130442
3359,chr7,96789000,96795000,NPC_enriched,6,0.9858289217503163
3360,chr7,96957000,96959000,ESC_enriched,2,0.9996995070250909
3361,chr7,97199000,97203000,ESC_enriched,4,0.9995853842786335
3362,chr7,97954000,97956000,ESC_enriched,2,0.9811057200193987
3363,chr7,97984000,97995000,ESC_enriched,11,0.9856684170562076
3364,chr7,98067000,98072000,ESC_enriched,5,0.9829706226377452
3365,chr7,98218000,98222000,ESC_enriched,4,0.9701490692351371
3366,chr7,98364000,98366000,ESC_enriched,2,0.955241206926019
3367,chr7,98373000,98380000,ESC_enriched,7,0.9830249533873897
3368,chr7,98626000,98632000,ESC_enriched,6,0.9852205093429331
3369,chr7,98642000,98643000,ESC_enriched,1,0.9594369138572871
3370,chr7,98648000,98650000,ESC_enriched,2,0.9864971233238071
3371,chr7,98721000,98723000,ESC_enriched,2,0.9767709621824028
3372,chr7,99056000,99064000,ESC_enriched,8,0.9929865410979158
3373,chr7,99124000,99125000,ESC_enriched,1,0.9626599118820616
3374,chr7,99142000,99145000,ESC_enriched,3,0.9835080237246273
3375,chr7,99254000,99260000,ESC_enriched,6,0.991502110198753
3376,chr7,99266000,99273000,ESC_enriched,7,0.9873871541804393
3377,chr7,99340000,99346000,ESC_enriched,6,0.9966759263203007
3378,chr7,99409000,99411000,ESC_enriched,2,0.9760295661945859
3379,chr7,99787000,99793000,ESC_enriched,6,0.9919493676685565
3380,chr7,99916000,99918000,ESC_enriched,2,0.997339785271049
3381,chr7,100050000,100054000,ESC_enriched,4,0.9934222417277672
3382,chr7,100847000,100849000,ESC_enriched,2,0.9980108222572845
3383,chr7,100872000,100875000,ESC_enriched,3,0.9678396238242053
3384,chr7,101170000,101176000,ESC_enriched,6,0.9829861154501215
3385,chr7,101196000,101199000,ESC_enriched,3,0.97267537019781
3386,chr7,101372000,101374000,ESC_enriched,2,0.95841057597162
3387,chr7,101378000,101381000,ESC_enriched,3,0.9893892609155109
3388,chr7,101690000,101696000,ESC_enriched,6,0.9924245640647683
3389,chr7,101960000,101961000,ESC_enriched,1,0.9674358136413775
3390,chr7,101966000,101971000,ESC_enriched,5,0.9912183772461445
3391,chr7,101986000,101989000,ESC_enriched,3,0.9961639984712255
3392,chr7,102384000,102390000,ESC_enriched,6,0.9780636605909319
3393,chr7,105307000,105310000,ESC_enriched,3,0.9882654144506152
3394,chr7,105355000,105358000,ESC_enriched,3,0.9948676775108652
3395,chr7,105628000,105643000,ESC_enriched,15,0.9981546268957328
3396,chr7,105645000,105663000,ESC_enriched,18,0.9918107084786674
3397,chr7,108960000,108967000,ESC_enriched,7,0.9998315086217727
3398,chr7,109229000,109233000,ESC_enriched,4,0.990898147359029
3399,chr7,110417000,110423000,ESC_enriched,6,0.9973260873926013
3400,chr7,111570000,111571000,ESC_enriched,1,0.9849716094565574
3401,chr7,112016000,112019000,ESC_enriched,3,0.998560471867139
3402,chr7,112218000,112220000,ESC_enriched,2,0.992941958051123
3403,chr7,112746000,112748000,ESC_enriched,2,0.9993629435815199
3404,chr7,112940000,112942000,NPC_enriched,2,0.9563281597662767
3405,chr7,113556000,113561000,ESC_enriched,5,0.9949385045631723
3406,chr7,114205000,114208000,ESC_enriched,3,0.9897694120403205
3407,chr7,114398000,114401000,NPC_enriched,3,0.9984438028641826
3408,chr7,115821000,115832000,ESC_enriched,11,0.9996533656858877
3409,chr7,117171000,117175000,ESC_enriched,4,0.9717001001309392
3410,chr7,117547000,117548000,NPC_enriched,1,0.955547341288573
3411,chr7,118281000,118286000,ESC_enriched,5,0.9966500193128457
3412,chr7,118366000,118375000,ESC_enriched,9,0.995162600660592
3413,chr7,118785000,118788000,ESC_enriched,3,0.9964134935854627
3414,chr7,119992000,119993000,ESC_enriched,1,0.9974270094822723
3415,chr7,120388000,120390000,ESC_enriched,2,0.98915596068807
3416,chr7,120634000,120640000,ESC_enriched,6,0.9964160605407041
3417,chr7,120991000,120996000,NPC_enriched,5,0.9911773308767909
3418,chr7,121183000,121185000,ESC_enriched,2,0.995552016550757
3419,chr7,121265000,121269000,NPC_enriched,4,0.9866020871434691
3420,chr7,122080000,122084000,ESC_enriched,4,0.9885394868145498
3421,chr7,122821000,122825000,ESC_enriched,4,0.9868895687580046
3422,chr7,123918000,123925000,NPC_enriched,7,0.9981250103423003
3423,chr7,123942000,123944000,NPC_enriched,2,0.9583203359242103
3424,chr7,124023000,124025000,NPC_enriched,2,0.955186931049524
3425,chr7,126083000,126085000,ESC_enriched,2,0.9996596803325196
3426,chr7,127134000,127137000,ESC_enriched,3,0.9877784817818255
3427,chr7,127235000,127237000,ESC_enriched,2,0.9906900722052239
3428,chr7,127736000,127737000,ESC_enriched,1,0.9666426897970983
3429,chr7,128041000,128045000,ESC_enriched,4,0.9889137964721734
3430,chr7,128059000,128063000,ESC_enriched,4,0.9903907943552519
3431,chr7,128206000,128212000,ESC_enriched,6,0.9920271935376018
3432,chr7,129049000,129050000,ESC_enriched,1,0.9790700337183986
3433,chr7,130047000,130059000,ESC_enriched,12,0.9891175716483668
3434,chr7,130726000,130730000,ESC_enriched,4,0.9916233985103583
3435,chr7,131755000,131756000,NPC_enriched,1,0.9530443522755289
3436,chr7,131991000,131993000,ESC_enriched,2,0.985533071423998
3437,chr7,132154000,132157000,ESC_enriched,3,0.9829036428852395
3438,chr7,132434000,132442000,ESC_enriched,8,0.9997941686071828
3439,chr7,132650000,132652000,ESC_enriched,2,0.998077819265336
3440,chr7,134063000,134066000,ESC_enriched,3,0.9974929398543463
3441,chr7,134774000,134777000,ESC_enriched,3,0.9776767958943999
3442,chr7,135248000,135251000,ESC_enriched,3,0.9911166203775191
3443,chr7,135376000,135379000,ESC_enriched,3,0.9753419120614247
3444,chr7,135692000,135693000,ESC_enriched,1,0.9860915072776845
3445,chr7,137062000,137063000,ESC_enriched,1,0.9637171668145863
3446,chr7,137144000,137160000,ESC_enriched,16,0.9990461721482184
3447,chr7,138937000,138940000,ESC_enriched,3,0.9822208721675326
3448,chr7,139430000,139437000,ESC_enriched,7,0.9916621930465147
3449,chr7,139685000,139687000,ESC_enriched,2,0.999605561495895
3450,chr7,140004000,140006000,ESC_enriched,2,0.9951895874462433
3451,chr7,140638000,140640000,ESC_enriched,2,0.9764858894049916
3452,chr7,141143000,141147000,ESC_enriched,4,0.9999688779993734
3453,chr7,141312000,141318000,ESC_enriched,6,0.9902358097953128
3454,chr7,141545000,141547000,ESC_enriched,2,0.9845459422942782
3455,chr7,141760000,141764000,ESC_enriched,4,0.9814055432953539
3456,chr7,141889000,141894000,ESC_enriched,5,0.9957468514536633
3457,chr7,141897000,141905000,ESC_enriched,8,0.9993376328277426
3458,chr7,142180000,142182000,ESC_enriched,2,0.9999419898799118
3459,chr7,142241000,142249000,ESC_enriched,8,0.9792002292806311
3460,chr7,142291000,142297000,ESC_enriched,6,0.9939314980725777
3461,chr7,142463000,142465000,ESC_enriched,2,0.9869356914707037
3462,chr7,142700000,142702000,ESC_enriched,2,0.97726692973096
3463,chr7,142966000,142970000,ESC_enriched,4,0.9668364005975981
3464,chr7,143002000,143006000,ESC_enriched,4,0.9845693178937962
3465,chr7,143110000,143115000,ESC_enriched,5,0.9834466067521829
3466,chr7,143118000,143122000,ESC_enriched,4,0.9900863421343273
3467,chr7,143134000,143138000,ESC_enriched,4,0.9866405722074612
3468,chr7,143213000,143215000,ESC_enriched,2,0.9525052450633746
3469,chr7,143216000,143220000,ESC_enriched,4,0.9729315241080221
3470,chr7,143250000,143259000,ESC_enriched,9,0.9966372283066125
3471,chr7,143266000,143276000,ESC_enriched,10,0.9990647896750329
3472,chr7,143511000,143513000,ESC_enriched,2,0.9864515879614534
3473,chr7,143541000,143546000,ESC_enriched,5,0.9934634922188736
3474,chr7,143548000,143549000,ESC_enriched,1,0.9693105553563035
3475,chr7,143565000,143568000,ESC_enriched,3,0.9885560243234076
3476,chr7,143590000,143592000,ESC_enriched,2,0.9765894832092289
3477,chr7,144219000,144220000,ESC_enriched,1,0.9741888193321971
3478,chr7,144370000,144376000,ESC_enriched,6,0.9892098638768325
3479,chr7,144487000,144490000,ESC_enriched,3,0.9990987836260324
3480,chr7,144670000,144677000,NPC_enriched,7,0.9862187737810694
3481,chr7,144826000,144831000,ESC_enriched,5,0.9772364923249439
3482,chr7,144841000,144842000,ESC_enriched,1,0.9897785155516773
3483,chr7,145116000,145120000,ESC_enriched,4,0.9759079720756125
3484,chr8,3475000,3478000,ESC_enriched,3,0.9940290861898248
3485,chr8,3494000,3498000,ESC_enriched,4,0.9912508827423718
3486,chr8,3993000,3996000,ESC_enriched,3,0.9951631696174092
3487,chr8,4179000,4184000,ESC_enriched,5,0.9903047442256077
3488,chr8,4187000,4209000,ESC_enriched,22,0.9971186670881328
3489,chr8,4212000,4219000,ESC_enriched,7,0.9934224291081749
3490,chr8,4227000,4231000,ESC_enriched,4,0.9960136366444352
3491,chr8,8620000,8622000,ESC_enriched,2,0.9969229470929848
3492,chr8,8659000,8661000,ESC_enriched,2,0.9988086810027619
3493,chr8,8711000,8713000,ESC_enriched,2,0.9995409244375221
3494,chr8,8982000,8987000,ESC_enriched,5,0.9934857705915252
3495,chr8,10005000,10008000,ESC_enriched,3,0.9851278192919078
3496,chr8,10922000,10928000,ESC_enriched,6,0.9770453532720929
3497,chr8,11007000,11008000,ESC_enriched,1,0.9566435819460124
3498,chr8,11187000,11191000,ESC_enriched,4,0.9839374776666754
3499,chr8,11281000,11282000,ESC_enriched,1,0.9963629383413669
3500,chr8,11307000,11328000,ESC_enriched,21,0.9956455734645813
3501,chr8,11369000,11371000,ESC_enriched,2,0.9836683027068227
3502,chr8,11437000,11440000,ESC_enriched,3,0.9955139536846357
3503,chr8,11475000,11481000,ESC_enriched,6,0.9934446657383074
3504,chr8,12383000,12403000,ESC_enriched,20,0.9953080630810461
3505,chr8,12429000,12431000,ESC_enriched,2,0.9909896596154391
3506,chr8,12466000,12470000,ESC_enriched,4,0.986820385398095
3507,chr8,13387000,13390000,ESC_enriched,3,0.9585652470073031
3508,chr8,13493000,13495000,ESC_enriched,2,0.9990936247939084
3509,chr8,13589000,13594000,ESC_enriched,5,0.983193836496772
3510,chr8,13674000,13677000,ESC_enriched,3,0.9909029076747323
3511,chr8,15009000,15023000,ESC_enriched,14,0.9965482704604207
3512,chr8,15025000,15033000,ESC_enriched,8,0.9931739411462295
3513,chr8,17532000,17534000,ESC_enriched,2,0.9843346444113664
3514,chr8,19535000,19537000,ESC_enriched,2,0.9893288604551979
3515,chr8,24233000,24234000,ESC_enriched,1,0.9628973943525792
3516,chr8,24499000,24502000,ESC_enriched,3,0.9685768055523014
3517,chr8,24523000,24528000,ESC_enriched,5,0.98071616704345
3518,chr8,24580000,24582000,ESC_enriched,2,0.9736076027093653
3519,chr8,24615000,24624000,ESC_enriched,9,0.9976074737281695
3520,chr8,26500000,26505000,ESC_enriched,5,0.9994109556899545
3521,chr8,26569000,26571000,ESC_enriched,2,0.9589530256109637
3522,chr8,26609000,26613000,ESC_enriched,4,0.987789524044249
3523,chr8,26705000,26709000,ESC_enriched,4,0.9803977977462625
3524,chr8,26833000,26836000,ESC_enriched,3,0.9817833628308383
3525,chr8,26904000,26912000,ESC_enriched,8,0.990775506845208
3526,chr8,26980000,26984000,ESC_enriched,4,0.9985421787029698
3527,chr8,27731000,27734000,ESC_enriched,3,0.9562020874215705
3528,chr8,27974000,27976000,ESC_enriched,2,0.9862380002287208
3529,chr8,28437000,28450000,ESC_enriched,13,0.9955379471942545
3530,chr8,28550000,28562000,ESC_enriched,12,0.9958673491402604
3531,chr8,32555000,32557000,ESC_enriched,2,0.999998503028126
3532,chr8,34347000,34357000,ESC_enriched,10,0.9825277178425862
3533,chr8,34982000,34984000,ESC_enriched,2,0.9921718493772653
3534,chr8,36200000,36210000,ESC_enriched,10,0.9926737890789072
3535,chr8,36273000,36275000,ESC_enriched,2,0.9697051601191748
3536,chr8,36276000,36279000,ESC_enriched,3,0.9935251463799171
3537,chr8,36843000,36848000,ESC_enriched,5,0.9876755831727049
3538,chr8,37054000,37060000,ESC_enriched,6,0.9951192478957451
3539,chr8,37233000,37235000,ESC_enriched,2,0.9973679069695627
3540,chr8,37294000,37295000,ESC_enriched,1,0.9886730987840268
3541,chr8,37564000,37566000,ESC_enriched,2,0.9950966877800165
3542,chr8,37613000,37616000,ESC_enriched,3,0.9874940618276596
3543,chr8,40128000,40130000,ESC_enriched,2,0.9954700361747246
3544,chr8,41785000,41787000,ESC_enriched,2,0.9947179092395809
3545,chr8,42360000,42366000,ESC_enriched,6,0.9904869281503069
3546,chr8,46471000,46473000,ESC_enriched,2,0.9985813753197057
3547,chr8,46475000,46481000,ESC_enriched,6,0.9877094030955292
3548,chr8,46831000,46833000,ESC_enriched,2,0.9988377200309325
3549,chr8,46857000,46861000,ESC_enriched,4,0.9982404938284426
3550,chr8,47051000,47055000,NPC_enriched,4,0.9756638917110196
3551,chr8,47057000,47061000,NPC_enriched,4,0.982150653412794
3552,chr8,47062000,47067000,NPC_enriched,5,0.9887514951032932
3553,chr8,47650000,47654000,ESC_enriched,4,0.9985980322227724
3554,chr8,47716000,47720000,ESC_enriched,4,0.9945747199406847
3555,chr8,47790000,47796000,ESC_enriched,6,0.9881394172711316
3556,chr8,47797000,47798000,ESC_enriched,1,0.9926996884763266
3557,chr8,48236000,48242000,ESC_enriched,6,0.991884424268506
3558,chr8,48785000,48790000,ESC_enriched,5,0.9910155401264248
3559,chr8,48908000,48916000,ESC_enriched,8,0.9951869579602632
3560,chr8,49217000,49225000,ESC_enriched,8,0.9962870060439319
3561,chr8,49263000,49264000,ESC_enriched,1,0.967849409591495
3562,chr8,49714000,49715000,ESC_enriched,1,0.9532108269352111
3563,chr8,49717000,49724000,ESC_enriched,7,0.9921835032447313
3564,chr8,49727000,49729000,ESC_enriched,2,0.999918485767367
3565,chr8,50246000,50248000,ESC_enriched,2,0.9517677476082067
3566,chr8,50342000,50346000,ESC_enriched,4,0.9924255897884974
3567,chr8,52208000,52210000,NPC_enriched,2,0.9593324785788849
3568,chr8,55307000,55312000,NPC_enriched,5,0.9814795010794441
3569,chr8,60204000,60207000,ESC_enriched,3,0.998920632460306
3570,chr8,60210000,60242000,ESC_enriched,32,0.9994936830969948
3571,chr8,60244000,60249000,ESC_enriched,5,0.9739926861027856
3572,chr8,61804000,61806000,ESC_enriched,2,0.9992458831195208
3573,chr8,63398000,63399000,ESC_enriched,1,0.963953784420171
3574,chr8,63522000,63528000,ESC_enriched,6,0.9897842594486138
3575,chr8,64441000,64443000,ESC_enriched,2,0.9712538228790581
3576,chr8,67096000,67100000,ESC_enriched,4,0.9763193913710049
3577,chr8,67584000,67587000,ESC_enriched,3,0.9753928360213976
3578,chr8,69616000,69618000,ESC_enriched,2,0.9997749010299704
3579,chr8,71205000,71206000,ESC_enriched,1,0.9553601474446705
3580,chr8,71663000,71665000,ESC_enriched,2,0.9959593937531239
3581,chr8,71809000,71812000,ESC_enriched,3,0.992735115876803
3582,chr8,72067000,72069000,ESC_enriched,2,0.9865874300874129
3583,chr8,72113000,72114000,ESC_enriched,1,0.9553319746346505
3584,chr8,72804000,72820000,ESC_enriched,16,0.9988306792871772
3585,chr8,73011000,73020000,ESC_enriched,9,0.9981350811797906
3586,chr8,73040000,73050000,ESC_enriched,10,0.9937214515373227
3587,chr8,73300000,73314000,ESC_enriched,14,0.990409163412779
3588,chr8,73379000,73383000,ESC_enriched,4,0.9912611414252837
3589,chr8,73414000,73433000,ESC_enriched,19,0.9980768271086106
3590,chr8,73645000,73647000,ESC_enriched,2,0.976200529438162
3591,chr8,73672000,73678000,ESC_enriched,6,0.9937793650727337
3592,chr8,73723000,73728000,ESC_enriched,5,0.9739805224322564
3593,chr8,73785000,73786000,ESC_enriched,1,0.976068955865036
3594,chr8,73790000,73795000,ESC_enriched,5,0.9850955573751801
3595,chr8,73820000,73823000,ESC_enriched,3,0.9927413878074046
3596,chr8,74389000,74393000,ESC_enriched,4,0.9877513832652426
3597,chr8,74409000,74411000,ESC_enriched,2,0.99965628825218
3598,chr8,74436000,74442000,ESC_enriched,6,0.9898119506086647
3599,chr8,74454000,74458000,ESC_enriched,4,0.992357664064645
3600,chr8,74529000,74532000,ESC_enriched,3,0.9971557591420988
3601,chr8,74584000,74589000,ESC_enriched,5,0.991320028272939
3602,chr8,75567000,75569000,ESC_enriched,2,0.9830838959716954
3603,chr8,75571000,75573000,ESC_enriched,2,0.9860225420800945
3604,chr8,77816000,77820000,ESC_enriched,4,0.9689834661474155
3605,chr8,78107000,78109000,ESC_enriched,2,0.9942686512841158
3606,chr8,79795000,79798000,ESC_enriched,3,0.9993257350917345
3607,chr8,80412000,80417000,ESC_enriched,5,0.9889700216380035
3608,chr8,80619000,80622000,ESC_enriched,3,0.9946139963695216
3609,chr8,82106000,82107000,ESC_enriched,1,0.9513559507844327
3610,chr8,82953000,82955000,ESC_enriched,2,0.9977564875768924
3611,chr8,83506000,83508000,ESC_enriched,2,0.9963971812468377
3612,chr8,83773000,83780000,ESC_enriched,7,0.9851347388048063
3613,chr8,84238000,84240000,ESC_enriched,2,0.9959602230845684
3614,chr8,86179000,86183000,ESC_enriched,4,0.9806283956057343
3615,chr8,86556000,86561000,ESC_enriched,5,0.9818054996750899
3616,chr8,86932000,86936000,ESC_enriched,4,0.9959529385073899
3617,chr8,87506000,87510000,ESC_enriched,4,0.9904183442367638
3618,chr8,87592000,87600000,ESC_enriched,8,0.9977845991042532
3619,chr8,87602000,87636000,ESC_enriched,34,0.9949398167319204
3620,chr8,87639000,87644000,ESC_enriched,5,0.9970953642538622
3621,chr8,87655000,87697000,ESC_enriched,42,0.9984726194687771
3622,chr8,87801000,87804000,ESC_enriched,3,0.9742553176067115
3623,chr8,87899000,87905000,ESC_enriched,6,0.9900092769799868
3624,chr8,88240000,88242000,ESC_enriched,2,0.9528941186358899
3625,chr8,88591000,88594000,ESC_enriched,3,0.9939105409407721
3626,chr8,89927000,89929000,ESC_enriched,2,0.9588966237724108
3627,chr8,90357000,90362000,ESC_enriched,5,0.9864252821746848
3628,chr8,90548000,90553000,ESC_enriched,5,0.9968316896239408
3629,chr8,90672000,90674000,ESC_enriched,2,0.9691791946094629
3630,chr8,90851000,90853000,ESC_enriched,2,0.9993084909245693
3631,chr8,90888000,90891000,ESC_enriched,3,0.9804504786337084
3632,chr8,91159000,91165000,ESC_enriched,6,0.9913049850323378
3633,chr8,91270000,91274000,ESC_enriched,4,0.9682247068420933
3634,chr8,91341000,91347000,ESC_enriched,6,0.9918167020586638
3635,chr8,91410000,91415000,ESC_enriched,5,0.9959124050343868
3636,chr8,91479000,91481000,ESC_enriched,2,0.9673594820349449
3637,chr8,91525000,91531000,ESC_enriched,6,0.9940715282778875
3638,chr8,91704000,91706000,ESC_enriched,2,0.9609097751280613
3639,chr8,92162000,92166000,ESC_enriched,4,0.9937051394270676
3640,chr8,93236000,93239000,ESC_enriched,3,0.9970994177508473
3641,chr8,93738000,93740000,ESC_enriched,2,0.9889045352209276
3642,chr8,94686000,94699000,ESC_enriched,13,0.9973080842306451
3643,chr8,94956000,94961000,ESC_enriched,5,0.9875882945940251
3644,chr8,95245000,95260000,ESC_enriched,15,0.9971994629138686
3645,chr8,95304000,95305000,ESC_enriched,1,0.9588907584784323
3646,chr8,95563000,95571000,ESC_enriched,8,0.9984847038163335
3647,chr8,95848000,95852000,ESC_enriched,4,0.9787501345165632
3648,chr8,96700000,96703000,ESC_enriched,3,0.9973928296139459
3649,chr8,96841000,96855000,ESC_enriched,14,0.9895101211112924
3650,chr8,97422000,97426000,ESC_enriched,4,0.9989208848968906
3651,chr8,97582000,97586000,ESC_enriched,4,0.9983421796388025
3652,chr8,97660000,97662000,ESC_enriched,2,0.9869848533574793
3653,chr8,97667000,97672000,ESC_enriched,5,0.9902732465300407
3654,chr8,97801000,97804000,ESC_enriched,3,0.9885937077640038
3655,chr8,97963000,97965000,ESC_enriched,2,0.9800978720266277
3656,chr8,98208000,98221000,ESC_enriched,13,0.9950844226526309
3657,chr8,98242000,98245000,ESC_enriched,3,0.9998749742001278
3658,chr8,98570000,98571000,ESC_enriched,1,0.9662134546536472
3659,chr8,105674000,105677000,ESC_enriched,3,0.9957761211828369
3660,chr8,106927000,106930000,ESC_enriched,3,0.9782490639214655
3661,chr8,106953000,106957000,ESC_enriched,4,0.9604865940946152
3662,chr8,106984000,106992000,ESC_enriched,8,0.9927070100606209
3663,chr8,106998000,106999000,ESC_enriched,1,0.9549753882242501
3664,chr8,107000000,107001000,ESC_enriched,1,0.959514184565433
3665,chr8,107029000,107032000,ESC_enriched,3,0.9786407441886272
3666,chr8,107229000,107234000,ESC_enriched,5,0.9913514811709637
3667,chr8,107428000,107435000,ESC_enriched,7,0.9931243282878442
3668,chr8,107439000,107443000,ESC_enriched,4,0.98285946645066
3669,chr8,107444000,107447000,ESC_enriched,3,0.9717307613703134
3670,chr8,107519000,107521000,ESC_enriched,2,0.9997321737136142
3671,chr8,108031000,108035000,ESC_enriched,4,0.992431328665204
3672,chr8,108038000,108043000,ESC_enriched,5,0.9862502078765824
3673,chr8,108146000,108151000,ESC_enriched,5,0.9896870952794504
3674,chr8,108156000,108169000,ESC_enriched,13,0.9995216209413624
3675,chr8,108238000,108241000,ESC_enriched,3,0.9799281901037119
3676,chr8,108263000,108270000,ESC_enriched,7,0.9985285828243459
3677,chr8,108361000,108363000,ESC_enriched,2,0.9742115126229346
3678,chr8,108409000,108410000,ESC_enriched,1,0.952336340663616
3679,chr8,108501000,108505000,ESC_enriched,4,0.9976795534742308
3680,chr8,109153000,109156000,ESC_enriched,3,0.9893605247189083
3681,chr8,109224000,109227000,ESC_enriched,3,0.9905410829201579
3682,chr8,109397000,109399000,ESC_enriched,2,0.98517689554974
3683,chr8,109755000,109763000,ESC_enriched,8,0.9942787799592097
3684,chr8,109864000,109873000,NPC_enriched,9,0.990925548183816
3685,chr8,111584000,111587000,ESC_enriched,3,0.9992091913715395
3686,chr8,111619000,111621000,ESC_enriched,2,0.9760125274873335
3687,chr8,111681000,111684000,ESC_enriched,3,0.9998178008500375
3688,chr8,111828000,111833000,ESC_enriched,5,0.9856418855709851
3689,chr8,111835000,111842000,ESC_enriched,7,0.9908056737889949
3690,chr8,111844000,111847000,ESC_enriched,3,0.9955000273469102
3691,chr8,112373000,112376000,ESC_enriched,3,0.9869195202047433
3692,chr8,112849000,112853000,ESC_enriched,4,0.9904611010494629
3693,chr8,112990000,112992000,ESC_enriched,2,0.9650817463049641
3694,chr8,113372000,113374000,ESC_enriched,2,0.9953751496771202
3695,chr8,113609000,113612000,ESC_enriched,3,0.9973716131164339
3696,chr8,113625000,113627000,ESC_enriched,2,0.988546059342509
3697,chr8,113676000,113678000,ESC_enriched,2,0.9891990751967896
3698,chr8,114223000,114224000,ESC_enriched,1,0.9792526542258446
3699,chr8,114776000,114778000,ESC_enriched,2,0.9999999973908646
3700,chr8,115791000,115795000,NPC_enriched,4,0.9714847465404042
3701,chr8,116732000,116735000,ESC_enriched,3,0.9623552104354567
3702,chr8,117700000,117704000,ESC_enriched,4,0.9571359877425931
3703,chr8,118037000,118039000,ESC_enriched,2,0.9775676316708365
3704,chr8,118083000,118089000,ESC_enriched,6,0.9873673239947925
3705,chr8,118591000,118600000,ESC_enriched,9,0.9846675642439163
3706,chr8,119749000,119751000,ESC_enriched,2,0.994923470677157
3707,chr8,119901000,119907000,ESC_enriched,6,0.9914502716138589
3708,chr8,120006000,120008000,ESC_enriched,2,0.9553825493044588
3709,chr8,120014000,120027000,ESC_enriched,13,0.9939443678850366
3710,chr8,120375000,120380000,ESC_enriched,5,0.9920023132378439
3711,chr8,121168000,121172000,ESC_enriched,4,0.993888573152633
3712,chr8,121680000,121681000,ESC_enriched,1,0.9590246291868599
3713,chr8,122301000,122302000,ESC_enriched,1,0.9579743799975988
3714,chr8,122333000,122335000,ESC_enriched,2,0.9989651725649455
3715,chr8,122518000,122523000,ESC_enriched,5,0.9931133224076675
3716,chr8,122756000,122757000,ESC_enriched,1,0.9700823189960507
3717,chr8,122876000,122883000,ESC_enriched,7,0.9965984944898141
3718,chr8,123000000,123005000,ESC_enriched,5,0.9969555872029767
3719,chr8,123046000,123048000,ESC_enriched,2,0.9840129346774691
3720,chr8,123371000,123374000,ESC_enriched,3,0.9870132213562007
3721,chr8,123623000,123630000,ESC_enriched,7,0.9914086415130863
3722,chr8,123639000,123641000,ESC_enriched,2,0.9976764122554457
3723,chr8,123959000,123978000,ESC_enriched,19,0.9888545028067255
3724,chr8,124001000,124005000,ESC_enriched,4,0.9952372102176483
3725,chr8,124113000,124115000,ESC_enriched,2,0.9742811474409008
3726,chr8,124319000,124320000,ESC_enriched,1,0.9676532210266472
3727,chr8,124638000,124640000,ESC_enriched,2,0.9987635556990462
3728,chr8,125047000,125051000,ESC_enriched,4,0.970031254649325
3729,chr8,125077000,125079000,ESC_enriched,2,0.9567733071425457
3730,chr8,125117000,125119000,ESC_enriched,2,0.9784598411382568
3731,chr8,125141000,125157000,ESC_enriched,16,0.9799096415446956
3732,chr8,125169000,125174000,ESC_enriched,5,0.9923232143147803
3733,chr8,125221000,125225000,ESC_enriched,4,0.9985862911075901
3734,chr8,126002000,126006000,ESC_enriched,4,0.9996642974376533
3735,chr8,126398000,126401000,ESC_enriched,3,0.9737570150557237
3736,chr8,126423000,126424000,ESC_enriched,1,0.955313660935362
3737,chr8,126778000,126783000,ESC_enriched,5,0.9975604656105741
3738,chr8,127446000,127448000,ESC_enriched,2,0.9777441863337706
3739,chr8,127677000,127681000,ESC_enriched,4,0.9933106638713735
3740,chr8,127719000,127722000,ESC_enriched,3,0.9603434674841664
3741,chr8,127938000,127943000,ESC_enriched,5,0.9891286894021709
3742,chr8,129024000,129027000,ESC_enriched,3,0.9833371418290441
3743,chr8,129185000,129186000,ESC_enriched,1,0.9653214674889995
3744,chr8,129693000,129697000,ESC_enriched,4,0.9868574392161579
3745,chr8,131243000,131247000,ESC_enriched,4,0.9945057220283908
3746,chr8,131751000,131756000,NPC_enriched,5,0.9937340802314557
3747,chr9,4794000,4797000,ESC_enriched,3,0.9886688975160522
3748,chr9,9439000,9444000,NPC_enriched,5,0.9984137541052155
3749,chr9,14499000,14503000,ESC_enriched,4,0.9923877058808609
3750,chr9,14610000,14615000,ESC_enriched,5,0.9946270922241991
3751,chr9,14653000,14654000,ESC_enriched,1,0.9613590069161776
3752,chr9,15459000,15463000,ESC_enriched,4,0.993482513416631
3753,chr9,15969000,15977000,NPC_enriched,8,0.9892197865387398
3754,chr9,16249000,16253000,ESC_enriched,4,0.9995425995738212
3755,chr9,16883000,16885000,NPC_enriched,2,0.9790315389752715
3756,chr9,18025000,18028000,NPC_enriched,3,0.975708374386464
3757,chr9,20445000,20447000,ESC_enriched,2,0.9841304028414984
3758,chr9,20474000,20480000,ESC_enriched,6,0.9977343224367377
3759,chr9,21711000,21713000,ESC_enriched,2,0.9651241751518136
3760,chr9,21731000,21733000,ESC_enriched,2,0.952976207799521
3761,chr9,21739000,21743000,ESC_enriched,4,0.9956077396051805
3762,chr9,21939000,21940000,ESC_enriched,1,0.9623922242090505
3763,chr9,24445000,24448000,ESC_enriched,3,0.9874744297137233
3764,chr9,24520000,24533000,ESC_enriched,13,0.9970159441961014
3765,chr9,25231000,25233000,ESC_enriched,2,0.9654925634894792
3766,chr9,26275000,26280000,NPC_enriched,5,0.9879007480220624
3767,chr9,26904000,26905000,ESC_enriched,1,0.9775463341101163
3768,chr9,27539000,27542000,ESC_enriched,3,0.9867149895798623
3769,chr9,29712000,29713000,ESC_enriched,1,0.9532606752592794
3770,chr9,29876000,29885000,NPC_enriched,9,0.9988687655390167
3771,chr9,29888000,29889000,NPC_enriched,1,0.9565445838911155
3772,chr9,29890000,29913000,NPC_enriched,23,0.9962812915527133
3773,chr9,29920000,29934000,NPC_enriched,14,0.996433982397556
3774,chr9,29974000,29981000,NPC_enriched,7,0.9758452505189167
3775,chr9,30020000,30022000,NPC_enriched,2,0.9664873352640428
3776,chr9,30023000,30028000,NPC_enriched,5,0.9720058132516721
3777,chr9,30671000,30674000,ESC_enriched,3,0.9939423120178782
3778,chr9,31213000,31215000,ESC_enriched,2,0.9998406197637171
3779,chr9,31606000,31609000,ESC_enriched,3,0.9913644976748394
3780,chr9,31663000,31667000,ESC_enriched,4,0.9968175459939916
3781,chr9,32092000,32095000,ESC_enriched,3,0.9780805142983011
3782,chr9,32158000,32161000,ESC_enriched,3,0.9990804870990169
3783,chr9,32183000,32185000,ESC_enriched,2,0.9844716595519483
3784,chr9,32421000,32423000,ESC_enriched,2,0.9816886710896016
3785,chr9,32782000,32788000,NPC_enriched,6,0.9882191643956356
3786,chr9,32801000,32806000,NPC_enriched,5,0.9901328818683511
3787,chr9,32810000,32821000,NPC_enriched,11,0.9990068115562973
3788,chr9,32831000,32841000,NPC_enriched,10,0.9923970367185182
3789,chr9,32852000,32855000,NPC_enriched,3,0.9654210175163646
3790,chr9,32921000,32927000,NPC_enriched,6,0.9951957896909533
3791,chr9,33012000,33023000,NPC_enriched,11,0.9968589303870107
3792,chr9,33749000,33754000,NPC_enriched,5,0.9668426466451976
3793,chr9,34237000,34240000,ESC_enriched,3,0.9995996025711017
3794,chr9,35074000,35080000,NPC_enriched,6,0.9900831718481019
3795,chr9,35152000,35168000,NPC_enriched,16,0.9849368860206997
3796,chr9,36691000,36693000,ESC_enriched,2,0.9760503156115186
3797,chr9,36891000,36897000,ESC_enriched,6,0.9906335169411875
3798,chr9,37132000,37135000,ESC_enriched,3,0.9968920402852411
3799,chr9,37167000,37186000,ESC_enriched,19,0.9956129426028175
3800,chr9,37204000,37211000,ESC_enriched,7,0.9924622810984237
3801,chr9,37278000,37282000,ESC_enriched,4,0.9974020445593281
3802,chr9,37288000,37291000,ESC_enriched,3,0.9965007765306559
3803,chr9,37300000,37308000,ESC_enriched,8,0.9811006813669189
3804,chr9,39763000,39765000,NPC_enriched,2,0.9649586367340341
3805,chr9,40205000,40207000,ESC_enriched,2,0.9999120135319288
3806,chr9,40280000,40283000,ESC_enriched,3,0.9721455929959465
3807,chr9,40436000,40440000,ESC_enriched,4,0.9888184836968089
3808,chr9,40906000,40911000,ESC_enriched,5,0.9954594924272147
3809,chr9,42271000,42274000,ESC_enriched,3,0.9829303227882691
3810,chr9,42693000,42695000,ESC_enriched,2,0.979615473966341
3811,chr9,43021000,43028000,ESC_enriched,7,0.99326811050108
3812,chr9,43489000,43492000,NPC_enriched,3,0.979732604911708
3813,chr9,43794000,43801000,ESC_enriched,7,0.9830833283688409
3814,chr9,43835000,43837000,ESC_enriched,2,0.9747458705544567
3815,chr9,43886000,43888000,ESC_enriched,2,0.9866625689996453
3816,chr9,44037000,44041000,ESC_enriched,4,0.9960230169037478
3817,chr9,44062000,44071000,ESC_enriched,9,0.9908170200840392
3818,chr9,44456000,44460000,ESC_enriched,4,0.98348662619662
3819,chr9,44466000,44468000,ESC_enriched,2,0.9996584190167019
3820,chr9,44484000,44489000,ESC_enriched,5,0.9852133343057741
3821,chr9,44550000,44553000,ESC_enriched,3,0.9800399172169051
3822,chr9,45197000,45202000,ESC_enriched,5,0.9783392022112192
3823,chr9,45493000,45496000,ESC_enriched,3,0.9858311686381249
3824,chr9,46020000,46022000,ESC_enriched,2,0.9973721022059002
3825,chr9,46192000,46196000,ESC_enriched,4,0.9927069361723342
3826,chr9,48400000,48401000,ESC_enriched,1,0.951580754727731
3827,chr9,48575000,48576000,ESC_enriched,1,0.967238043116252
3828,chr9,48581000,48591000,ESC_enriched,10,0.9960958964044366
3829,chr9,48713000,48716000,ESC_enriched,3,0.9893960048469496
3830,chr9,49549000,49551000,ESC_enriched,2,0.9949588536466595
3831,chr9,50313000,50315000,ESC_enriched,2,0.971894886217394
3832,chr9,50503000,50505000,ESC_enriched,2,0.9734636735346807
3833,chr9,50854000,50856000,ESC_enriched,2,0.9784912827341072
3834,chr9,50951000,50972000,NPC_enriched,21,0.998949815875585
3835,chr9,51517000,51522000,ESC_enriched,5,0.9869637723536163
3836,chr9,51920000,51922000,ESC_enriched,2,0.982501758369059
3837,chr9,52440000,52442000,ESC_enriched,2,0.9778337543189688
3838,chr9,53372000,53373000,ESC_enriched,1,0.9539810692326486
3839,chr9,54083000,54086000,ESC_enriched,3,0.9884615331503089
3840,chr9,54340000,54343000,ESC_enriched,3,0.9789449970632284
3841,chr9,54443000,54446000,ESC_enriched,3,0.9905725304217531
3842,chr9,54494000,54499000,ESC_enriched,5,0.9891645804142885
3843,chr9,55198000,55200000,ESC_enriched,2,0.9643684372560704
3844,chr9,55336000,55348000,ESC_enriched,12,0.9963153854253576
3845,chr9,56417000,56424000,ESC_enriched,7,0.9910510567867948
3846,chr9,56427000,56435000,ESC_enriched,8,0.9901711879248064
3847,chr9,56662000,56668000,ESC_enriched,6,0.9968937718890921
3848,chr9,56681000,56686000,ESC_enriched,5,0.9940604451150652
3849,chr9,56687000,56700000,ESC_enriched,13,0.984599752660049
3850,chr9,56725000,56727000,ESC_enriched,2,0.972430633597807
3851,chr9,57067000,57068000,ESC_enriched,1,0.9542918397645439
3852,chr9,57494000,57496000,ESC_enriched,2,0.9889588770782614
3853,chr9,57627000,57629000,NPC_enriched,2,0.9969980299865903
3854,chr9,57995000,57996000,ESC_enriched,1,0.9863470147945765
3855,chr9,58109000,58115000,ESC_enriched,6,0.9947089202793854
3856,chr9,58286000,58292000,ESC_enriched,6,0.9856584740716764
3857,chr9,58657000,58659000,ESC_enriched,2,0.9993040951629637
3858,chr9,59401000,59403000,ESC_enriched,2,0.9992599623708369
3859,chr9,59744000,59748000,ESC_enriched,4,0.9737769835780179
3860,chr9,59975000,59977000,NPC_enriched,2,0.956882101918936
3861,chr9,60074000,60085000,NPC_enriched,11,0.9928551787378052
3862,chr9,60091000,60135000,NPC_enriched,44,0.9984457243321824
3863,chr9,60144000,60150000,NPC_enriched,6,0.9596631230256195
3864,chr9,60511000,60513000,ESC_enriched,2,0.9963413614533012
3865,chr9,60764000,60770000,NPC_enriched,6,0.9893133536630193
3866,chr9,62475000,62480000,ESC_enriched,5,0.9969600770709407
3867,chr9,62559000,62561000,ESC_enriched,2,0.9556744588953118
3868,chr9,63220000,63225000,NPC_enriched,5,0.9914592313012063
3869,chr9,63751000,63753000,ESC_enriched,2,0.9933952177449319
3870,chr9,63857000,63861000,ESC_enriched,4,0.9881707218055049
3871,chr9,63879000,63884000,ESC_enriched,5,0.9955922711228654
3872,chr9,64898000,64902000,ESC_enriched,4,0.998733645180572
3873,chr9,64921000,64926000,ESC_enriched,5,0.9840579049019652
3874,chr9,64937000,64942000,ESC_enriched,5,0.9860888614877069
3875,chr9,64960000,64962000,ESC_enriched,2,0.9948566779348758
3876,chr9,65169000,65176000,ESC_enriched,7,0.9854721468451402
3877,chr9,65187000,65191000,ESC_enriched,4,0.9854250376795262
3878,chr9,65192000,65198000,ESC_enriched,6,0.9748299587983706
3879,chr9,65866000,65867000,ESC_enriched,1,0.9514480818825991
3880,chr9,65980000,65982000,ESC_enriched,2,0.9630485732219776
3881,chr9,66392000,66395000,ESC_enriched,3,0.988303927722046
3882,chr9,66717000,66719000,ESC_enriched,2,0.9810174580061012
3883,chr9,66847000,66850000,ESC_enriched,3,0.9996891171513552
3884,chr9,69090000,69091000,ESC_enriched,1,0.9696600891940157
3885,chr9,69318000,69320000,NPC_enriched,2,0.9723690747038769
3886,chr9,69468000,69471000,ESC_enriched,3,0.983027110021173
3887,chr9,69734000,69740000,NPC_enriched,6,0.9904995133738903
3888,chr9,70601000,70602000,ESC_enriched,1,0.9690166548558703
3889,chr9,71047000,71050000,NPC_enriched,3,0.9740460137973134
3890,chr9,71930000,71934000,ESC_enriched,4,0.9960978608441579
3891,chr9,72604000,72607000,ESC_enriched,3,0.9982613924542196
3892,chr9,72722000,72726000,ESC_enriched,4,0.9975554380959004
3893,chr9,72972000,72974000,ESC_enriched,2,0.9624404242288178
3894,chr9,74633000,74655000,ESC_enriched,22,0.9964677677322683
3895,chr9,75396000,75398000,ESC_enriched,2,0.9989519972609706
3896,chr9,75411000,75413000,ESC_enriched,2,0.9843789563382623
3897,chr9,76108000,76110000,ESC_enriched,2,0.9771488138459835
3898,chr9,77441000,77442000,ESC_enriched,1,0.9669228157832203
3899,chr9,78228000,78232000,ESC_enriched,4,0.9928440292930055
3900,chr9,79503000,79507000,ESC_enriched,4,0.9999914065180685
3901,chr9,81428000,81430000,ESC_enriched,2,0.9998962127000371
3902,chr9,82942000,82944000,ESC_enriched,2,0.9996721734314222
3903,chr9,83600000,83604000,ESC_enriched,4,0.9965477566672392
3904,chr9,85122000,85126000,ESC_enriched,4,0.9854789306470985
3905,chr9,85637000,85643000,ESC_enriched,6,0.9813778408642397
3906,chr9,86677000,86679000,ESC_enriched,2,0.9972574081311687
3907,chr9,87527000,87540000,ESC_enriched,13,0.9794000874998126
3908,chr9,88124000,88135000,ESC_enriched,11,0.9960549437948539
3909,chr9,89419000,89421000,ESC_enriched,2,0.9769771792588149
3910,chr9,89705000,89714000,ESC_enriched,9,0.9914788763884389
3911,chr9,89852000,89854000,ESC_enriched,2,0.9865528078818828
3912,chr9,89960000,89965000,ESC_enriched,5,0.9871474011060475
3913,chr9,89971000,89974000,ESC_enriched,3,0.9648384673938007
3914,chr9,89986000,89987000,ESC_enriched,1,0.9703635257116
3915,chr9,91148000,91170000,ESC_enriched,22,0.9981105302153616
3916,chr9,91174000,91187000,ESC_enriched,13,0.9978279301597119
3917,chr9,91199000,91206000,ESC_enriched,7,0.9909790558643694
3918,chr9,92261000,92263000,ESC_enriched,2,0.9766943411924195
3919,chr9,94488000,94491000,ESC_enriched,3,0.9876512601705899
3920,chr9,95213000,95219000,ESC_enriched,6,0.9958157516510253
3921,chr9,95359000,95371000,ESC_enriched,12,0.9869040855352323
3922,chr9,96245000,96252000,ESC_enriched,7,0.9955020734476262
3923,chr9,96824000,96830000,ESC_enriched,6,0.9837691618179593
3924,chr9,97857000,97860000,NPC_enriched,3,0.9714372800312163
3925,chr9,98758000,98767000,ESC_enriched,9,0.9988681198328023
3926,chr9,98768000,98774000,ESC_enriched,6,0.9938728439726622
3927,chr9,99245000,99247000,ESC_enriched,2,0.975895946102352
3928,chr9,99682000,99685000,ESC_enriched,3,0.9806997668858499
3929,chr9,99847000,99849000,NPC_enriched,2,0.9720394753180184
3930,chr9,100379000,100382000,ESC_enriched,3,0.9990184166364197
3931,chr9,102060000,102062000,ESC_enriched,2,0.9545870253266647
3932,chr9,102204000,102211000,ESC_enriched,7,0.9997437786134034
3933,chr9,102361000,102365000,ESC_enriched,4,0.9983430257833709
3934,chr9,102865000,102868000,ESC_enriched,3,0.9863490316945462
3935,chr9,102969000,102973000,ESC_enriched,4,0.9892986636009684
3936,chr9,103085000,103089000,ESC_enriched,4,0.9798028558541186
3937,chr9,106007000,106008000,ESC_enriched,1,0.9583055044039928
3938,chr9,106083000,106087000,ESC_enriched,4,0.9888786460870584
3939,chr9,106505000,106509000,ESC_enriched,4,0.9967614840227377
3940,chr9,106855000,106859000,NPC_enriched,4,0.9833099709419578
3941,chr9,107407000,107411000,ESC_enriched,4,0.985615460746879
3942,chr9,107456000,107457000,ESC_enriched,1,0.9908571343088773
3943,chr9,107524000,107529000,ESC_enriched,5,0.9974970684412574
3944,chr9,107541000,107544000,ESC_enriched,3,0.9908386634122245
3945,chr9,107758000,107761000,ESC_enriched,3,0.9853471040533224
3946,chr9,107765000,107767000,ESC_enriched,2,0.999038533055059
3947,chr9,107837000,107843000,ESC_enriched,6,0.9924166756599863
3948,chr9,107963000,107977000,ESC_enriched,14,0.9999264700185929
3949,chr9,108288000,108291000,ESC_enriched,3,0.9792463385505586
3950,chr9,108814000,108815000,ESC_enriched,1,0.973336983027473
3951,chr9,110089000,110091000,ESC_enriched,2,0.9999492224000326
3952,chr9,110571000,110576000,ESC_enriched,5,0.9976906720613167
3953,chr9,110702000,110704000,ESC_enriched,2,0.9566435971142561
3954,chr9,111964000,111967000,ESC_enriched,3,0.9772830259626478
3955,chr9,116022000,116025000,ESC_enriched,3,0.9820448235150069
3956,chr9,118103000,118104000,ESC_enriched,1,0.9778415549818877
3957,chr9,118236000,118238000,ESC_enriched,2,0.9956671270651658
3958,chr9,118324000,118330000,ESC_enriched,6,0.9840372417854022
3959,chr9,118335000,118337000,ESC_enriched,2,0.9947095425682331
3960,chr9,118773000,118779000,ESC_enriched,6,0.9937633500114682
3961,chr9,118940000,118942000,ESC_enriched,2,0.9868347158826808
3962,chr9,118991000,118993000,ESC_enriched,2,0.95932704200379
3963,chr9,119362000,119363000,ESC_enriched,1,0.9502098147800646
3964,chr9,119417000,119427000,ESC_enriched,10,0.9929060423896721
3965,chr9,120151000,120153000,ESC_enriched,2,0.9894744461275551
3966,chr9,121488000,121490000,ESC_enriched,2,0.9639870203898537
3967,chr9,121610000,121615000,ESC_enriched,5,0.9973337264140895
3968,chr9,121625000,121641000,ESC_enriched,16,0.9940939537749115
3969,chr9,122482000,122490000,NPC_enriched,8,0.9800865386961933
3970,chr9,123004000,123006000,ESC_enriched,2,0.9988705927424499
3971,chr9,123064000,123065000,ESC_enriched,1,0.9980778679260124
3972,chr9,123105000,123107000,ESC_enriched,2,0.9512870520166197
3973,chrX,6580000,6589000,NPC_enriched,9,0.9966121403050049
3974,chrX,8356000,8358000,ESC_enriched,2,0.9986192534295698
3975,chrX,9642000,9644000,ESC_enriched,2,0.9882599285726055
3976,chrX,11233000,11237000,ESC_enriched,4,0.995801696442002
3977,chrX,11238000,11251000,ESC_enriched,13,0.9991343270308144
3978,chrX,11281000,11302000,ESC_enriched,21,0.9953016283991064
3979,chrX,11306000,11310000,ESC_enriched,4,0.9791671026463108
3980,chrX,11312000,11318000,ESC_enriched,6,0.9989588822350628
3981,chrX,12642000,12645000,ESC_enriched,3,0.9995172511708352
3982,chrX,19216000,19220000,ESC_enriched,4,0.9939176932104492
3983,chrX,32760000,32764000,ESC_enriched,4,0.9895551801024525
3984,chrX,33479000,33482000,ESC_enriched,3,0.9960543231327809
3985,chrX,34495000,34498000,ESC_enriched,3,0.9986282181736423
3986,chrX,37645000,37647000,ESC_enriched,2,0.9981452447881819
3987,chrX,39674000,39675000,ESC_enriched,1,0.9548254833306646
3988,chrX,40612000,40613000,ESC_enriched,1,0.9511141672486029
3989,chrX,44263000,44266000,ESC_enriched,3,0.9550185671191483
3990,chrX,44274000,44282000,ESC_enriched,8,0.9931596643782526
3991,chrX,44316000,44326000,ESC_enriched,10,0.9833753203063976
3992,chrX,44405000,44406000,ESC_enriched,1,0.9605218461055375
3993,chrX,44585000,44588000,ESC_enriched,3,0.9978529311725138
3994,chrX,44590000,44593000,ESC_enriched,3,0.9744106112995
3995,chrX,47923000,47933000,ESC_enriched,10,0.9948809161756087
3996,chrX,49301000,49305000,ESC_enriched,4,0.9860034596421953
3997,chrX,49969000,49971000,ESC_enriched,2,0.9999997752026735
3998,chrX,53673000,53675000,ESC_enriched,2,0.9869636534548762
3999,chrX,54264000,54270000,ESC_enriched,6,0.9890934585903596
4000,chrX,56809000,56810000,ESC_enriched,1,0.99786007442346
4001,chrX,57150000,57160000,ESC_enriched,10,0.997877705904114
4002,chrX,62910000,62915000,ESC_enriched,5,0.9895263545733647
4003,chrX,65620000,65623000,ESC_enriched,3,0.9972948021515285
4004,chrX,67309000,67313000,ESC_enriched,4,0.9879093659385867
4005,chrX,67812000,67817000,ESC_enriched,5,0.9883002975181775
4006,chrX,67927000,67929000,ESC_enriched,2,0.9968836290716251
4007,chrX,68526000,68529000,ESC_enriched,3,0.9590515105459981
4008,chrX,69077000,69079000,ESC_enriched,2,0.9986102166047262
4009,chrX,69663000,69666000,ESC_enriched,3,0.97676278553981
4010,chrX,69672000,69676000,ESC_enriched,4,0.9974595141544987
4011,chrX,69889000,69891000,ESC_enriched,2,0.9834089188800439
4012,chrX,69893000,69894000,ESC_enriched,1,0.9882500563337308
4013,chrX,89537000,89555000,ESC_enriched,18,0.9969605165157418
4014,chrX,94351000,94355000,ESC_enriched,4,0.9991332355870874
4015,chrX,95339000,95344000,ESC_enriched,5,0.9997681779707654
4016,chrX,95347000,95350000,ESC_enriched,3,0.992834019520009
4017,chrX,95352000,95358000,ESC_enriched,6,0.9900924649548909
4018,chrX,95359000,95365000,ESC_enriched,6,0.9849725061156177
4019,chrX,95385000,95387000,ESC_enriched,2,0.9609163861363226
4020,chrX,95398000,95404000,ESC_enriched,6,0.9963888844531889
4021,chrX,95418000,95424000,ESC_enriched,6,0.9903755994386612
4022,chrX,95635000,95638000,ESC_enriched,3,0.9766247095085755
4023,chrX,95718000,95722000,ESC_enriched,4,0.9908975914710076
4024,chrX,95793000,95802000,ESC_enriched,9,0.992147401495003
4025,chrX,97898000,97901000,ESC_enriched,3,0.9982731893562292
4026,chrX,98048000,98058000,ESC_enriched,10,0.9937798437008984
4027,chrX,98272000,98275000,ESC_enriched,3,0.9926390252267611
4028,chrX,98451000,98456000,ESC_enriched,5,0.9978179610875992
4029,chrX,99136000,99137000,ESC_enriched,1,0.9888589407226124
4030,chrX,99524000,99526000,ESC_enriched,2,0.9998924750575648
4031,chrX,99897000,99900000,ESC_enriched,3,0.9738264102730573
4032,chrX,100023000,100027000,ESC_enriched,4,0.989787462651883
4033,chrX,101324000,101326000,ESC_enriched,2,0.9818880822891005
4034,chrX,101965000,101972000,ESC_enriched,7,0.9966363392137018
4035,chrX,102423000,102424000,ESC_enriched,1,0.990266238313662
4036,chrX,103040000,103042000,ESC_enriched,2,0.9911559063863595
4037,chrX,107016000,107021000,ESC_enriched,5,0.9972861135639773
4038,chrX,116406000,116411000,ESC_enriched,5,0.996523726767961
4039,chrX,120307000,120309000,NPC_enriched,2,0.9707474533818253
4040,chrX,129031000,129038000,ESC_enriched,7,0.9983367064157332
4041,chrX,129642000,129644000,ESC_enriched,2,0.9851709185523057
4042,chrX,129820000,129823000,ESC_enriched,3,0.9925168884287873
4043,chrX,130103000,130105000,ESC_enriched,2,0.954772679378739
4044,chrX,132452000,132453000,ESC_enriched,1,0.9718683239347974
4045,chrX,132465000,132468000,ESC_enriched,3,0.990407365133827
4046,chrX,132916000,132920000,ESC_enriched,4,0.9859223550232972
4047,chrX,135217000,135220000,ESC_enriched,3,0.9820800622662809
4048,chrX,135778000,135781000,ESC_enriched,3,0.9879615097908911
4049,chrX,136011000,136015000,ESC_enriched,4,0.9987633848162535
4050,chrX,136966000,136972000,ESC_enriched,6,0.9950507629228782
4051,chrX,137551000,137553000,ESC_enriched,2,0.9992573793161554
4052,chrX,139933000,139937000,ESC_enriched,4,0.9874240071341615
4053,chrX,142207000,142210000,ESC_enriched,3,0.9947665151110904
4054,chrX,147485000,147488000,ESC_enriched,3,0.9914912775706896
4055,chrX,150962000,150968000,ESC_enriched,6,0.9903501323929049
4056,chrX,153386000,153388000,ESC_enriched,2,0.9915406032133243
4057,chrX,154970000,154973000,ESC_enriched,3,0.9707479916129483
4058,chrX,155333000,155335000,ESC_enriched,2,0.9581965093141447
4059,chrX,155734000,155736000,ESC_enriched,2,0.9927227102419753
4060,chrX,157061000,157063000,ESC_enriched,2,0.9676961893142078
4061,chrX,157253000,157254000,ESC_enriched,1,0.9563879611605262
4062,chrX,157503000,157505000,ESC_enriched,2,0.9944584905919266
4063,chrX,159104000,159107000,ESC_enriched,3,0.9889700124392521
4064,chrX,161581000,161585000,ESC_enriched,4,0.9974572215749076
4065,chrX,163467000,163469000,ESC_enriched,2,0.9728688843726576
4066,chrX,164139000,164143000,ESC_enriched,4,0.9921904301694485
4067,chrX,165338000,165341000,ESC_enriched,3,0.996690412682415
4068,chrY,1294000,1298000,NPC_enriched,4,0.997226710003463
4069,chrY,1510000,1514000,NPC_enriched,4,0.9797024556645212
4070,chrY,1517000,1519000,NPC_enriched,2,0.9527668306872841
4071,chrY,1780000,1782000,NPC_enriched,2,0.9996454225834821
4072,chrY,1820000,1823000,NPC_enriched,3,0.9986179441001508
4073,chrY,2629000,2631000,NPC_enriched,2,0.9805931588925714
