dhms_region_id,chromosome,region_start,region_end,dhms_state,n_bins,mean_state_posterior,annotation,gene_name,transcript_id,strand,nearest_gene,distance_to_tss
1,chr1,3515000,3518000,NPC_enriched,3,0.9934395544087318,gene_body,Xkr4,NM_001011874,-,Xkr4,-145079.0
2,chr1,4355000,4359000,NPC_enriched,4,0.9926893593312832,intergenic,,,,Rp1,6616.0
3,chr1,4678000,4680000,ESC_enriched,2,0.996363136649566,intergenic,,,,Mrpl15,-96807.0
4,chr1,5008000,5014000,ESC_enriched,6,0.999860821390762,gene_body,Rgs20,NM_001177795,-,Rgs20,-49366.0
5,chr1,5906000,5908000,ESC_enriched,2,0.9991726392208942,promoter,Npbwr1,NM_010342,-,Npbwr1,-479.0
6,chr1,6431000,6433000,ESC_enriched,2,0.9891990751967896,intergenic,,,,St18,-45311.0
7,chr1,9264000,9266000,NPC_enriched,2,0.9834149956178152,gene_body,Sntg1,NM_001290393,-,Sntg1,-20091.0
8,chr1,9783000,9787000,ESC_enriched,4,0.9928277334190224,promoter,Sgk3,NM_177547,+,Sgk3,1657.0
9,chr1,9833000,9837000,ESC_enriched,4,0.9872846795023588,gene_body,Sgk3,NM_177547,+,Sgk3,51657.0
10,chr1,12977000,12980000,ESC_enriched,3,0.9820398987541472,promoter,Slco5a1,NM_172841,-,Slco5a1,2151.0
11,chr1,13110000,13114000,ESC_enriched,4,0.996176036056806,promoter,Prdm14,NM_001081209,-,Prdm14,-377.0
12,chr1,13916000,13921000,NPC_enriched,5,0.9772785353647606,intergenic,,,,Gm5523,146357.0
13,chr1,14490000,14494000,ESC_enriched,4,0.9940904031743844,intergenic,,,,Eya1,196587.0
14,chr1,14886000,14890000,NPC_enriched,4,0.988364288720882,gene_body,Trpa1,NM_177781,-,Trpa1,-16076.0
15,chr1,15877000,15879000,ESC_enriched,2,0.9873367343251084,promoter,Sbspon,NM_001033288,-,Sbspon,64.0
16,chr1,16078000,16079000,ESC_enriched,1,0.9991538232450884,promoter,4930444P10Rik,NM_001305227,-,4930444P10Rik,-39.0
17,chr1,18965000,18968000,NPC_enriched,3,0.9770414672091042,intergenic,,,,Tfap2d,-121735.0
18,chr1,21945000,21950000,ESC_enriched,5,0.9955628879295816,promoter,Kcnq5,NM_001310477,-,Kcnq5,-301.0
19,chr1,22027000,22028000,NPC_enriched,1,0.9517852661098508,intergenic,,,,Kcnq5,79699.0
20,chr1,23715000,23719000,ESC_enriched,4,0.988644745983934,promoter,B3gat2,NM_172124,+,B3gat2,800.0
21,chr1,32441000,32442000,NPC_enriched,1,0.9517862974848248,gene_body,Khdrbs2,NM_133235,+,Gm9839,-24045.0
22,chr1,34417000,34418000,ESC_enriched,1,0.9947148526344806,gene_body,Ptpn18,NM_011206,+,Ptpn18,13209.0
23,chr1,34578000,34582000,ESC_enriched,4,0.9928098962734694,promoter,AA619741,NR_033627,-,AA619741,-756.0
24,chr1,34621000,34625000,ESC_enriched,4,0.994579511888985,promoter,Arhgef4,NM_001368773,+,Arhgef4,273.0
25,chr1,34668000,34670000,ESC_enriched,2,0.9904012819713752,gene_body,Arhgef4,NM_001368773,+,Arhgef4,46273.0
26,chr1,34690000,34699000,ESC_enriched,9,0.9958063152053532,gene_body,Arhgef4,NM_001368773,+,Arhgef4,71773.0
27,chr1,34749000,34750000,ESC_enriched,1,0.9588031253559124,gene_body,Arhgef4,NM_001368773,+,Fam168b,-38096.0
28,chr1,34874000,34875000,ESC_enriched,1,0.9878641435924022,intergenic,,,,Plekhb2,79966.0
29,chr1,36211000,36217000,ESC_enriched,6,0.9883175567225418,promoter,Neurl3,NM_153408,-,Neurl3,-3971.0
30,chr1,36708000,36711000,ESC_enriched,3,0.98391020953909,promoter,Zap70,NM_001289766,+,Zap70,440.0
31,chr1,38359000,38364000,NPC_enriched,5,0.973181466502522,gene_body,Aff3,NM_001290814,-,Aff3,-210290.0
32,chr1,38378000,38440000,NPC_enriched,62,0.996161742498123,gene_body,Aff3,NM_001290814,-,Aff3,-162790.0
33,chr1,38542000,38545000,NPC_enriched,3,0.9663987621832538,gene_body,Aff3,NM_001290814,-,Aff3,-28290.0
34,chr1,39594000,39597000,ESC_enriched,3,0.9835556470481128,promoter,Creg2,NM_170597,-,Creg2,-228.0
35,chr1,40268000,40271000,ESC_enriched,3,0.9892743414632558,promoter,Il1rl2,NM_001356478,+,Il1rl2,366.0
36,chr1,40422000,40429000,NPC_enriched,7,0.9911120793605416,gene_body,Il18r1,NM_008365,+,Il18r1,14949.0
37,chr1,42436000,42437000,ESC_enriched,1,0.9690866821738804,intergenic,,,,Gm46091,-192583.0
38,chr1,42628000,42659000,ESC_enriched,31,0.9971387163616898,promoter,2900092D14Rik,NR_027891,+,2900092D14Rik,-1381.0
39,chr1,44496000,44498000,ESC_enriched,2,0.9794661170948062,promoter,Gulp1,NM_028450,+,Gulp1,784.0
40,chr1,47232000,47236000,NPC_enriched,4,0.9697306412750072,intergenic,,,,Mir6350,-177670.0
41,chr1,50458000,50461000,NPC_enriched,3,0.9736532765359912,intergenic,,,,Tmeff2,-412567.0
42,chr1,50516000,50521000,NPC_enriched,5,0.9866620164617244,intergenic,,,,Tmeff2,-353567.0
43,chr1,50574000,50578000,NPC_enriched,4,0.9985250258190672,intergenic,,,,Tmeff2,-296067.0
44,chr1,50582000,50586000,NPC_enriched,4,0.9880666076536018,intergenic,,,,Tmeff2,-288067.0
45,chr1,50588000,50599000,NPC_enriched,11,0.9990686083555552,intergenic,,,,Tmeff2,-278567.0
46,chr1,50870000,50873000,ESC_enriched,3,0.9965508936986506,promoter,Tmeff2,NM_019790,+,Tmeff2,-567.0
47,chr1,52445000,52447000,ESC_enriched,2,0.957593492852664,promoter,Nab1,NM_008667,-,Nab1,1007.0
48,chr1,55306000,55310000,ESC_enriched,4,0.9950243522855649,promoter,Boll,NM_001368767,-,Boll,-298.0
49,chr1,55350000,55352000,ESC_enriched,2,0.9999984936396302,promoter,Plcl1,NM_001114663,+,Plcl1,510.0
50,chr1,56068000,56072000,NPC_enriched,4,0.966994826350216,intergenic,,,,1700003I22Rik,106478.0
51,chr1,56113000,56117000,NPC_enriched,4,0.9860960943620292,intergenic,,,,1700003I22Rik,151478.0
52,chr1,56307000,56312000,NPC_enriched,5,0.9688903741632602,intergenic,,,,Hsfy2,-272496.0
53,chr1,56912000,56931000,ESC_enriched,19,0.9993517659398746,promoter,9130024F11Rik,NR_024326,+,9130024F11Rik,5487.0
54,chr1,57719000,57720000,ESC_enriched,1,0.960031532467442,promoter,Spats2l,NM_144882,+,Spats2l,94.0
55,chr1,61572000,61575000,ESC_enriched,3,0.997605326827796,promoter,Pard3b,NM_001081050,+,Pard3b,401.0
56,chr1,62637000,62642000,ESC_enriched,5,0.995037082117743,promoter,Nrp2,NM_001077404,+,Nrp2,1908.0
57,chr1,63210000,63219000,NPC_enriched,9,0.9900798141330704,gene_body,Zdbf2,NM_001285937,+,Gpr1,69508.0
58,chr1,63226000,63231000,NPC_enriched,5,0.9990912779519908,gene_body,Zdbf2,NM_001285937,+,Gpr1,83508.0
59,chr1,65834000,65837000,NPC_enriched,3,0.9873472465726024,intergenic,,,,Crygf,-25297.0
60,chr1,65888000,65890000,NPC_enriched,2,0.98395001642857,intergenic,,,,Crygf,28203.0
61,chr1,65967000,65970000,NPC_enriched,3,0.9949355686262552,intergenic,,,,Crygf,107703.0
62,chr1,65992000,65996000,NPC_enriched,4,0.9905937079717516,intergenic,,,,Crygf,133203.0
63,chr1,66010000,66013000,NPC_enriched,3,0.9827592434235872,intergenic,,,,Crygf,150703.0
64,chr1,66026000,66028000,NPC_enriched,2,0.9667738743395584,intergenic,,,,Crygf,166203.0
65,chr1,69039000,69041000,ESC_enriched,2,0.9991094963186444,promoter,Erbb4,NM_010154,-,Erbb4,-1267.0
66,chr1,69309000,69312000,ESC_enriched,3,0.9872780239578196,intergenic,,,,Erbb4,269233.0
67,chr1,72509000,72511000,ESC_enriched,2,0.9799726867162784,intergenic,,,,Smarcal1,-6457.0
68,chr1,72805000,72810000,ESC_enriched,5,0.995689396121954,promoter,Igfbp5,NM_010518,-,Igfbp5,-572.0
69,chr1,74001000,74004000,ESC_enriched,3,0.998227134349972,gene_body,Tns1,NM_027884,-,Tns1,-55255.0
70,chr1,74054000,74057000,ESC_enriched,3,0.9976588557199794,promoter,Tns1,NM_027884,-,Tns1,-2255.0
71,chr1,74301000,74302000,ESC_enriched,1,0.9650758930391128,gene_body,Catip,NM_001379457,+,Catip,6159.0
72,chr1,75024000,75025000,ESC_enriched,1,0.9500280797482852,promoter,Cnppd1,NM_026977,-,Cnppd1,-1422.0
73,chr1,75243000,75244000,ESC_enriched,1,0.9987990332229262,promoter,Des,NM_010043,+,Des,61.0
74,chr1,75258000,75261000,ESC_enriched,3,0.9896629523632527,promoter,Speg,NM_007463,+,Speg,1056.0
75,chr1,75267000,75275000,ESC_enriched,8,0.9946149568590782,gene_body,Speg,NM_007463,+,Speg,12556.0
76,chr1,75303000,75313000,ESC_enriched,10,0.9972545245844292,gene_body,Speg,NM_007463,+,Gmppa,-11083.0
77,chr1,75332000,75338000,ESC_enriched,6,0.9901992427922328,promoter,Asic4,NM_183022,+,Asic4,1343.0
78,chr1,75339000,75343000,ESC_enriched,4,0.9950858640741193,gene_body,Asic4,NM_183022,+,Asic4,7343.0
79,chr1,75366000,75370000,ESC_enriched,4,0.9937071528370224,gene_body,Tmem198,NM_177056,+,Tmem198,5321.0
80,chr1,75372000,75377000,ESC_enriched,5,0.9787883831744392,gene_body,Obsl1,NM_178884,-,Tmem198,11821.0
81,chr1,76428000,76435000,NPC_enriched,7,0.9936983294534122,intergenic,,,,Mir6343,38793.0
82,chr1,76445000,76449000,NPC_enriched,4,0.9964237750413026,intergenic,,,,Mir6343,54293.0
83,chr1,76638000,76643000,NPC_enriched,5,0.9636811842093632,intergenic,,,,Mir6343,247793.0
84,chr1,76798000,76817000,NPC_enriched,19,0.9922695715264348,intergenic,,,,Mir6343,414793.0
85,chr1,76819000,76829000,NPC_enriched,10,0.9980046232953056,intergenic,,,,Mir6343,431293.0
86,chr1,76835000,76839000,NPC_enriched,4,0.966320943965612,intergenic,,,,Mir6343,444293.0
87,chr1,76870000,76874000,NPC_enriched,4,0.9785274976750724,intergenic,,,,Mir6343,479293.0
88,chr1,77978000,77983000,NPC_enriched,5,0.959898193470807,intergenic,,,,Pax3,-99783.0
89,chr1,78028000,78034000,NPC_enriched,6,0.9800311845718284,gene_body,Pax3,NM_001159520,-,Pax3,-49283.0
90,chr1,79736000,79739000,ESC_enriched,3,0.9896930348637992,promoter,Serpine2,NM_009255,-,Serpine2,-189.0
91,chr1,80635000,80639000,ESC_enriched,4,0.9920814826460236,promoter,Dock10,NM_175291,-,Dock10,-577.0
92,chr1,82166000,82171000,ESC_enriched,5,0.9910473992929444,promoter,Irs1,NM_010570,-,Irs1,-1963.0
93,chr1,83353000,83355000,NPC_enriched,2,0.9808271348812672,intergenic,,,,Sphkap,66776.0
94,chr1,83438000,83444000,NPC_enriched,6,0.9984914890157216,intergenic,,,,Sphkap,153776.0
95,chr1,84814000,84817000,ESC_enriched,3,0.9741187884754072,promoter,Slc16a14,NM_027921,-,Slc16a14,1392.0
96,chr1,87847000,87852000,ESC_enriched,5,0.9923833246444096,intergenic,,,,Spata3,-3615.0
97,chr1,87876000,87881000,ESC_enriched,5,0.9953931147121712,promoter,2810459M11Rik,NM_001144993,+,2810459M11Rik,1467.0
98,chr1,88958000,88961000,ESC_enriched,3,0.979912511226324,gene_body,Akp3,NM_007432,+,Akp3,3376.0
99,chr1,89093000,89099000,ESC_enriched,6,0.9917967589651412,promoter,Efhd1,NM_028889,+,Efhd1,477.0
100,chr1,89306000,89310000,ESC_enriched,4,0.9992343790212564,gene_body,Snorc,NM_001356490,+,Snorc,6629.0
101,chr1,89312000,89313000,ESC_enriched,1,0.9587565550198788,gene_body,Ngef,NM_001111314,-,Snorc,11129.0
102,chr1,89339000,89342000,ESC_enriched,3,0.9896617388358327,gene_body,Ngef,NM_001111314,-,Snorc,39129.0
103,chr1,91751000,91755000,ESC_enriched,4,0.9976915444092876,intergenic,,,,Gbx2,-9347.0
104,chr1,91759000,91766000,ESC_enriched,7,0.9949614512658498,promoter,Gbx2,NM_010262,-,Gbx2,153.0
105,chr1,91773000,91774000,ESC_enriched,1,0.994607983551846,intergenic,,,,Gbx2,11153.0
106,chr1,91823000,91827000,ESC_enriched,4,0.9944351182014416,gene_body,Asb18,NM_139152,-,Asb18,-20837.0
107,chr1,92803000,92806000,ESC_enriched,3,0.986778018095898,intergenic,,,,Rab17,4474.0
108,chr1,92828000,92831000,ESC_enriched,3,0.9874809126106586,promoter,Lrrfip1,NM_001111312,+,Lrrfip1,368.0
109,chr1,93173000,93177000,ESC_enriched,4,0.9947766421171368,gene_body,Espnl,NM_001033292,+,Klhl30,-6478.0
110,chr1,93242000,93245000,ESC_enriched,3,0.9944488945644816,promoter,Hes6,NM_019479,-,Hes6,-128.0
111,chr1,93630000,93633000,ESC_enriched,3,0.9994696364331732,promoter,Twist2,NM_007855,+,Twist2,-366.0
112,chr1,94366000,94370000,NPC_enriched,4,0.9664573496354244,intergenic,,,,Olfr1414,19079.0
113,chr1,94419000,94425000,NPC_enriched,6,0.9740960474330695,promoter,Olfr1412,NM_146277,+,Olfr1412,3263.0
114,chr1,94453000,94457000,NPC_enriched,4,0.9732663226914352,intergenic,,,,Olfr12,4714.0
115,chr1,94662000,94664000,ESC_enriched,2,0.9611860491044476,promoter,Gpc1,NM_016696,+,Gpc1,950.0
116,chr1,94678000,94680000,ESC_enriched,2,0.998624859509456,promoter,Gm29480,NR_166170,-,Gm29480,-203.0
117,chr1,94852000,94854000,ESC_enriched,2,0.999249633942964,gene_body,Kif1a,NM_001368847,-,Aqp12,16261.0
118,chr1,94929000,94934000,ESC_enriched,5,0.9992537983531788,promoter,Kif1a,NM_001368847,-,Kif1a,-780.0
119,chr1,95006000,95010000,ESC_enriched,4,0.9958127595010732,gene_body,Crocc2,NM_001310428,+,Crocc2,9172.0
120,chr1,95065000,95068000,ESC_enriched,3,0.9983696810434918,promoter,Sned1,NM_172463,+,Sned1,198.0
121,chr1,95231000,95233000,ESC_enriched,2,0.989301000021412,gene_body,Ano7,NM_001271884,+,Ano7,27699.0
122,chr1,97497000,97500000,ESC_enriched,3,0.9867358809651914,promoter,Gm30431,NR_166710,+,Gm30431,394.0
123,chr1,106254000,106258000,NPC_enriched,4,0.9893915238316364,intergenic,,,,Cdh20,-340066.0
124,chr1,106596000,106599000,ESC_enriched,3,0.9929022857152976,promoter,Cdh20,NM_011800,+,Cdh20,1434.0
125,chr1,106821000,106823000,ESC_enriched,2,0.9946190318493634,gene_body,Cdh20,NM_011800,+,Gm29012,-121999.0
126,chr1,108540000,108543000,ESC_enriched,3,0.9901179960609888,promoter,Bcl2,NM_009741,-,Bcl2,-337.0
127,chr1,111819000,111821000,NPC_enriched,2,0.959450389331622,gene_body,Cdh7,NM_172853,+,Cdh7,8731.0
128,chr1,121833000,121838000,ESC_enriched,5,0.9955131570416708,promoter,Sctr,NM_001311077,+,Sctr,975.0
129,chr1,122422000,122444000,ESC_enriched,22,0.9994611786712247,promoter,En1,NM_010133,+,En1,2968.0
130,chr1,123005000,123007000,ESC_enriched,2,0.9961639132271158,intergenic,,,,Celrr,91050.0
131,chr1,123354000,123356000,ESC_enriched,2,0.9953302784324612,promoter,Htr5b,NM_010483,-,Htr5b,-1011.0
132,chr1,127504000,127506000,ESC_enriched,2,0.9627094578081604,promoter,Gpr39,NM_027677,+,Gpr39,459.0
133,chr1,127738000,127744000,ESC_enriched,6,0.9860593804468836,promoter,Lypd1,NM_145100,-,Lypd1,1240.0
134,chr1,128318000,128321000,ESC_enriched,3,0.9967258132072164,gene_body,Nckap5,NM_001081756,-,Nckap5,-338678.0
135,chr1,129169000,129175000,NPC_enriched,6,0.9994945222108654,gene_body,Mgat5,NM_145128,+,Mgat5,139469.0
136,chr1,129178000,129180000,NPC_enriched,2,0.9703938126448975,gene_body,Mgat5,NM_145128,+,Mgat5,146469.0
137,chr1,131101000,131102000,ESC_enriched,1,0.9605141366332998,promoter,Thsd7b,NM_172485,+,Thsd7b,651.0
138,chr1,134707000,134713000,ESC_enriched,6,0.9887563955794404,promoter,Lrrn2,NM_010732,+,Lrrn2,2100.0
139,chr1,134728000,134731000,ESC_enriched,3,0.9667631784846864,gene_body,Lrrn2,NM_010732,+,Lrrn2,21600.0
140,chr1,134764000,134766000,ESC_enriched,2,0.9628774011494804,gene_body,Lrrn2,NM_010732,+,Lrrn2,57100.0
141,chr1,135156000,135158000,ESC_enriched,2,0.9744836644313396,gene_body,Kiss1,NM_178260,+,Kiss1,2243.0
142,chr1,135636000,135639000,ESC_enriched,3,0.9851765598873792,intergenic,,,,Atp2b4,67342.0
143,chr1,135724000,135726000,ESC_enriched,2,0.9991427108950458,promoter,Optc,NM_001160420,-,Optc,590.0
144,chr1,136040000,136042000,ESC_enriched,2,0.9733170597927008,gene_body,Adora1,NM_001291928,-,Adora1,-10267.0
145,chr1,136049000,136053000,ESC_enriched,4,0.9940151893380424,promoter,Adora1,NM_001291928,-,Adora1,-267.0
146,chr1,136114000,136117000,ESC_enriched,3,0.9991723732843824,gene_body,Ppfia4,NM_001374777,-,Myog,9086.0
147,chr1,136329000,136331000,ESC_enriched,2,0.9992436657653718,intergenic,,,,Rabif,18951.0
148,chr1,136803000,136805000,ESC_enriched,2,0.964839652576261,gene_body,Lgr6,NM_001033409,-,Ube2t,25025.0
149,chr1,136901000,136903000,ESC_enriched,2,0.988518098084296,gene_body,Lgr6,NM_001033409,-,Lgr6,-19687.0
150,chr1,137400000,137402000,ESC_enriched,2,0.9960954781734188,promoter,Nav1,NM_173437,-,Nav1,-766.0
151,chr1,137733000,137736000,ESC_enriched,3,0.9936583486633797,promoter,Pkp1,NM_019645,-,Pkp1,-1118.0
152,chr1,137866000,137872000,ESC_enriched,6,0.986536100571334,promoter,Cacna1s,NM_001081023,+,Cacna1s,-221.0
153,chr1,137922000,137923000,ESC_enriched,1,0.996490001403706,gene_body,Cacna1s,NM_001081023,+,Gm15850,-25094.0
154,chr1,140653000,140668000,ESC_enriched,15,0.9979621011017148,promoter,Lhx9,NM_010714,-,Lhx9,-3490.0
155,chr1,148258000,148262000,ESC_enriched,4,0.9818464680827484,promoter,Brinp3,NM_001145807,+,Brinp3,96.0
156,chr1,154162000,154164000,ESC_enriched,2,0.9963379584900744,promoter,Colgalt2,NM_177756,+,Colgalt2,916.0
157,chr1,154385000,154389000,ESC_enriched,4,0.9849867911320966,gene_body,Rgl1,NM_001346118,-,Apobec4,-125768.0
158,chr1,155395000,155397000,NPC_enriched,2,0.9756069232824398,intergenic,,,,Rgs8,-31890.0
159,chr1,155399000,155403000,NPC_enriched,4,0.9891775589220088,intergenic,,,,Rgs8,-26890.0
160,chr1,155406000,155410000,NPC_enriched,4,0.989608119516524,intergenic,,,,Rgs8,-19890.0
161,chr1,155963000,155969000,ESC_enriched,6,0.9883096907243968,promoter,Zfp648,NM_001204908,+,Zfp648,2596.0
162,chr1,156856000,156862000,ESC_enriched,6,0.9818436445856902,promoter,Ier5,NM_010500,-,Ier5,-2854.0
163,chr1,157004000,157010000,ESC_enriched,6,0.9876005129201456,promoter,BC034090,NM_001370865,-,BC034090,250.0
164,chr1,157462000,157465000,ESC_enriched,3,0.9552776781804506,gene_body,Lhx4,NM_010712,-,Lhx4,-40745.0
165,chr1,158039000,158044000,ESC_enriched,5,0.9948418882804344,promoter,Fam163a,NM_177838,-,Fam163a,-202.0
166,chr1,158147000,158149000,ESC_enriched,2,0.9839945015555314,promoter,Nphs2,NM_130456,+,Nphs2,605.0
167,chr1,160191000,160193000,ESC_enriched,2,0.9873013143550592,promoter,Brinp2,NM_207583,-,Brinp2,-937.0
168,chr1,160199000,160200000,ESC_enriched,1,0.9791325528469496,promoter,Astn1,NM_001205204,+,Astn1,520.0
169,chr1,165144000,165153000,ESC_enriched,9,0.9996982046581256,promoter,Prrx1,NM_011127,-,Prrx1,-1825.0
170,chr1,167117000,167121000,ESC_enriched,4,0.9968831648213682,intergenic,,,,Gpr161,-13440.0
171,chr1,167544000,167545000,ESC_enriched,1,0.9600648584475076,promoter,Rcsd1,NM_001038846,-,Rcsd1,-269.0
172,chr1,167677000,167678000,ESC_enriched,1,0.9905998080153964,gene_body,Cd247,NM_001113392,+,Cd247,52145.0
173,chr1,167680000,167682000,ESC_enriched,2,0.9973128616187226,gene_body,Cd247,NM_001113392,+,Cd247,55645.0
174,chr1,167881000,167887000,ESC_enriched,6,0.9867034238761068,intergenic,,,,Pou2f1,44691.0
175,chr1,168090000,168094000,ESC_enriched,4,0.9993354548990608,promoter,Ildr2,NM_001357431,+,Ildr2,1187.0
176,chr1,168144000,168148000,ESC_enriched,4,0.9912343394983512,gene_body,Ildr2,NM_001357431,+,Ildr2,55187.0
177,chr1,168216000,168219000,ESC_enriched,3,0.9891146868759826,promoter,Tada1,NM_030245,+,Tada1,1659.0
178,chr1,168244000,168248000,ESC_enriched,4,0.9879328798607218,promoter,Pogk,NM_001142948,-,Pogk,-503.0
179,chr1,168469000,168471000,NPC_enriched,2,0.985078864076958,gene_body,Gm4847,NM_001164312,-,Gm4847,-14368.0
180,chr1,168485000,168490000,NPC_enriched,5,0.9934966662913184,promoter,Gm4847,NM_001164312,-,Gm4847,3132.0
181,chr1,168511000,168513000,NPC_enriched,2,0.9564387428034667,gene_body,Fmo9,NM_172844,-,Fmo9,-6520.0
182,chr1,169880000,169886000,NPC_enriched,6,0.9977378419116282,intergenic,,,,Lmx1a,356768.0
183,chr1,172744000,172746000,ESC_enriched,2,0.9999987278734636,gene_body,Fcrlb,NM_001029984,-,Fcrlb,-4616.0
184,chr1,173890000,173895000,ESC_enriched,5,0.991230558820016,promoter,Nhlh1,NM_010916,-,Nhlh1,-1771.0
185,chr1,174081000,174082000,ESC_enriched,1,0.9681197920840536,gene_body,Atp1a4,NM_013734,-,Atp1a4,-13599.0
186,chr1,174154000,174160000,ESC_enriched,6,0.9871461898396426,gene_body,Igsf8,NM_080419,+,Igsf8,7959.0
187,chr1,174162000,174170000,ESC_enriched,8,0.9947662967253644,promoter,Kcnj9,NM_001360808,-,Kcnj9,3.0
188,chr1,174171000,174172000,ESC_enriched,1,0.9620725367132756,intergenic,,,,Kcnj9,5503.0
189,chr1,174177000,174183000,ESC_enriched,6,0.9826146369269346,promoter,Kcnj10,NM_001039484,+,Kcnj10,2116.0
190,chr1,174398000,174400000,ESC_enriched,2,0.9596993607258693,gene_body,Vsig8,NM_177723,+,Vsig8,6388.0
191,chr1,175958000,175959000,NPC_enriched,1,0.954696779920463,intergenic,,,,Olfr231,3811.0
192,chr1,177328000,177331000,ESC_enriched,3,0.9812854231604068,promoter,Rgs7,NM_011880,-,Rgs7,280.0
193,chr1,178670000,178673000,ESC_enriched,3,0.9694284206616754,promoter,Hmga2-ps1,NR_037996,-,Hmga2-ps1,-1308.0
194,chr1,179095000,179096000,ESC_enriched,1,0.9590400983746245,intergenic,,,,Akt3,10058.0
195,chr1,179159000,179161000,ESC_enriched,2,0.9606364679310572,intergenic,,,,Akt3,74558.0
196,chr1,180684000,180694000,ESC_enriched,10,0.9935882406037406,gene_body,Kif26b,NM_001161665,+,Kif26b,323201.0
197,chr1,180750000,180755000,ESC_enriched,5,0.9975759228150622,gene_body,Kif26b,NM_001161665,+,Kif26b,386701.0
198,chr1,182167000,182174000,ESC_enriched,7,0.9962318784104306,promoter,Gm5069,NR_003623,-,Gm5069,3276.0
199,chr1,182239000,182244000,ESC_enriched,5,0.9706332408390808,gene_body,Itpkb,NM_001081175,+,Gm5069,74276.0
200,chr1,182251000,182255000,ESC_enriched,4,0.981866127835696,gene_body,Itpkb,NM_001081175,+,Stum,-67179.0
201,chr1,182772000,182776000,ESC_enriched,4,0.9785812346114258,promoter,Lefty1,NM_010094,+,Lefty1,2304.0
202,chr1,183189000,183192000,ESC_enriched,3,0.984112735586565,promoter,Cnih3,NM_001160211,+,Cnih3,1198.0
203,chr1,184584000,184587000,ESC_enriched,3,0.9977979731649944,promoter,Ccdc185,NM_001033547,-,Ccdc185,-355.0
204,chr1,186417000,186438000,ESC_enriched,21,0.9991142526102896,promoter,Hlx,NM_008250,-,Hlx,-5781.0
205,chr1,186511000,186514000,ESC_enriched,3,0.9989260235014876,promoter,Mtarc1,NM_001290273,-,Mtarc1,412.0
206,chr1,186582000,186585000,ESC_enriched,3,0.9891471494308608,promoter,C130074G19Rik,NM_178692,-,C130074G19Rik,-324.0
207,chr1,188404000,188408000,ESC_enriched,4,0.9945623240478968,promoter,Tgfb2,NM_009367,-,Tgfb2,-777.0
208,chr1,189305000,189313000,ESC_enriched,8,0.999158914270925,intergenic,,,,Esrrg,-389614.0
209,chr1,189351000,189354000,ESC_enriched,3,0.98237818601899,intergenic,,,,Esrrg,-346114.0
210,chr1,191042000,191047000,ESC_enriched,5,0.9946181500444392,promoter,Kcnk2,NM_001281847,-,Kcnk2,-480.0
211,chr1,191869000,191879000,ESC_enriched,10,0.9877312085602078,promoter,Prox1,NM_008937,-,Prox1,2385.0
212,chr1,192677000,192682000,ESC_enriched,5,0.995794155185866,promoter,Vash2,NM_144879,-,Vash2,-113.0
213,chr1,192883000,192887000,ESC_enriched,4,0.9982462147335004,promoter,Atf3,NM_007498,-,Atf3,1052.0
214,chr1,193684000,193688000,ESC_enriched,4,0.9869867457420324,gene_body,Rd3,NM_023727,+,Rd3,8014.0
215,chr1,193790000,193794000,ESC_enriched,4,0.9817203345367784,promoter,Traf5,NM_011633,-,Traf5,-1206.0
216,chr1,194470000,194473000,ESC_enriched,3,0.9775144027411996,promoter,Hhat,NM_144881,-,Hhat,-443.0
217,chr1,194632000,194636000,NPC_enriched,4,0.981197096705912,gene_body,Syt14,NM_181546,-,Sertad4,77524.0
218,chr1,194680000,194683000,NPC_enriched,3,0.9685355580460844,gene_body,Syt14,NM_181546,-,Syt14,-54999.0
219,chr1,194687000,194690000,NPC_enriched,3,0.9967175214878138,gene_body,Syt14,NM_181546,-,Syt14,-47999.0
220,chr1,194696000,194700000,NPC_enriched,4,0.9924044136166736,gene_body,Syt14,NM_181546,-,Syt14,-38499.0
221,chr1,194702000,194707000,NPC_enriched,5,0.9894320295625136,gene_body,Syt14,NM_181546,-,Syt14,-31999.0
222,chr1,194721000,194738000,NPC_enriched,17,0.9982841571141476,promoter,Syt14,NM_181546,-,Syt14,-6999.0
223,chr1,196320000,196323000,ESC_enriched,3,0.9978392388757308,promoter,Plxna2,NM_008882,+,Plxna2,948.0
224,chr10,4423000,4426000,ESC_enriched,3,0.9852503186600524,promoter,Rgs17,NM_001161822,+,Rgs17,360.0
225,chr10,4702000,4705000,NPC_enriched,3,0.9826364936257492,gene_body,Vip,NM_001313969,-,Vip,-3823.0
226,chr10,6978000,6981000,ESC_enriched,3,0.9872505409054426,promoter,Ppp1r14c,NM_133485,-,Ppp1r14c,-891.0
227,chr10,7556000,7559000,ESC_enriched,3,0.9926688363796208,gene_body,Zc3h12d,NM_172785,+,Mir5104,30930.0
228,chr10,8206000,8211000,ESC_enriched,5,0.9990544606189908,promoter,Ust,NM_177387,-,Ust,-515.0
229,chr10,10769000,10773000,ESC_enriched,4,0.9746989305260292,promoter,Grm1,NM_016976,-,Grm1,-1521.0
230,chr10,12631000,12633000,ESC_enriched,2,0.9999949675749978,gene_body,Stx11,NM_029075,-,B230208H11Rik,18683.0
231,chr10,12749000,12754000,ESC_enriched,5,0.988948854735874,promoter,Gm40602,NR_168593,+,Gm40602,769.0
232,chr10,12780000,12782000,ESC_enriched,2,0.9967138211862698,promoter,Plagl1,NM_001364643,+,Plagl1,-29.0
233,chr10,13402000,13404000,NPC_enriched,2,0.9594615789903328,gene_body,Aig1,NM_001347362,-,Aig1,-156155.0
234,chr10,13656000,13659000,ESC_enriched,3,0.9853406240970816,promoter,Hivep2,NM_001358782,+,Hivep2,924.0
235,chr10,13818000,13824000,ESC_enriched,6,0.990108391482834,gene_body,Hivep2,NM_001358782,+,Hivep2,164424.0
236,chr10,18007000,18009000,ESC_enriched,2,0.9859428796715746,intergenic,,,,Ccdc28a,83603.0
237,chr10,18281000,18282000,ESC_enriched,1,0.9879822482725396,gene_body,Arfgef3,NM_001033258,-,Hebp2,46008.0
238,chr10,18433000,18434000,ESC_enriched,1,0.9518350629721128,promoter,Arfgef3,NM_001033258,-,Arfgef3,326.0
239,chr10,19041000,19053000,ESC_enriched,12,0.9975483678292596,promoter,Olig3,NM_053008,+,Olig3,1046.0
240,chr10,19401000,19404000,ESC_enriched,3,0.9772418433805216,promoter,Il20ra,NM_172786,+,Il20ra,498.0
241,chr10,19538000,19542000,ESC_enriched,4,0.9927595798215776,promoter,Slc35d3,NM_029529,-,Slc35d3,-875.0
242,chr10,19624000,19625000,ESC_enriched,1,0.9660628983540008,promoter,Map3k5,NM_008580,+,Map3k5,559.0
243,chr10,20782000,20791000,ESC_enriched,9,0.9936946107296686,intergenic,,,,Myb,-63900.0
244,chr10,22502000,22511000,ESC_enriched,9,0.9938328216010538,promoter,Tcf21,NM_011545,-,Tcf21,-3059.0
245,chr10,22532000,22534000,ESC_enriched,2,0.982638003057492,intergenic,,,,Tcf21,23441.0
246,chr10,23037000,23040000,ESC_enriched,3,0.9834208118644678,promoter,Eya4,NM_001347372,-,Eya4,-806.0
247,chr10,23912000,23915000,ESC_enriched,3,0.9858374626842584,promoter,Moxd1,NM_021509,+,Moxd1,568.0
248,chr10,24401000,24403000,ESC_enriched,2,0.9712779988348108,promoter,Enpp1,NM_008813,-,Enpp1,425.0
249,chr10,28886000,28889000,ESC_enriched,3,0.9886312859359992,gene_body,Soga3,NM_026138,+,9330159F19Rik,-13558.0
250,chr10,30532000,30535000,ESC_enriched,3,0.991033439815552,promoter,Hey2,NM_013904,-,Hey2,1301.0
251,chr10,31297000,31301000,ESC_enriched,4,0.9997030023798448,promoter,Rnf217,NM_001146349,-,Rnf217,-141.0
252,chr10,36196000,36199000,ESC_enriched,3,0.988444320120166,promoter,Hs3st5,NM_001253356,+,Hs3st5,1278.0
253,chr10,38654000,38657000,ESC_enriched,3,0.9844521270223836,promoter,Lama4,NM_010681,+,Lama4,570.0
254,chr10,39616000,39617000,ESC_enriched,1,0.9998891759707422,promoter,Mfsd4b2,NR_160807,-,Mfsd4b2,148.0
255,chr10,39648000,39652000,ESC_enriched,4,0.9756887970751013,promoter,Mfsd4b3-ps,NR_160808,-,Mfsd4b3-ps,431.0
256,chr10,39713000,39715000,ESC_enriched,2,0.9968536691654812,promoter,Mfsd4b1,NM_144821,-,Mfsd4b1,-684.0
257,chr10,40331000,40333000,ESC_enriched,2,0.9630811805066088,gene_body,Ddo,NM_001316716,+,Ddo,12574.0
258,chr10,40371000,40374000,ESC_enriched,3,0.9907022118298984,promoter,Mettl24,NM_177793,+,Mettl24,762.0
259,chr10,40759000,40761000,ESC_enriched,2,0.9884372504659116,promoter,Gpr6,NM_199058,-,Gpr6,-705.0
260,chr10,41962000,41964000,ESC_enriched,2,0.9777940022937244,gene_body,Foxo3,NM_019740,-,Foxo3,-2110.0
261,chr10,42252000,42286000,ESC_enriched,34,0.9966764033755752,promoter,Nr2e1,NM_152229,-,Nr2e1,-3005.0
262,chr10,42300000,42305000,ESC_enriched,5,0.9948072980800252,intergenic,,,,Gm38491,30294.0
263,chr10,42317000,42327000,ESC_enriched,10,0.9976293504387594,intergenic,,,,Ostm1,-45330.0
264,chr10,42619000,42621000,ESC_enriched,2,0.9789976651383028,gene_body,Scml4,NM_001359264,+,Gm5079,-59577.0
265,chr10,42701000,42712000,ESC_enriched,11,0.9972329518407484,gene_body,Sobp,NM_175407,-,Gm5079,26923.0
266,chr10,42859000,42865000,ESC_enriched,6,0.9917721826213212,promoter,Sobp,NM_175407,-,Sobp,-945.0
267,chr10,43199000,43201000,ESC_enriched,2,0.9868877299650478,gene_body,Bend3,NM_001359601,+,Bend3,18947.0
268,chr10,43265000,43270000,ESC_enriched,5,0.9967829450923896,promoter,Cd24a,NM_009846,+,Cd24a,-83.0
269,chr10,43690000,43696000,ESC_enriched,6,0.99247108373045,gene_body,Crybg1,NM_001368305,-,Rtn4ip1,102779.0
270,chr10,44215000,44218000,ESC_enriched,3,0.9885119238114832,intergenic,,,,Prdm1,69337.0
271,chr10,45133000,45136000,NPC_enriched,3,0.9917721309808178,gene_body,Lin28b,NM_001031772,-,Lin28b,-24116.0
272,chr10,45141000,45151000,NPC_enriched,10,0.9946016674251998,gene_body,Lin28b,NM_001031772,-,Lin28b,-12616.0
273,chr10,45154000,45174000,NPC_enriched,20,0.996567762521463,promoter,Lin28b,NM_001031772,-,Lin28b,5384.0
274,chr10,46383000,46386000,NPC_enriched,3,0.9982756497072433,intergenic,,,,D030045P18Rik,888382.0
275,chr10,50614000,50616000,NPC_enriched,2,0.9971444499413722,gene_body,Sim1,NM_011376,+,Sim1,30935.0
276,chr10,50947000,50949000,NPC_enriched,2,0.9559531572915384,intergenic,,,,Lilr4b,-221026.0
277,chr10,50951000,50954000,NPC_enriched,3,0.992437701055228,intergenic,,,,Lilr4b,-216526.0
278,chr10,51372000,51378000,NPC_enriched,6,0.9972554314320976,gene_body,Rfx6,NM_001159389,+,Rfx6,8826.0
279,chr10,51399000,51403000,NPC_enriched,4,0.9901381547274408,gene_body,Rfx6,NM_001159389,+,Rfx6,34826.0
280,chr10,51452000,51467000,NPC_enriched,15,0.9962313663908176,intergenic,,,,4933411G06Rik,13891.0
281,chr10,52379000,52380000,ESC_enriched,1,0.9591410724650856,promoter,Slc35f1,NM_178675,+,Slc35f1,585.0
282,chr10,53438000,53441000,ESC_enriched,3,0.9847757093093454,promoter,Fam184a,NM_001081428,-,Fam184a,176.0
283,chr10,57320000,57322000,ESC_enriched,2,0.9879470880253328,promoter,Pkib,NM_008863,+,Pkib,605.0
284,chr10,57482000,57484000,ESC_enriched,2,0.99791101560356,promoter,Smpdl3a,NM_020561,+,Smpdl3a,42.0
285,chr10,58208000,58209000,ESC_enriched,1,0.9790574413330588,promoter,Sh3rf3,NM_172788,+,Sh3rf3,-215.0
286,chr10,58617000,58619000,ESC_enriched,2,0.9831375937401988,promoter,Sowahc,NM_172939,+,Sowahc,722.0
287,chr10,59365000,59377000,ESC_enriched,12,0.9934041195013452,intergenic,,,,Ddit4,23873.0
288,chr10,59501000,59506000,ESC_enriched,5,0.9925889333222926,promoter,Spock2,NM_052994,+,Spock2,1887.0
289,chr10,59580000,59583000,ESC_enriched,3,0.9999390634192652,gene_body,Chst3,NM_016803,-,Gm51802,23752.0
290,chr10,59611000,59615000,ESC_enriched,4,0.9991979299382652,promoter,Chst3,NM_016803,-,Chst3,-1617.0
291,chr10,60226000,60227000,ESC_enriched,1,0.9737225497265872,promoter,Unc5b,NM_029770,-,Unc5b,-438.0
292,chr10,60990000,60992000,ESC_enriched,2,0.9755153393282698,promoter,Npffr1,NM_001177511,+,Npffr1,349.0
293,chr10,61021000,61024000,ESC_enriched,3,0.9921533090048344,gene_body,Npffr1,NM_001177511,+,Ppa1,-21477.0
294,chr10,61524000,61526000,ESC_enriched,2,0.9869744446120776,intergenic,,,,Neurog3,-3446.0
295,chr10,62118000,62123000,ESC_enriched,5,0.9849056877037242,promoter,Stox1,NM_001033260,-,Stox1,-951.0
296,chr10,62979000,62980000,ESC_enriched,1,0.9604709709330036,gene_body,Ctnna3,NM_001164376,+,Ctnna3,126633.0
297,chr10,63482000,63485000,ESC_enriched,3,0.997562224102636,promoter,Lrrtm3,NM_178678,-,Lrrtm3,-2112.0
298,chr10,66714000,66717000,ESC_enriched,3,0.9830183430541252,intergenic,,,,Nrbf2,34862.0
299,chr10,66925000,66937000,ESC_enriched,12,0.9963654636289077,promoter,Egr2,NM_001373983,+,Egr2,145.0
300,chr10,68119000,68121000,ESC_enriched,2,0.988556636241071,promoter,Tmem26,NM_177794,+,Tmem26,898.0
301,chr10,68608000,68610000,ESC_enriched,2,0.9915590299369388,promoter,Rhobtb1,NM_001252637,+,Rhobtb1,450.0
302,chr10,70553000,70560000,ESC_enriched,7,0.9964339261119908,promoter,Bicc1,NM_031397,-,Bicc1,1510.0
303,chr10,74409000,74417000,ESC_enriched,8,0.9957290217586148,promoter,Gnaz,NM_010311,+,Gnaz,2108.0
304,chr10,74434000,74437000,ESC_enriched,3,0.9963825969457726,gene_body,Gnaz,NM_010311,+,Gnaz,24608.0
305,chr10,74505000,74506000,ESC_enriched,1,0.9581896074606232,promoter,Bcr,NM_001081412,+,Bcr,889.0
306,chr10,74760000,74770000,ESC_enriched,10,0.992489688510287,promoter,Adora2a,NM_001331096,+,Adora2a,-3573.0
307,chr10,75002000,75005000,ESC_enriched,3,0.9953073706016884,promoter,Lrrc75b,NM_198860,-,Lrrc75b,-546.0
308,chr10,76019000,76021000,ESC_enriched,2,0.9923146740310416,promoter,Ftcd,NM_080845,+,Ftcd,637.0
309,chr10,77372000,77375000,ESC_enriched,3,0.9834451053836628,promoter,Trpm2,NM_138301,-,Trpm2,499.0
310,chr10,77791000,77796000,ESC_enriched,5,0.9947782226244494,intergenic,,,,Mir6907,-18174.0
311,chr10,77884000,77887000,ESC_enriched,3,0.9923091966991135,intergenic,,,,Pdxk,17423.0
312,chr10,77990000,77997000,ESC_enriched,7,0.9946838846401304,promoter,Syde1,NM_027875,-,Syde1,-1593.0
313,chr10,78152000,78157000,ESC_enriched,5,0.9872872116972186,promoter,Ccdc105,NM_027630,-,Ccdc105,-1696.0
314,chr10,78873000,78875000,NPC_enriched,2,0.9972645754731422,promoter,Vmn2r83,NM_001104537,+,Vmn2r83,1914.0
315,chr10,79013000,79016000,ESC_enriched,3,0.9910330141107692,gene_body,C2cd4c,NM_001168624,-,C2cd4c,-2654.0
316,chr10,79179000,79182000,ESC_enriched,3,0.9840203938109436,promoter,Fstl3,NM_031380,+,Fstl3,98.0
317,chr10,79322000,79325000,ESC_enriched,3,0.9849597993791244,gene_body,Kiss1r,NM_053244,+,Kiss1r,3401.0
318,chr10,79332000,79362000,NPC_enriched,30,0.9965242490392744,gene_body,Arid3a,NM_001288626,+,Wdr18,-16280.0
319,chr10,79376000,79381000,ESC_enriched,5,0.9851274249125213,gene_body,Grin3b,NM_130455,+,Grin3b,4648.0
320,chr10,79584000,79585000,ESC_enriched,1,0.9760573779076472,gene_body,Efna2,NM_007909,+,Efna2,1890.0
321,chr10,79590000,79595000,ESC_enriched,5,0.9964667868916396,gene_body,Efna2,NM_007909,+,Efna2,9890.0
322,chr10,79701000,79704000,ESC_enriched,3,0.9894776916409626,gene_body,Apc2,NM_001372238,+,Apc2,3416.0
323,chr10,79714000,79720000,ESC_enriched,6,0.9962110199270175,gene_body,Apc2,NM_001372238,+,2310011J03Rik,-6677.0
324,chr10,79744000,79746000,ESC_enriched,2,0.9999438017833402,gene_body,Adamtsl5,NM_001285435,-,Adamtsl5,-6577.0
325,chr10,80211000,80214000,ESC_enriched,3,0.9906862151897524,gene_body,Jsrp1,NM_028001,-,Jsrp1,-4127.0
326,chr10,80236000,80241000,ESC_enriched,5,0.9864186879501652,gene_body,Lingo3,NM_001013758,-,Mir1982,6575.0
327,chr10,80246000,80250000,ESC_enriched,4,0.9874415091990628,promoter,Lingo3,NM_001013758,-,Lingo3,832.0
328,chr10,80290000,80294000,ESC_enriched,4,0.980897815337766,gene_body,Tmprss9,NM_001081688,+,Tmprss9,9056.0
329,chr10,80657000,80661000,ESC_enriched,4,0.985043564883797,promoter,Matk,NM_010768,+,Matk,-1427.0
330,chr10,80735000,80737000,ESC_enriched,2,0.9998526080303216,gene_body,Tbxa2r,NM_001277265,+,Tbxa2r,4169.0
331,chr10,80741000,80742000,ESC_enriched,1,0.9998336606741316,gene_body,Gipc3,NM_148951,-,Gipc3,-4988.0
332,chr10,80976000,80987000,ESC_enriched,11,0.99753225292836,promoter,Tle2,NM_001252401,+,Tle2,3085.0
333,chr10,80990000,80992000,ESC_enriched,2,0.967235715993174,gene_body,Tle2,NM_001252401,+,Tle2,12585.0
334,chr10,82413000,82418000,ESC_enriched,5,0.9983657688751028,promoter,Chst11,NM_021439,+,Chst11,205.0
335,chr10,82424000,82428000,ESC_enriched,4,0.9740957109119004,gene_body,Chst11,NM_021439,+,Chst11,10705.0
336,chr10,82766000,82768000,ESC_enriched,2,0.998816795837447,promoter,Slc41a2,NM_177388,-,Slc41a2,-616.0
337,chr10,84182000,84199000,ESC_enriched,17,0.9973860902015546,promoter,Rfx4,NM_001024918,+,Rfx4,4654.0
338,chr10,84272000,84273000,ESC_enriched,1,0.9658159539407174,gene_body,Rfx4,NM_001024918,+,Ric8b,-74911.0
339,chr10,84283000,84291000,ESC_enriched,8,0.9879143556123802,gene_body,Rfx4,NM_001024918,+,Ric8b,-60411.0
340,chr10,84817000,84818000,ESC_enriched,1,0.9999953307648788,promoter,Btbd11,NM_028709,+,Btbd11,888.0
341,chr10,86162000,86163000,ESC_enriched,1,0.9510026808053944,gene_body,Ttc41,NM_001003910,+,Ttc41,26891.0
342,chr10,86338000,86340000,ESC_enriched,2,0.9799337451393606,gene_body,Stab2,NM_138673,-,Gm16271,-62939.0
343,chr10,86915000,86926000,ESC_enriched,11,0.9986784440587834,promoter,Ascl1,NM_008553,-,Ascl1,-2959.0
344,chr10,87785000,87788000,ESC_enriched,3,0.9922034567242256,promoter,Dram1,NM_027878,-,Dram1,-374.0
345,chr10,88315000,88318000,ESC_enriched,3,0.9967657788106546,promoter,Slc5a8,NM_145423,+,Slc5a8,710.0
346,chr10,90396000,90401000,ESC_enriched,5,0.991467390754422,gene_body,Anks1b,NM_001359241,+,Apaf1,-114042.0
347,chr10,91458000,91468000,NPC_enriched,10,0.9984664752956884,intergenic,,,,Mir135a-2,-38984.0
348,chr10,91501000,91519000,NPC_enriched,18,0.9986188040328748,promoter,Mir135a-2,NR_029812,-,Mir135a-2,8016.0
349,chr10,92969000,92971000,ESC_enriched,2,0.9962396214896256,promoter,Amdhd1,NM_027908,-,Amdhd1,168.0
350,chr10,93070000,93074000,ESC_enriched,4,0.9960355037048656,promoter,Ntn4,NM_021320,+,Ntn4,1153.0
351,chr10,93741000,93744000,ESC_enriched,3,0.989479661889987,promoter,Tmcc3,NM_001359762,+,Tmcc3,753.0
352,chr10,93945000,93948000,ESC_enriched,3,0.9855694053533078,gene_body,Tmcc3,NM_001359762,+,Mir7211,-69498.0
353,chr10,94371000,94376000,ESC_enriched,5,0.9990554711665958,promoter,Plxnc1,NM_018797,-,Plxnc1,-1033.0
354,chr10,99445000,99448000,ESC_enriched,3,0.988032837560831,promoter,Kitl,NM_013598,+,Kitl,992.0
355,chr10,102324000,102328000,NPC_enriched,4,0.9859991001562304,intergenic,,,,Alx1,-132465.0
356,chr10,102404000,102411000,NPC_enriched,7,0.9976920619821849,intergenic,,,,Alx1,-50965.0
357,chr10,102429000,102436000,NPC_enriched,7,0.9917590586796468,intergenic,,,,Alx1,-25965.0
358,chr10,102447000,102452000,NPC_enriched,5,0.9927475613214922,gene_body,Alx1,NM_172553,-,Alx1,-8965.0
359,chr10,102469000,102480000,NPC_enriched,11,0.9953099330795644,intergenic,,,,Alx1,16035.0
360,chr10,102485000,102494000,NPC_enriched,9,0.9949506399669944,gene_body,Lrriq1,NM_001163559,-,Alx1,31035.0
361,chr10,102557000,102563000,NPC_enriched,6,0.9989237029849302,gene_body,Lrriq1,NM_001163559,-,Alx1,101535.0
362,chr10,102570000,102583000,NPC_enriched,13,0.9916195774549283,gene_body,Lrriq1,NM_001163559,-,Lrriq1,-89510.0
363,chr10,102601000,102606000,NPC_enriched,5,0.9869856226047456,gene_body,Lrriq1,NM_001163559,-,Lrriq1,-62510.0
364,chr10,102615000,102619000,NPC_enriched,4,0.9900639490257565,gene_body,Lrriq1,NM_001163559,-,Lrriq1,-49010.0
365,chr10,102626000,102631000,NPC_enriched,5,0.985791375881692,gene_body,Lrriq1,NM_001163559,-,Lrriq1,-37510.0
366,chr10,102799000,102801000,NPC_enriched,2,0.996894859171158,gene_body,Slc6a15,NM_175328,+,Slc6a15,2505.0
367,chr10,106676000,106677000,ESC_enriched,1,0.9999562868866344,promoter,Lin7a,NM_001039354,+,Lin7a,560.0
368,chr10,109859000,109862000,ESC_enriched,3,0.9964763575475026,intergenic,,,,9230102K24Rik,-144259.0
369,chr10,111673000,111677000,ESC_enriched,4,0.9936971464398856,promoter,Kcnc2,NM_001379644,+,Kcnc2,874.0
370,chr10,112226000,112227000,ESC_enriched,1,0.9756557011585346,intergenic,,,,Gm3942,-15361.0
371,chr10,114204000,114207000,ESC_enriched,3,0.999927561840764,promoter,Gm15723,NR_155864,+,Gm15723,-335.0
372,chr10,114989000,114994000,ESC_enriched,5,0.9907758456262687,promoter,Lgr5,NM_010195,-,Lgr5,-390.0
373,chr10,115517000,115519000,ESC_enriched,2,0.992717159270051,promoter,Taf7l2,NM_001161855,-,Taf7l2,-27.0
374,chr10,115704000,115707000,ESC_enriched,3,0.9864471296095408,promoter,Ptprb,NM_029928,+,Ptprb,17.0
375,chr10,115874000,115880000,ESC_enriched,6,0.9943275690869297,promoter,Kcnmb4os2,NR_130644,+,Kcnmb4os2,-272.0
376,chr10,116428000,116432000,ESC_enriched,4,0.9925622394929488,gene_body,Best3,NM_001007583,+,Lrrc10,-19450.0
377,chr10,116448000,116451000,ESC_enriched,3,0.9931211271387655,promoter,Lrrc10,NM_146242,+,Lrrc10,50.0
378,chr10,116999000,117000000,ESC_enriched,1,0.958999425091221,intergenic,,,,Cpm,-32991.0
379,chr10,117084000,117087000,ESC_enriched,3,0.979298618377142,gene_body,Cpm,NM_027468,+,Mdm2,-28251.0
380,chr10,118857000,118859000,ESC_enriched,2,0.9516648512084788,promoter,Grip1,NM_001277293,+,Grip1,907.0
381,chr10,119603000,119605000,ESC_enriched,2,0.9753435049432272,promoter,Gm38500,NR_166660,+,Gm38500,-649.0
382,chr10,119830000,119832000,ESC_enriched,2,0.998354646856964,gene_body,Hmga2,NM_010441,-,Mir763,-20170.0
383,chr10,119877000,119882000,ESC_enriched,5,0.9983799330435008,promoter,Hmga2,NM_010441,-,Hmga2,-29.0
384,chr10,119954000,119958000,ESC_enriched,4,0.9954269633717004,intergenic,,,,Hmga2,76471.0
385,chr10,120669000,120671000,ESC_enriched,2,0.9834622934187276,gene_body,Tbc1d30,NM_001361015,-,4930432O09Rik,64291.0
386,chr10,120713000,120715000,ESC_enriched,2,0.9989940837481116,gene_body,Tbc1d30,NM_001361015,-,Tbc1d30,-40704.0
387,chr10,121851000,121853000,ESC_enriched,2,0.9996474935524556,promoter,Avpr1a,NM_016847,+,Avpr1a,442.0
388,chr10,122082000,122084000,ESC_enriched,2,0.9821464334445116,promoter,Mir8104,NR_106182,+,Mir8104,626.0
389,chr10,122667000,122670000,ESC_enriched,3,0.9971864317813052,promoter,Tafa2,NM_182807,+,Tafa2,1365.0
390,chr10,123754000,123757000,NPC_enriched,3,0.9987921946743118,intergenic,,,,4930503E24Rik,-116633.0
391,chr10,124792000,124793000,ESC_enriched,1,0.9872510911593644,intergenic,,,,Slc16a7,80624.0
392,chr10,126409000,126415000,ESC_enriched,6,0.992529948328945,gene_body,Avil,NM_009635,+,Avil,8343.0
393,chr10,126482000,126496000,ESC_enriched,14,0.999424189575399,promoter,Agap2,NM_001301014,+,Agap2,7145.0
394,chr10,126581000,126584000,ESC_enriched,3,0.9802838908370736,promoter,Slc26a10,NM_177615,-,Slc26a10,-1031.0
395,chr10,126928000,126932000,ESC_enriched,4,0.9962100410318396,gene_body,Nxph4,NM_183297,-,Shmt2,4607.0
396,chr10,127068000,127070000,ESC_enriched,2,0.9866713993616492,promoter,Nab2,NM_001122895,-,Nab2,-652.0
397,chr10,127154000,127155000,ESC_enriched,1,0.9569664783849664,promoter,Gpr182,NM_007412,-,Gpr182,-247.0
398,chr10,128048000,128051000,ESC_enriched,3,0.9927368831728032,promoter,Ikzf4,NM_011772,-,Ikzf4,558.0
399,chr10,128293000,128297000,ESC_enriched,4,0.9837425074212176,promoter,Gdf11,NM_010272,-,Gdf11,333.0
400,chr10,128334000,128339000,ESC_enriched,5,0.9872612018098132,promoter,Itga7,NM_001330160,+,Itga7,-261.0
401,chr11,3034000,3036000,ESC_enriched,2,0.9998022255838122,gene_body,Sfi1,NM_030207,-,Pisd-ps3,10971.0
402,chr11,3043000,3045000,ESC_enriched,2,1.0,gene_body,Sfi1,NM_030207,-,Pisd-ps3,19971.0
403,chr11,3079000,3080000,ESC_enriched,1,0.9999999999843334,gene_body,Sfi1,NM_030207,-,Sfi1,-14106.0
404,chr11,3390000,3396000,ESC_enriched,6,0.9851352854663328,gene_body,Pla2g3,NM_172791,+,Pla2g3,4771.0
405,chr11,3402000,3404000,ESC_enriched,2,0.9658373068056352,promoter,Inpp5j,NM_172439,-,Inpp5j,-1824.0
406,chr11,3417000,3418000,ESC_enriched,1,0.9826656889639308,gene_body,Selenom,NM_053267,+,Selenom,2814.0
407,chr11,3605000,3607000,ESC_enriched,2,0.9780288015516736,gene_body,Osbp2,NM_001363163,-,Morc2a,56561.0
408,chr11,3762000,3765000,ESC_enriched,3,0.9893435404843576,promoter,Osbp2,NM_001363163,-,Osbp2,-406.0
409,chr11,3812000,3814000,ESC_enriched,2,0.9949340730557092,promoter,Slc35e4,NM_153142,-,Slc35e4,-1667.0
410,chr11,3897000,3901000,ESC_enriched,4,0.990096832716712,gene_body,Gal3st1,NM_016922,+,Gal3st1,15362.0
411,chr11,4017000,4020000,ESC_enriched,3,0.990618872649268,promoter,Sec14l2,NM_144520,-,Sec14l2,-232.0
412,chr11,4957000,4965000,ESC_enriched,8,0.9948622430160644,promoter,Rasl10a,NM_145216,+,Rasl10a,2870.0
413,chr11,5051000,5054000,ESC_enriched,3,0.9928602895231284,promoter,Emid1,NM_001371000,-,Emid1,267.0
414,chr11,5057000,5061000,ESC_enriched,4,0.9828470197192518,intergenic,,,,Emid1,6767.0
415,chr11,5616000,5618000,ESC_enriched,2,0.9650457785737694,gene_body,Urgcp,NM_178623,-,Mrps24,9296.0
416,chr11,5761000,5764000,ESC_enriched,3,0.9982656864239112,promoter,Aebp1,NM_009636,+,Aebp1,632.0
417,chr11,5798000,5805000,ESC_enriched,7,0.989996069079372,promoter,Myl7,NM_022879,-,Myl7,2715.0
418,chr11,5964000,5967000,ESC_enriched,3,0.9999724741096602,promoter,Camk2b,NM_007595,-,Camk2b,-251.0
419,chr11,6502000,6506000,ESC_enriched,4,0.9932906767555538,promoter,Nacad,NM_001081652,-,Nacad,-2057.0
420,chr11,6964000,6967000,ESC_enriched,3,0.9884570822578632,promoter,Adcy1,NM_009622,+,Adcy1,2065.0
421,chr11,7113000,7115000,ESC_enriched,2,0.9936742351884302,promoter,Igfbp3,NM_008343,-,Igfbp3,74.0
422,chr11,11013000,11017000,ESC_enriched,4,0.9912854525224716,promoter,Vwc2,NM_177033,+,Vwc2,982.0
423,chr11,11958000,11964000,NPC_enriched,6,0.9907541091816908,intergenic,,,,Grb10,23577.0
424,chr11,12135000,12142000,NPC_enriched,7,0.992708456952063,gene_body,Cobl,NM_172496,-,Grb10,201077.0
425,chr11,12145000,12155000,NPC_enriched,10,0.9959029353565004,gene_body,Cobl,NM_172496,-,Grb10,212577.0
426,chr11,12161000,12164000,NPC_enriched,3,0.9613223732074374,gene_body,Cobl,NM_172496,-,Cobl,-202463.0
427,chr11,12168000,12177000,NPC_enriched,9,0.9951075657635516,gene_body,Cobl,NM_172496,-,Cobl,-192463.0
428,chr11,12195000,12203000,NPC_enriched,8,0.9903248619682096,gene_body,Cobl,NM_172496,-,Cobl,-165963.0
429,chr11,12251000,12253000,NPC_enriched,2,0.9740451491546998,gene_body,Cobl,NM_172496,-,Cobl,-112963.0
430,chr11,12255000,12272000,NPC_enriched,17,0.9991905172076904,gene_body,Cobl,NM_172496,-,Cobl,-101463.0
431,chr11,12274000,12289000,NPC_enriched,15,0.998386862512319,gene_body,Cobl,NM_172496,-,Cobl,-83463.0
432,chr11,12290000,12301000,NPC_enriched,11,0.9863395770999064,gene_body,Cobl,NM_172496,-,Cobl,-69463.0
433,chr11,12320000,12323000,NPC_enriched,3,0.99320787035433,gene_body,Cobl,NM_172496,-,Cobl,-43463.0
434,chr11,12352000,12357000,NPC_enriched,5,0.993384318280468,gene_body,Cobl,NM_172496,-,Cobl,-10463.0
435,chr11,16652000,16654000,ESC_enriched,2,0.9998038657851752,promoter,Egfr,NM_207655,+,Egfr,795.0
436,chr11,18770000,18779000,ESC_enriched,9,0.9975905693579202,intergenic,,,,Meis1,-144472.0
437,chr11,18906000,18910000,ESC_enriched,4,0.9954170076243132,gene_body,Meis1,NM_010789,-,Meis1,-10972.0
438,chr11,18912000,18922000,ESC_enriched,10,0.9984290767413824,promoter,Meis1,NM_010789,-,Meis1,-1972.0
439,chr11,18926000,18929000,ESC_enriched,3,0.9999151587563936,intergenic,,,,Meis1,8528.0
440,chr11,21892000,21907000,ESC_enriched,15,0.9992841387947228,promoter,Otx1,NM_011023,-,Otx1,-2154.0
441,chr11,23745000,23750000,ESC_enriched,5,0.9829617726910154,intergenic,,,,Papolg,-47770.0
442,chr11,24063000,24065000,ESC_enriched,2,0.9765906388626872,gene_body,4930538E20Rik,NR_167718,-,4930538E20Rik,-8781.0
443,chr11,28290000,28293000,NPC_enriched,3,0.981587429020282,gene_body,Ccdc85a,NM_001346759,-,Ccdc85a,-192824.0
444,chr11,28628000,28637000,NPC_enriched,9,0.9959009495676951,intergenic,,,,Mir216b,-13690.0
445,chr11,28650000,28654000,NPC_enriched,4,0.9948965915859564,intergenic,,,,Mir216a,-5011.0
446,chr11,29924000,29925000,ESC_enriched,1,0.9957433609973484,gene_body,Eml6,NM_146016,-,Eml6,-1533.0
447,chr11,31267000,31273000,ESC_enriched,6,0.9953397555263752,promoter,Stc2,NM_011491,-,Stc2,-61.0
448,chr11,32177000,32180000,ESC_enriched,3,0.993066049226241,promoter,Hba-x,NM_010405,+,Hba-x,1901.0
449,chr11,32246000,32249000,ESC_enriched,3,0.9941614716381616,promoter,Sh3pxd2b,NM_177364,+,Sh3pxd2b,-339.0
450,chr11,32431000,32434000,ESC_enriched,3,0.963089158692831,promoter,Stk10,NM_009288,+,Stk10,-765.0
451,chr11,32734000,32739000,ESC_enriched,5,0.9717722732065064,intergenic,,,,Smim23,11906.0
452,chr11,33021000,33024000,ESC_enriched,3,0.9876607889773183,gene_body,Fgf18,NM_008005,-,Fgf18,-24900.0
453,chr11,33046000,33048000,ESC_enriched,2,0.9986745493379244,promoter,Fgf18,NM_008005,-,Fgf18,-400.0
454,chr11,33093000,33100000,ESC_enriched,7,0.9985367666334044,intergenic,,,,Tlx3,-7088.0
455,chr11,33104000,33108000,ESC_enriched,4,0.9918287492832104,promoter,Tlx3,NM_019916,-,Tlx3,2412.0
456,chr11,33741000,33744000,ESC_enriched,3,0.9973349715268408,gene_body,Kcnip1,NM_001190886,-,Kcnmb1,-120512.0
457,chr11,35942000,35948000,NPC_enriched,6,0.9847649563082476,gene_body,Tenm2,NM_011856,-,Wwc1,121050.0
458,chr11,35959000,35961000,NPC_enriched,2,0.9561967861476338,gene_body,Tenm2,NM_011856,-,Wwc1,136050.0
459,chr11,37080000,37081000,ESC_enriched,1,0.973736416540128,intergenic,,,,Tenm2,292836.0
460,chr11,43228000,43233000,ESC_enriched,5,0.9888352254585224,intergenic,,,,Mir146,12616.0
461,chr11,43617000,43621000,ESC_enriched,4,0.9920317922161956,gene_body,Adra1b,NM_007416,-,Ttc1,27569.0
462,chr11,43678000,43679000,ESC_enriched,1,0.9511542489452052,promoter,Adra1b,NM_007416,-,Adra1b,-1412.0
463,chr11,44454000,44466000,ESC_enriched,12,0.9989920307418768,promoter,Ebf1,NM_001362571,+,Ebf1,-1522.0
464,chr11,45300000,45303000,NPC_enriched,3,0.9574214244947512,intergenic,,,,Gm12159,341149.0
465,chr11,49013000,49014000,ESC_enriched,1,0.9987460199945049,gene_body,Btnl9,NM_172793,-,Olfr1394,10062.0
466,chr11,49478000,49481000,ESC_enriched,3,0.992981983687569,gene_body,Flt4,NM_008029,+,Flt4,26399.0
467,chr11,49867000,49871000,ESC_enriched,4,0.9953551697669868,promoter,Rnf130,NM_001290750,+,Rnf130,247.0
468,chr11,50070000,50076000,ESC_enriched,6,0.9754401661833922,promoter,Mir6919,NR_105884,+,Mir6919,-2667.0
469,chr11,50702000,50705000,ESC_enriched,3,0.9747303750312174,gene_body,Grm6,NM_173372,+,Grm6,9393.0
470,chr11,50772000,50775000,ESC_enriched,3,0.9895082004332608,promoter,Zfp354b,NM_013744,-,Zfp354b,-1558.0
471,chr11,53299000,53315000,ESC_enriched,16,0.9968378622047448,promoter,Shroom1,NM_001290789,+,Shroom1,6373.0
472,chr11,53317000,53326000,ESC_enriched,9,0.992618618073536,promoter,Sowaha,NM_183173,-,Sowaha,-2118.0
473,chr11,53330000,53331000,ESC_enriched,1,0.997510937542488,intergenic,,,,Sowaha,6882.0
474,chr11,53471000,53480000,ESC_enriched,9,0.9915637273251364,promoter,Il13,NM_008355,-,Il13,-2625.0
475,chr11,53702000,53703000,ESC_enriched,1,0.9551586332974118,promoter,Gm12216,NR_033332,-,Gm12216,-179.0
476,chr11,53871000,53873000,ESC_enriched,2,0.9999287568172944,promoter,Slc22a4,NM_019687,-,Slc22a4,473.0
477,chr11,53911000,53917000,ESC_enriched,6,0.998209258038034,promoter,Pdlim4,NM_019417,-,Pdlim4,1560.0
478,chr11,53960000,53970000,NPC_enriched,10,0.9907976903072596,gene_body,P4ha2,NM_011031,+,P4ha2,20654.0
479,chr11,54920000,54923000,ESC_enriched,3,0.9823283965541504,promoter,Ccdc69,NM_177471,-,Ccdc69,-54.0
480,chr11,55158000,55159000,ESC_enriched,1,0.9747082107929615,intergenic,,,,Fat2,2820.0
481,chr11,57641000,57656000,ESC_enriched,15,0.994310045274826,promoter,Hand1,NM_008213,-,Hand1,158.0
482,chr11,58778000,58781000,ESC_enriched,3,0.9653115797392506,promoter,Trim17,NM_031172,+,Trim17,-475.0
483,chr11,58948000,58956000,ESC_enriched,8,0.9936166079556406,promoter,Obscn,NM_001171512,-,Obscn,-570.0
484,chr11,58991000,58996000,ESC_enriched,5,0.9959878239917976,gene_body,Gjc2,NM_175452,-,Gjc2,-5521.0
485,chr11,59780000,59782000,ESC_enriched,2,0.991813694957018,promoter,Rasd1,NM_009026,-,Rasd1,-139.0
486,chr11,59954000,59958000,ESC_enriched,4,0.989335538544813,gene_body,Rai1,NM_009021,+,4930412M03Rik,24573.0
487,chr11,60004000,60006000,ESC_enriched,2,0.9939252394503012,gene_body,Rai1,NM_009021,+,Mir6921,-11812.0
488,chr11,60840000,60842000,ESC_enriched,2,0.9832219582238196,intergenic,,,,Kcnj12,-40998.0
489,chr11,61157000,61160000,ESC_enriched,3,0.9948626414576408,promoter,Slc47a2,NM_001033542,-,Slc47a2,-555.0
490,chr11,61192000,61195000,ESC_enriched,3,0.9925023367599024,promoter,Slc47a1,NM_026183,-,Slc47a1,-770.0
491,chr11,61265000,61268000,ESC_enriched,3,0.988387535209302,gene_body,Rnf112,NM_001291024,-,Rnf112,-3687.0
492,chr11,61299000,61302000,ESC_enriched,3,0.9726341559675236,promoter,Mfap4,NM_029568,+,Mfap4,-1125.0
493,chr11,61528000,61529000,ESC_enriched,1,0.9677981182851956,gene_body,Slc5a10,NM_001382268,-,Slc5a10,-7680.0
494,chr11,61877000,61882000,ESC_enriched,5,0.981145482371654,gene_body,Specc1,NM_001281818,+,Specc1,106543.0
495,chr11,62376000,62379000,ESC_enriched,3,0.9908562666750864,intergenic,,,,Ubb,9575.0
496,chr11,62567000,62569000,ESC_enriched,2,0.9646781291534168,intergenic,,,,Zfp287,19909.0
497,chr11,62946000,62950000,ESC_enriched,4,0.9917327773506244,promoter,Pmp22,NM_001302257,+,Pmp22,2824.0
498,chr11,63735000,63740000,ESC_enriched,5,0.997654694626535,promoter,Hs3st3b1,NM_018805,-,Hs3st3b1,-979.0
499,chr11,64530000,64535000,NPC_enriched,5,0.9852836180159654,intergenic,,,,Elac2,-262729.0
500,chr11,65796000,65801000,NPC_enriched,5,0.9910254742527174,gene_body,Dnah9,NM_001099633,-,Zkscan6,175131.0
501,chr11,66909000,66913000,ESC_enriched,4,0.9873842664047372,gene_body,Myh3,NM_001099635,+,Mir6923,-4998.0
502,chr11,68199000,68209000,ESC_enriched,10,0.9866497502022,promoter,Ntn1,NM_008744,-,Ntn1,979.0
503,chr11,68214000,68219000,ESC_enriched,5,0.9854307747058192,intergenic,,,,Ntn1,13479.0
504,chr11,68770000,68773000,ESC_enriched,3,0.9814654432705008,promoter,Arhgef15,NM_001364772,-,Arhgef15,-1582.0
505,chr11,68936000,68938000,ESC_enriched,2,0.9834552059637908,promoter,Hes7,NM_033041,+,Hes7,353.0
506,chr11,69051000,69054000,ESC_enriched,3,0.9980850987495984,promoter,Gucy2e,NM_008192,-,Gucy2e,-717.0
507,chr11,69143000,69158000,ESC_enriched,15,0.9969707836724628,promoter,Rnf227,NR_027827,+,Rnf227,-6490.0
508,chr11,69161000,69167000,ESC_enriched,6,0.9951385141008704,gene_body,Chd3,NM_146019,-,Rnf227,7010.0
509,chr11,69174000,69185000,ESC_enriched,11,0.994385599083565,promoter,Chd3,NM_146019,-,Chd3,-6121.0
510,chr11,69374000,69378000,ESC_enriched,4,0.9847839845030952,promoter,Efnb3,NM_007911,-,Efnb3,-432.0
511,chr11,69418000,69423000,ESC_enriched,5,0.9912892505280896,promoter,Atp1b2,NM_013415,-,Atp1b2,-1655.0
512,chr11,69649000,69654000,ESC_enriched,5,0.9938945721319362,promoter,Nlgn2,NM_001364137,-,Nlgn2,-2479.0
513,chr11,70030000,70033000,ESC_enriched,3,0.996280224884373,promoter,Slc16a11,NM_153081,+,Slc16a11,1396.0
514,chr11,70070000,70072000,ESC_enriched,2,0.995260447286241,promoter,Alox12,NM_007440,-,Alox12,-565.0
515,chr11,70137000,70139000,ESC_enriched,2,0.9888016144395626,promoter,Alox12e,NM_145684,-,Alox12e,-725.0
516,chr11,70274000,70278000,ESC_enriched,4,0.9888843418634136,promoter,Cxcl16,NM_023158,-,Cxcl16,-179.0
517,chr11,70432000,70434000,ESC_enriched,2,0.9658808449170356,promoter,4930544D05Rik,NM_001145537,+,4930544D05Rik,912.0
518,chr11,71313000,71322000,ESC_enriched,9,0.9811583480320836,intergenic,,,,9230020A06Rik,-15230.0
519,chr11,71396000,71398000,NPC_enriched,2,0.9821055343874034,intergenic,,,,9230020A06Rik,64270.0
520,chr11,71566000,71569000,ESC_enriched,3,0.9990152280729654,promoter,Wscd1,NM_001357965,+,Wscd1,291.0
521,chr11,71844000,71849000,ESC_enriched,5,0.987560514923956,gene_body,Aipl1,NM_053245,-,Aipl1,-7204.0
522,chr11,71866000,71870000,ESC_enriched,4,0.9964215738540152,gene_body,Pitpnm3,NM_001081641,-,Pimreg,9304.0
523,chr11,71949000,71956000,ESC_enriched,7,0.9876988167321964,promoter,Pitpnm3,NM_001081641,-,Pitpnm3,416.0
524,chr11,72081000,72084000,ESC_enriched,3,0.9761690893485074,promoter,1700051A21Rik,NR_045922,+,1700051A21Rik,-538.0
525,chr11,72303000,72306000,ESC_enriched,3,0.98778647018192,promoter,Spns2,NM_153060,-,Spns2,-1615.0
526,chr11,72777000,72779000,ESC_enriched,2,0.9816948816214413,promoter,Atp2a3,NM_016745,+,Atp2a3,637.0
527,chr11,72974000,72977000,ESC_enriched,3,0.9892648162843852,promoter,P2rx5,NM_001376982,+,P2rx5,-1082.0
528,chr11,73145000,73147000,ESC_enriched,2,0.9920054195877124,promoter,Spata22,NM_001045531,+,Spata22,65.0
529,chr11,73188000,73191000,NPC_enriched,3,0.9628669581018744,promoter,Olfr376,NM_001172686,+,Olfr376,2060.0
530,chr11,74169000,74172000,NPC_enriched,3,0.9744251789414684,intergenic,,,,Olfr411,6633.0
531,chr11,74981000,74989000,ESC_enriched,8,0.9987291596627396,promoter,Hic1,NM_010430,-,Hic1,-1450.0
532,chr11,75009000,75013000,ESC_enriched,4,0.985688228507238,promoter,Rtn4rl1,NM_177708,+,Rtn4rl1,813.0
533,chr11,75066000,75068000,ESC_enriched,2,0.9923747096588372,gene_body,Rtn4rl1,NM_177708,+,Rtn4rl1,56813.0
534,chr11,75076000,75082000,ESC_enriched,6,0.9851795662969904,gene_body,Rtn4rl1,NM_177708,+,Rtn4rl1,68813.0
535,chr11,75097000,75101000,ESC_enriched,4,0.991462295532136,intergenic,,,,Rpa1,-65578.0
536,chr11,75109000,75111000,ESC_enriched,2,0.9642005536373566,intergenic,,,,Rpa1,-54578.0
537,chr11,75261000,75263000,ESC_enriched,2,0.9774758538403278,gene_body,Wdr81,NM_138950,-,Serpinf2,6304.0
538,chr11,75269000,75271000,ESC_enriched,2,0.9939615989841042,promoter,Wdr81,NM_138950,-,Wdr81,-912.0
539,chr11,75610000,75615000,ESC_enriched,5,0.998396847858542,promoter,Doc2b,NM_007873,-,Doc2b,245.0
540,chr11,75816000,75817000,ESC_enriched,1,0.9748530179969956,promoter,1700016K19Rik,NM_198637,+,1700016K19Rik,394.0
541,chr11,75840000,75845000,ESC_enriched,5,0.9959027471467212,promoter,Rflnb,NM_029658,-,Rflnb,-1477.0
542,chr11,76482000,76491000,ESC_enriched,9,0.999695878678964,promoter,Bhlha9,NM_177182,+,Bhlha9,-2164.0
543,chr11,76511000,76514000,ESC_enriched,3,0.97293966471231,gene_body,Trarg1,NM_177709,+,Trarg1,16433.0
544,chr11,76515000,76517000,ESC_enriched,2,0.9750004716961074,intergenic,,,,Trarg1,19933.0
545,chr11,76661000,76663000,ESC_enriched,2,0.985756451079304,promoter,Cpd,NM_007754,-,Cpd,-1203.0
546,chr11,76919000,76921000,ESC_enriched,2,0.985392617015397,gene_body,Efcab5,NM_176965,-,Nsrp1,25368.0
547,chr11,77277000,77291000,ESC_enriched,14,0.999496972163936,promoter,Mir12181,NR_162779,+,Mir12181,288.0
548,chr11,77305000,77307000,ESC_enriched,2,0.9995488445472492,promoter,Ankrd13b,NM_001373883,-,Ankrd13b,-237.0
549,chr11,77330000,77334000,ESC_enriched,4,0.9993402083549264,promoter,Abhd15,NM_026185,+,Abhd15,689.0
550,chr11,77745000,77751000,ESC_enriched,6,0.9915381771243836,promoter,Sez6,NM_001291225,+,Sez6,967.0
551,chr11,77752000,77782000,ESC_enriched,30,0.9945268674067724,gene_body,Sez6,NM_001291225,+,Sez6,19967.0
552,chr11,78303000,78309000,ESC_enriched,6,0.9909865426028496,gene_body,Sarm1,NM_001168521,-,Sarm1,-7949.0
553,chr11,78312000,78315000,ESC_enriched,3,0.9843034441434296,promoter,Sarm1,NM_001168521,-,Sarm1,-449.0
554,chr11,78622000,78628000,ESC_enriched,6,0.9793489083780664,intergenic,,,,Lyrm9,-17789.0
555,chr11,78740000,78742000,ESC_enriched,2,0.9893665110452896,gene_body,Nos2,NM_010927,+,Nos2,4019.0
556,chr11,79526000,79530000,ESC_enriched,4,0.9956853551908512,promoter,Mir193a,NR_029579,+,Mir193a,-163.0
557,chr11,79970000,79972000,ESC_enriched,2,0.9995570233753264,promoter,Adap2,NM_172133,+,Adap2,644.0
558,chr11,80112000,80113000,ESC_enriched,1,0.9505641112095984,intergenic,,,,Rhbdl3,-4606.0
559,chr11,80117000,80120000,ESC_enriched,3,0.9876913552095444,promoter,Rhbdl3,NM_139228,+,Rhbdl3,1394.0
560,chr11,80293000,80296000,ESC_enriched,3,0.9820527752356414,promoter,Cdk5r1,NM_009871,+,Cdk5r1,1283.0
561,chr11,80509000,80529000,NPC_enriched,20,0.9973314248828892,gene_body,Myo1d,NM_177390,-,Myo1d,-77220.0
562,chr11,80530000,80537000,NPC_enriched,7,0.9920383228644756,gene_body,Myo1d,NM_177390,-,Myo1d,-62720.0
563,chr11,80574000,80579000,NPC_enriched,5,0.9893369884419894,gene_body,Myo1d,NM_177390,-,Myo1d,-19720.0
564,chr11,80593000,80597000,NPC_enriched,4,0.9983318588885776,promoter,Myo1d,NM_177390,-,Myo1d,-1220.0
565,chr11,82203000,82210000,ESC_enriched,7,0.9964084123948174,promoter,Tmem132e,NM_001304439,+,Tmem132e,1406.0
566,chr11,82249000,82251000,ESC_enriched,2,0.9879814676493536,gene_body,Tmem132e,NM_001304439,+,Tmem132e,44906.0
567,chr11,83224000,83230000,ESC_enriched,6,0.985115478817096,promoter,Rasl10b,NM_001013386,+,Rasl10b,734.0
568,chr11,83232000,83237000,ESC_enriched,5,0.9894531364107696,gene_body,Rasl10b,NM_001013386,+,Rasl10b,8234.0
569,chr11,83257000,83262000,ESC_enriched,5,0.988239581197315,gene_body,1700020L24Rik,NM_025492,+,1700020L24Rik,5612.0
570,chr11,84332000,84347000,ESC_enriched,15,0.9999358104676154,promoter,Lhx1,NM_008498,-,Lhx1,-2229.0
571,chr11,85639000,85663000,ESC_enriched,24,0.9947551624974472,promoter,Tbx2,NM_009324,+,Tbx2,2191.0
572,chr11,85691000,85715000,ESC_enriched,24,0.9976082996552846,promoter,Tbx4,NM_011536,+,Tbx4,439.0
573,chr11,85728000,85743000,ESC_enriched,15,0.980493057340985,gene_body,Tbx4,NM_011536,+,Tbx4,32939.0
574,chr11,87173000,87176000,ESC_enriched,3,0.9792843163476976,promoter,Ppm1e,NM_177167,-,Ppm1e,-689.0
575,chr11,87433000,87435000,ESC_enriched,2,0.9998524907515124,promoter,Hsf5,NM_001045527,+,Hsf5,642.0
576,chr11,87612000,87613000,ESC_enriched,1,0.9772019651719172,gene_body,Mpo,NM_010824,+,Mpo,2522.0
577,chr11,87632000,87634000,ESC_enriched,2,0.977825414245972,gene_body,Lpo,NM_080420,-,Lpo,-9309.0
578,chr11,87912000,87919000,ESC_enriched,7,0.9961029394840604,promoter,2210416O15Rik,NR_045499,+,2210416O15Rik,1248.0
579,chr11,87929000,87930000,ESC_enriched,1,0.9500968430407096,intergenic,,,,2210416O15Rik,15248.0
580,chr11,88007000,88011000,ESC_enriched,4,0.9910173424791682,gene_body,Cuedc1,NM_001172099,+,Mrps23,-11582.0
581,chr11,88016000,88018000,ESC_enriched,2,0.9951859301333024,intergenic,,,,Mrps23,-3582.0
582,chr11,90198000,90207000,ESC_enriched,9,0.9883536420320884,promoter,Hlf,NM_172563,-,Hlf,-4507.0
583,chr11,90210000,90213000,ESC_enriched,3,0.9913360093333884,intergenic,,,,Hlf,4493.0
584,chr11,90231000,90236000,ESC_enriched,5,0.9937573861452884,intergenic,,,,Hlf,26493.0
585,chr11,94059000,94060000,ESC_enriched,1,0.9591909182895868,promoter,Wfikkn2,NM_181819,-,Wfikkn2,831.0
586,chr11,94061000,94066000,ESC_enriched,5,0.9835886808943504,intergenic,,,,Wfikkn2,4831.0
587,chr11,94286000,94291000,ESC_enriched,5,0.9859808587725356,promoter,Cacna1g,NM_001177888,-,Cacna1g,-1788.0
588,chr11,94309000,94317000,ESC_enriched,8,0.9916262160375184,promoter,Epn3,NM_027984,-,Epn3,-3064.0
589,chr11,94689000,94700000,ESC_enriched,11,0.9964953847118352,intergenic,,,,Gm11544,28817.0
590,chr11,94749000,94752000,ESC_enriched,3,0.9788181618517844,promoter,Col1a1,NM_007742,+,Col1a1,-1813.0
591,chr11,94760000,94764000,ESC_enriched,4,0.9904453112781192,gene_body,Col1a1,NM_007742,+,Col1a1,9687.0
592,chr11,94824000,94838000,ESC_enriched,14,0.9981403911609864,promoter,Samd14,NM_001364135,+,Samd14,5032.0
593,chr11,94840000,94846000,ESC_enriched,6,0.9836074266749204,gene_body,Pdk2,NM_133667,-,Pdk2,-14461.0
594,chr11,94958000,94967000,ESC_enriched,9,0.999121820373521,promoter,Dlx4,NM_007867,-,Dlx4,609.0
595,chr11,95018000,95023000,ESC_enriched,5,0.9889745678685576,intergenic,,,,Tac4,-57118.0
596,chr11,95058000,95059000,ESC_enriched,1,0.9576083951401524,intergenic,,,,Tac4,-19118.0
597,chr11,95066000,95067000,ESC_enriched,1,0.95506342457544,intergenic,,,,Tac4,-11118.0
598,chr11,95612000,95614000,ESC_enriched,2,0.9892930818836152,intergenic,,,,Gm38958,-27501.0
599,chr11,95645000,95650000,ESC_enriched,5,0.9852409353071732,gene_body,Phospho1,NM_153104,+,Phospho1,6911.0
600,chr11,95805000,95807000,NPC_enriched,2,0.9776563389813332,gene_body,Igf2bp1,NM_009951,-,Igf2bp1,-16034.0
601,chr11,95812000,95837000,NPC_enriched,25,0.998999405225279,promoter,Igf2bp1,NM_009951,-,Igf2bp1,2466.0
602,chr11,95918000,95924000,NPC_enriched,6,0.9920479590300536,gene_body,Calcoco2,NM_001271018,-,Calcoco2,-7052.0
603,chr11,96391000,96420000,NPC_enriched,29,0.9990142476749814,gene_body,Skap1,NM_001177898,+,Skap1,124820.0
604,chr11,96431000,96446000,NPC_enriched,15,0.9975875143295636,gene_body,Skap1,NM_001177898,+,Snx11,-155145.0
605,chr11,96945000,96947000,ESC_enriched,2,0.9858059975754968,intergenic,,,,Tbx21,14579.0
606,chr11,96950000,96959000,ESC_enriched,9,0.9880656781314064,gene_body,Tbkbp1,NM_001372531,-,Mir7235,-8009.0
607,chr11,97316000,97318000,ESC_enriched,2,0.994133749827372,promoter,4933428G20Rik,NM_001289118,-,4933428G20Rik,570.0
608,chr11,98154000,98171000,ESC_enriched,17,0.990116018367694,promoter,Ppp1r1b,NM_144828,+,Ppp1r1b,-1995.0
609,chr11,98199000,98205000,ESC_enriched,6,0.9966704940852013,promoter,Pnmt,NM_008890,+,Pnmt,-712.0
610,chr11,98337000,98345000,NPC_enriched,8,0.9972712319462624,gene_body,Ikzf3,NM_011771,-,Ikzf3,-21121.0
611,chr11,98856000,98860000,ESC_enriched,4,0.9886259340828984,promoter,Igfbp4,NM_010517,+,Igfbp4,667.0
612,chr11,98961000,98963000,ESC_enriched,2,0.9665250597099982,gene_body,Ccr7,NM_007719,-,Ccr7,-9167.0
613,chr11,99262000,99268000,NPC_enriched,6,0.9913817462067792,intergenic,,,,Krt20,10757.0
614,chr11,100456000,100459000,ESC_enriched,3,0.9853244684660896,gene_body,Zfp385c,NM_001373889,-,Nkiras2,18456.0
615,chr11,100563000,100567000,ESC_enriched,4,0.9721766420519504,gene_body,Kcnh4,NM_001081194,-,Rab5c,10695.0
616,chr11,100664000,100668000,ESC_enriched,4,0.9835825843681332,promoter,Stat5b,NM_001113563,-,Stat5b,-671.0
617,chr11,100677000,100679000,ESC_enriched,2,0.9826806203992392,promoter,Stat5a,NM_001164062,+,Stat5a,1427.0
618,chr11,100774000,100776000,ESC_enriched,2,0.9944179983706314,gene_body,Cavin1,NM_008986,-,Cavin1,-11707.0
619,chr11,100785000,100787000,ESC_enriched,2,0.977842457583585,promoter,Cavin1,NM_008986,-,Cavin1,-707.0
620,chr11,100894000,100898000,ESC_enriched,4,0.9997015130296684,promoter,Hsd17b1,NM_010475,+,Hsd17b1,1500.0
621,chr11,100980000,100994000,ESC_enriched,14,0.9977158273856428,promoter,Plekhh3,NM_001346769,-,Plekhh3,-462.0
622,chr11,101078000,101082000,ESC_enriched,4,0.9983069440751148,gene_body,Wnk4,NM_175638,+,Wnk4,3344.0
623,chr11,101778000,101783000,ESC_enriched,5,0.9858151940248464,promoter,Sost,NM_024449,-,Sost,-2605.0
624,chr11,101841000,101845000,ESC_enriched,4,0.9945871277783136,promoter,Mpp3,NM_007863,-,Mpp3,-45.0
625,chr11,101899000,101905000,ESC_enriched,6,0.9935678634884542,promoter,Mpp2,NM_016695,-,Mpp2,-2605.0
626,chr11,101961000,101966000,ESC_enriched,5,0.9958570297766643,promoter,Nags,NM_145829,+,Nags,1898.0
627,chr11,102173000,102177000,ESC_enriched,4,0.9875082015558622,gene_body,Slc4a1,NM_011403,-,Slc4a1,-6371.0
628,chr11,102254000,102259000,ESC_enriched,5,0.9945578857968436,gene_body,Fam171a2,NM_199200,-,Fam171a2,-7253.0
629,chr11,102261000,102263000,ESC_enriched,2,0.9727544450730692,promoter,Fam171a2,NM_199200,-,Fam171a2,-1753.0
630,chr11,102282000,102286000,ESC_enriched,4,0.9819049005723216,promoter,Itga2b,NM_010575,-,Itga2b,-1973.0
631,chr11,102421000,102428000,ESC_enriched,7,0.9916538098010552,promoter,Fzd2,NM_020510,+,Fzd2,3980.0
632,chr11,102479000,102483000,ESC_enriched,4,0.9988644001674444,promoter,Meioc,NM_001127576,+,Meioc,-674.0
633,chr11,102575000,102579000,ESC_enriched,4,0.9822049855464716,promoter,Adam11,NM_009613,+,Adam11,-524.0
634,chr11,102709000,102715000,ESC_enriched,6,0.9972981824008534,promoter,Gfap,NM_010277,-,Gfap,-1290.0
635,chr11,102759000,102766000,ESC_enriched,7,0.9903794283104088,promoter,C1ql1,NM_011795,-,C1ql1,-306.0
636,chr11,102806000,102808000,ESC_enriched,2,0.9922064989058516,intergenic,,,,Mir6931,-9011.0
637,chr11,103008000,103009000,ESC_enriched,1,0.992691114331486,gene_body,Fmnl1,NM_001077698,+,Efcab15,-16138.0
638,chr11,103031000,103037000,ESC_enriched,6,0.9844493897020984,promoter,Spata32,NM_177801,-,Spata32,-522.0
639,chr11,103546000,103548000,ESC_enriched,2,0.9964859657782792,gene_body,Wnt9b,NM_011719,-,Wnt9b,-18911.0
640,chr11,103585000,103601000,ESC_enriched,16,0.996374276214336,promoter,Wnt3,NM_009521,+,Wnt3,2736.0
641,chr11,103603000,103604000,ESC_enriched,1,0.969900367569488,gene_body,Wnt3,NM_009521,+,Wnt3,13236.0
642,chr11,103605000,103633000,ESC_enriched,28,0.9959475446312188,gene_body,Wnt3,NM_009521,+,Wnt3,28736.0
643,chr11,104047000,104054000,ESC_enriched,7,0.9963452175506172,promoter,Mapt,NM_001285454,+,Mapt,2975.0
644,chr11,104473000,104475000,ESC_enriched,2,0.9965270923875922,gene_body,Itgb3,NM_016780,+,Itgb3,49911.0
645,chr11,104981000,104983000,ESC_enriched,2,0.9869272222382612,intergenic,,,,1700052K11Rik,-15523.0
646,chr11,105107000,105114000,ESC_enriched,7,0.9938936282626706,promoter,Mrc2,NM_008626,+,Mrc2,1765.0
647,chr11,105975000,105977000,ESC_enriched,2,0.9802098280636076,promoter,Limd2,NM_172397,-,Limd2,-266.0
648,chr11,106192000,106193000,ESC_enriched,1,0.9722473249295898,gene_body,Prr29,NM_029345,+,Prr29,1585.0
649,chr11,107600000,107604000,ESC_enriched,4,0.9828072501523124,gene_body,Cacng4,NM_019431,-,Gm11650,-7961.0
650,chr11,107607000,107613000,ESC_enriched,6,0.9953459133002002,promoter,Gm11650,NR_165828,+,Gm11650,39.0
651,chr11,107615000,107616000,ESC_enriched,1,0.9525107403506248,intergenic,,,,Cacng4,4704.0
652,chr11,107727000,107733000,ESC_enriched,6,0.9841876683173648,promoter,Cacng5,NM_080644,-,Cacng5,2548.0
653,chr11,107795000,107796000,ESC_enriched,1,0.9544145275920528,gene_body,Prkca,NM_011101,-,Mir7223,-17437.0
654,chr11,108708000,108709000,ESC_enriched,1,0.9595176325656524,intergenic,,,,Axin2,-27938.0
655,chr11,108738000,108740000,ESC_enriched,2,0.986192074815384,gene_body,Axin2,NM_015732,+,Axin2,2562.0
656,chr11,109255000,109258000,ESC_enriched,3,0.9825003230752472,promoter,Gm45916,NR_040680,+,Gm45916,333.0
657,chr11,109537000,109539000,ESC_enriched,2,0.9960199679031037,promoter,Fam20a,NM_153782,-,Fam20a,-328.0
658,chr11,112596000,112606000,ESC_enriched,10,0.997969726114208,promoter,Sox9,NM_011448,+,Sox9,2701.0
659,chr11,112679000,112691000,ESC_enriched,12,0.9854245701007126,intergenic,,,,1700012H19Rik,43782.0
660,chr11,112772000,112784000,ESC_enriched,12,0.9952647104812948,intergenic,,,,1700012H19Rik,136782.0
661,chr11,113435000,113438000,ESC_enriched,3,0.9995876547577917,promoter,Sstr2,NM_009217,+,Sstr2,1084.0
662,chr11,113636000,113648000,ESC_enriched,12,0.9829121717086484,gene_body,Sdk2,NM_172800,-,Gm39468,39737.0
663,chr11,113877000,113884000,ESC_enriched,7,0.9953549724381776,promoter,Sdk2,NM_172800,-,Sdk2,-2619.0
664,chr11,114576000,114579000,ESC_enriched,3,0.9898384516488462,intergenic,,,,Kif19a,-3978.0
665,chr11,114581000,114583000,ESC_enriched,2,0.9648186111169748,promoter,Kif19a,NM_001102615,+,Kif19a,522.0
666,chr11,114594000,114611000,ESC_enriched,17,0.9917943506422066,promoter,Btbd17,NM_028055,-,Btbd17,-9482.0
667,chr11,114665000,114667000,ESC_enriched,2,0.9877743417670556,promoter,Gprc5c,NM_001110337,+,Gprc5c,-1621.0
668,chr11,115071000,115074000,ESC_enriched,3,0.9973160498084844,gene_body,Grin2c,NM_010350,-,Grin2c,-10833.0
669,chr11,115082000,115084000,ESC_enriched,2,0.9998267281605604,promoter,Grin2c,NM_010350,-,Grin2c,-333.0
670,chr11,115132000,115141000,ESC_enriched,9,0.9990401630025808,promoter,Ush1g,NM_176847,-,Ush1g,-1508.0
671,chr11,115182000,115186000,ESC_enriched,4,0.9862730554177356,promoter,Hid1,NM_001346774,-,Hid1,154.0
672,chr11,115189000,115191000,ESC_enriched,2,0.9888062622112044,intergenic,,,,Hid1,6154.0
673,chr11,115674000,115675000,ESC_enriched,1,0.999750474266289,promoter,Myo15b,NM_001384233,+,Myo15b,486.0
674,chr11,115924000,115928000,ESC_enriched,4,0.9998476083232694,promoter,Trim47,NM_172570,-,Trim47,-325.0
675,chr11,115944000,115949000,ESC_enriched,5,0.9910192421923344,promoter,Trim65,NM_178802,-,Trim65,-718.0
676,chr11,116037000,116041000,ESC_enriched,4,0.9993992323118324,gene_body,Evpl,NM_025276,-,Cdk3,6909.0
677,chr11,116048000,116056000,ESC_enriched,8,0.9968042160804548,promoter,Evpl,NM_025276,-,Evpl,-2181.0
678,chr11,116096000,116102000,ESC_enriched,6,0.9931040541454692,promoter,Galr2,NM_010254,+,Galr2,1972.0
679,chr11,116149000,116152000,ESC_enriched,3,0.9937071928975564,promoter,Foxj1,NM_008240,-,Foxj1,-944.0
680,chr11,116228000,116231000,ESC_enriched,3,0.990297996787902,promoter,Rnf157,NM_027258,-,Rnf157,378.0
681,chr11,116346000,116351000,ESC_enriched,5,0.9989697883274354,promoter,Sphk1,NM_001172473,+,Sphk1,-33.0
682,chr11,116466000,116472000,ESC_enriched,6,0.9943153332429978,promoter,Cygb,NM_030206,-,Cygb,-1403.0
683,chr11,117282000,117292000,NPC_enriched,10,0.9968685119545582,intergenic,,,,Gm11733,-13457.0
684,chr11,117675000,117679000,ESC_enriched,4,0.9857023461395868,promoter,Tmem235,NM_001085535,+,Tmem235,159.0
685,chr11,118063000,118065000,ESC_enriched,2,0.988411198611022,promoter,Cyth1,NM_011180,-,Cyth1,-648.0
686,chr11,118171000,118172000,ESC_enriched,1,0.9951031559375368,promoter,Timp2,NM_011594,-,Timp2,-1.0
687,chr11,118815000,118818000,ESC_enriched,3,0.9841566297579928,intergenic,,,,Enpp7,12230.0
688,chr11,118849000,118884000,ESC_enriched,35,0.9982973979104712,promoter,Cbx8,NM_013926,-,Cbx8,9497.0
689,chr11,118888000,118911000,ESC_enriched,23,0.9964534060575873,promoter,Cbx4,NM_007625,-,Cbx4,-2827.0
690,chr11,118963000,118975000,ESC_enriched,12,0.9848490271937204,promoter,Mir6934,NR_105899,-,Mir6934,-1227.0
691,chr11,118976000,118977000,ESC_enriched,1,0.970585042409588,gene_body,Tbc1d16,NM_001347625,-,Mir6934,6273.0
692,chr11,119206000,119212000,ESC_enriched,6,0.9823982893772634,promoter,Mir1932,NR_035453,+,Mir1932,2439.0
693,chr11,119360000,119371000,ESC_enriched,11,0.998980754253233,promoter,Gm11762,NR_045099,+,Gm11762,781.0
694,chr11,119826000,119838000,ESC_enriched,12,0.9945722625854446,promoter,Mir338,NR_029767,-,Mir338,1048.0
695,chr11,119861000,119866000,ESC_enriched,5,0.9879847266207952,promoter,Aatk,NM_001198785,-,Aatk,265.0
696,chr11,120001000,120006000,ESC_enriched,5,0.9968232736161834,promoter,2810410L24Rik,NR_030682,-,2810410L24Rik,-2446.0
697,chr11,120049000,120055000,ESC_enriched,6,0.993101717820207,promoter,Bahcc1,NM_001347621,+,Bahcc1,2964.0
698,chr11,120462000,120464000,ESC_enriched,2,0.9822874918426584,promoter,Myadml2,NM_001204820,-,Myadml2,-1427.0
699,chr11,120971000,120977000,ESC_enriched,6,0.9958038171972676,promoter,Uts2r,NM_145440,+,Uts2r,-2360.0
700,chr11,121518000,121522000,ESC_enriched,4,0.9909920973404424,promoter,Metrnl,NM_144797,+,Metrnl,1484.0
701,chr11,121645000,121647000,ESC_enriched,2,0.992295204740518,promoter,Ptchd3,NM_029049,+,Ptchd3,-307.0
702,chr12,3365000,3368000,ESC_enriched,3,0.9942195450305809,promoter,I920046F24Rik,NR_164312,-,I920046F24Rik,927.0
703,chr12,3804000,3807000,ESC_enriched,3,0.9925717277626976,promoter,Dnmt3a,NM_007872,+,Dnmt3a,-1479.0
704,chr12,4035000,4039000,ESC_enriched,4,0.9873466470129394,promoter,Efr3b,NM_001082483,-,Efr3b,-1931.0
705,chr12,4133000,4135000,ESC_enriched,2,0.9784897977015444,promoter,Adcy3,NM_138305,+,Adcy3,-47.0
706,chr12,4895000,4901000,ESC_enriched,6,0.9917155492328747,promoter,Mfsd2b,NM_001033488,-,Mfsd2b,-2225.0
707,chr12,5147000,5150000,ESC_enriched,3,0.96237324568503,gene_body,Klhl29,NM_001164493,-,Atad2b,205235.0
708,chr12,5151000,5152000,ESC_enriched,1,0.9519978743866252,gene_body,Klhl29,NM_001164493,-,Atad2b,208235.0
709,chr12,5358000,5359000,ESC_enriched,1,0.9574905252725118,gene_body,Klhl29,NM_001164493,-,Klhl29,-43190.0
710,chr12,5400000,5402000,ESC_enriched,2,0.9992727889780684,promoter,Klhl29,NM_001164493,-,Klhl29,-690.0
711,chr12,8319000,8330000,ESC_enriched,11,0.997305759611234,promoter,Gdf7,NM_013527,-,Gdf7,-3462.0
712,chr12,8881000,8883000,ESC_enriched,2,0.9814008720513412,intergenic,,,,Laptm4a,-65314.0
713,chr12,9597000,9611000,ESC_enriched,14,0.9988493203877128,promoter,Osr1,NM_011859,+,Osr1,3551.0
714,chr12,10592000,10595000,NPC_enriched,3,0.9756880798925418,intergenic,,,,Gm38407,121105.0
715,chr12,11462000,11465000,ESC_enriched,3,0.966625199313526,promoter,Vsnl1,NM_012038,-,Vsnl1,579.0
716,chr12,12504000,12507000,NPC_enriched,3,0.9764945476270808,intergenic,,,,4921511I17Rik,87039.0
717,chr12,12511000,12530000,NPC_enriched,19,0.99516622148289,intergenic,,,,4921511I17Rik,102039.0
718,chr12,13208000,13210000,ESC_enriched,2,0.9815703886637746,intergenic,,,,Ddx1,-66162.0
719,chr12,14173000,14179000,ESC_enriched,6,0.9930067842282704,promoter,Lratd1,NM_029007,-,Lratd1,-1578.0
720,chr12,15841000,15842000,ESC_enriched,1,0.9991730250394136,promoter,Trib2,NM_144551,-,Trib2,-835.0
721,chr12,16677000,16683000,ESC_enriched,6,0.991755316391732,promoter,Ntsr2,NM_008747,+,Ntsr2,1051.0
722,chr12,16835000,16838000,ESC_enriched,3,0.9851332770134476,promoter,E2f6,NM_033270,+,E2f6,56.0
723,chr12,17036000,17038000,ESC_enriched,2,0.9766903731887812,promoter,2410004P03Rik,NM_001201333,-,2410004P03Rik,-207.0
724,chr12,17198000,17203000,ESC_enriched,5,0.9903534094255406,promoter,Kcnf1,NM_201531,-,Kcnf1,-1868.0
725,chr12,17348000,17351000,ESC_enriched,3,0.9905133089083326,promoter,Atp6v1c2,NM_001159632,-,Atp6v1c2,-710.0
726,chr12,17716000,17719000,ESC_enriched,3,0.9993856565662688,promoter,Hpcal1,NM_016677,+,Hpcal1,1212.0
727,chr12,25269000,25272000,ESC_enriched,3,0.9677406842999502,promoter,Cys1,NM_138686,-,Cys1,-374.0
728,chr12,25683000,25693000,ESC_enriched,10,0.9906342242737076,promoter,Id2,NM_010496,-,Id2,2828.0
729,chr12,25715000,25722000,ESC_enriched,7,0.98057400007684,promoter,Gm17746,NR_045844,+,Gm17746,247.0
730,chr12,25746000,25753000,ESC_enriched,7,0.97959703389392,intergenic,,,,Gm17746,31247.0
731,chr12,25778000,25779000,ESC_enriched,1,0.981875124937314,intergenic,,,,Gm17746,60247.0
732,chr12,25852000,25856000,ESC_enriched,4,0.996081855910792,intergenic,,,,Gm17746,135747.0
733,chr12,26458000,26462000,NPC_enriched,4,0.9605937429784626,intergenic,,,,Gm29687,-336773.0
734,chr12,27000000,27002000,ESC_enriched,2,0.9980609791543856,promoter,Mir6538,NR_105856,-,Mir6538,-278.0
735,chr12,27925000,27929000,ESC_enriched,4,0.9994554841462496,promoter,Sox11,NM_009234,-,Sox11,-1986.0
736,chr12,29137000,29139000,ESC_enriched,2,0.9838605102600316,intergenic,,,,Dcdc2c,3395.0
737,chr12,30525000,30526000,ESC_enriched,1,0.9636402352040548,promoter,Pxdn,NM_181395,+,Pxdn,1413.0
738,chr12,31260000,31265000,NPC_enriched,5,0.9812009997065558,intergenic,,,,Tmem18,92006.0
739,chr12,31674000,31677000,ESC_enriched,3,0.9706609089721132,intergenic,,,,Fam110c,15478.0
740,chr12,31852000,31854000,ESC_enriched,2,0.9886753647432494,promoter,Lamb1,NM_008482,+,Lamb1,1653.0
741,chr12,34514000,34515000,ESC_enriched,1,0.9725225127502032,promoter,Ferd3l,NM_033522,+,Ferd3l,829.0
742,chr12,34540000,34550000,ESC_enriched,10,0.9987111340978504,promoter,Twist1,NM_011658,+,Twist1,2083.0
743,chr12,34551000,34558000,ESC_enriched,7,0.9989061022910252,intergenic,,,,Twist1,11583.0
744,chr12,36403000,36406000,ESC_enriched,3,0.9720036897864645,intergenic,,,,Agr3,-31386.0
745,chr12,37617000,37622000,ESC_enriched,5,0.9853585452667734,promoter,Meox2,NM_008584,+,Meox2,695.0
746,chr12,40644000,40646000,ESC_enriched,2,0.987079517732532,promoter,Scin,NM_009132,-,Scin,349.0
747,chr12,45199000,45203000,ESC_enriched,4,0.9945869169850504,promoter,Nrcam,NM_001146031,+,Nrcam,1830.0
748,chr12,45882000,45888000,NPC_enriched,6,0.9811930700012312,gene_body,Stxbp6,NM_144552,-,Stxbp6,-59769.0
749,chr12,47274000,47276000,ESC_enriched,2,0.9954568067941848,intergenic,,,,Nova1,-419724.0
750,chr12,50285000,50293000,NPC_enriched,8,0.9959312100137624,intergenic,,,,3110039M20Rik,23222.0
751,chr12,50296000,50300000,NPC_enriched,4,0.964490954918246,intergenic,,,,3110039M20Rik,32222.0
752,chr12,50635000,50641000,NPC_enriched,6,0.9919505578087084,intergenic,,,,1810007C17Rik,281011.0
753,chr12,51142000,51146000,NPC_enriched,4,0.9713637188174736,intergenic,,,,Prkd1,-427256.0
754,chr12,51570000,51572000,ESC_enriched,2,0.9850286037935851,promoter,Prkd1,NM_001382814,-,Prkd1,-256.0
755,chr12,54167000,54174000,ESC_enriched,7,0.999945910494316,promoter,Npas3,NM_001370962,+,Npas3,443.0
756,chr12,54988000,54993000,ESC_enriched,5,0.999215101391466,gene_body,Npas3,NM_001370962,+,Egln3,-135000.0
757,chr12,55902000,55904000,ESC_enriched,2,0.9990568368698456,promoter,Baz1a,NM_013815,-,Baz1a,-1466.0
758,chr12,56515000,56520000,ESC_enriched,5,0.9979311400541674,promoter,Insm2,NM_020287,+,Insm2,454.0
759,chr12,57219000,57221000,ESC_enriched,2,0.9889473642989142,intergenic,,,,Mbip,-43906.0
760,chr12,57369000,57370000,NPC_enriched,1,0.9537511107893712,intergenic,,,,Sfta3-ps,-77932.0
761,chr12,57528000,57534000,ESC_enriched,6,0.9988157492368892,promoter,Nkx2-9,NM_008701,-,Nkx2-9,-296.0
762,chr12,57599000,57601000,ESC_enriched,2,0.9875541672368152,intergenic,,,,Pax9,-13482.0
763,chr12,57604000,57620000,ESC_enriched,16,0.9984465766757026,promoter,Pax9,NM_011041,+,Pax9,-1482.0
764,chr12,58114000,58117000,ESC_enriched,3,0.9995350366187356,promoter,Slc25a21,NM_172577,-,Slc25a21,16.0
765,chr12,58450000,58473000,ESC_enriched,23,0.9958538669468644,promoter,Foxa1,NM_008259,-,Foxa1,-2623.0
766,chr12,58489000,58497000,ESC_enriched,8,0.985874547805382,gene_body,Ttc6,NM_001312644,+,Ttc6,10874.0
767,chr12,59127000,59133000,ESC_enriched,6,0.9920050695190108,promoter,Sstr1,NM_009216,+,Sstr1,185.0
768,chr12,59185000,59188000,ESC_enriched,3,0.9992273370283868,promoter,Clec14a,NM_025809,-,Clec14a,-770.0
769,chr12,68138000,68142000,ESC_enriched,4,0.9990902731794116,promoter,Mdga2,NM_207010,-,Mdga2,-1154.0
770,chr12,70158000,70161000,ESC_enriched,3,0.9595834590545406,promoter,Klhdc1,NM_178253,+,Klhdc1,-936.0
771,chr12,70336000,70339000,ESC_enriched,3,0.9846599247839348,intergenic,,,,Arf6,46746.0
772,chr12,70707000,70710000,ESC_enriched,3,0.9919473405154304,promoter,4930512B01Rik,NR_033573,+,4930512B01Rik,-448.0
773,chr12,70961000,70963000,ESC_enriched,2,0.9913723150252022,gene_body,Nin,NM_001081453,-,Sav1,56393.0
774,chr12,71029000,71038000,ESC_enriched,9,0.998007551586995,intergenic,,,,Nin,12041.0
775,chr12,71143000,71148000,ESC_enriched,5,0.9948649684060036,promoter,Pygl,NM_133198,-,Pygl,-788.0
776,chr12,71264000,71267000,ESC_enriched,3,0.9910795769732752,promoter,Trim9,NM_001286388,-,Trim9,-719.0
777,chr12,71463000,71466000,ESC_enriched,3,0.9694290858709548,intergenic,,,,Tmx1,92742.0
778,chr12,71604000,71605000,ESC_enriched,1,0.9530466547812888,intergenic,,,,Frmd6,-139618.0
779,chr12,72235000,72239000,ESC_enriched,4,0.9900510492060904,gene_body,Dact1,NM_001190466,+,Dact1,8512.0
780,chr12,73313000,73314000,ESC_enriched,1,0.9527918595940296,gene_body,Rtn1,NM_001286448,-,Rtn1,-14392.0
781,chr12,73326000,73328000,ESC_enriched,2,0.9808638954967552,promoter,Rtn1,NM_001286448,-,Rtn1,-892.0
782,chr12,73799000,73804000,NPC_enriched,5,0.9878024696187212,gene_body,4930447C04Rik,NM_029444,-,4930447C04Rik,-35103.0
783,chr12,73807000,73810000,NPC_enriched,3,0.9684316266113708,gene_body,4930447C04Rik,NM_029444,-,4930447C04Rik,-28103.0
784,chr12,73817000,73818000,NPC_enriched,1,0.9551248400192278,gene_body,4930447C04Rik,NM_029444,-,4930447C04Rik,-19103.0
785,chr12,73822000,73826000,NPC_enriched,4,0.9978105136751216,gene_body,4930447C04Rik,NM_029444,-,4930447C04Rik,-12603.0
786,chr12,73828000,73833000,NPC_enriched,5,0.996826806625541,gene_body,4930447C04Rik,NM_029444,-,4930447C04Rik,-6103.0
787,chr12,73953000,73973000,ESC_enriched,20,0.9962100254129976,promoter,Gm51264,NR_162772,+,Gm51264,-1722.0
788,chr12,74502000,74505000,ESC_enriched,3,0.9985880827579768,promoter,Prkch,NM_008856,+,Prkch,-133.0
789,chr12,74915000,74919000,ESC_enriched,4,0.9932285102162904,promoter,Syt16,NM_001364283,+,Syt16,386.0
790,chr12,75201000,75204000,ESC_enriched,3,0.9782804931503004,promoter,1700086L19Rik,NR_030733,+,1700086L19Rik,-613.0
791,chr12,76096000,76102000,ESC_enriched,6,0.995534424010998,promoter,Kcnh5,NM_172805,-,Kcnh5,2828.0
792,chr12,76226000,76230000,ESC_enriched,4,0.9836636096724042,promoter,Rhoj,NM_023275,+,Rhoj,848.0
793,chr12,76305000,76308000,ESC_enriched,3,0.9964114552039028,gene_body,Rhoj,NM_023275,+,Gphb5,-29121.0
794,chr12,76653000,76658000,ESC_enriched,5,0.9904939821568832,promoter,Sgpp1,NM_030750,-,Sgpp1,931.0
795,chr12,76736000,76741000,ESC_enriched,5,0.994099511352539,promoter,Syne2,NM_001005510,+,Syne2,1343.0
796,chr12,77322000,77327000,ESC_enriched,5,0.9907152884388324,promoter,Hspa2,NM_008301,+,Hspa2,1291.0
797,chr12,77335000,77338000,ESC_enriched,3,0.97999767980729,promoter,Ppp1r36,NM_001163103,+,Ppp1r36,62.0
798,chr12,77353000,77355000,ESC_enriched,2,0.9966033786896232,gene_body,Ppp1r36,NM_001163103,+,Gm10451,-9336.0
799,chr12,77518000,77523000,ESC_enriched,5,0.984700262415528,gene_body,Sptb,NM_013675,-,AI463170,53735.0
800,chr12,77525000,77528000,ESC_enriched,3,0.968990299013104,gene_body,Sptb,NM_013675,-,AI463170,59735.0
801,chr12,79825000,79826000,ESC_enriched,1,0.9742622947291836,promoter,Plek2,NM_013738,-,Plek2,-278.0
802,chr12,79923000,79927000,ESC_enriched,4,0.9783486998121488,promoter,Tmem229b,NM_178745,-,Tmem229b,-1117.0
803,chr12,80924000,80947000,ESC_enriched,23,0.9948995338590344,intergenic,,,,9430078K24Rik,80396.0
804,chr12,81434000,81443000,ESC_enriched,9,0.9981860384657796,promoter,Galnt16,NM_001361700,+,Galnt16,1182.0
805,chr12,81449000,81452000,ESC_enriched,3,0.992915728194146,gene_body,Galnt16,NM_001361700,+,Galnt16,13182.0
806,chr12,81494000,81495000,ESC_enriched,1,0.9952962432074592,gene_body,Galnt16,NM_001361700,+,Galnt16,57182.0
807,chr12,81610000,81615000,ESC_enriched,5,0.9966261758963544,promoter,Plekhd1,NM_001177503,+,Plekhd1,1052.0
808,chr12,81623000,81630000,ESC_enriched,7,0.9913192674200212,gene_body,Plekhd1,NM_001177503,+,Plekhd1,15052.0
809,chr12,81675000,81679000,ESC_enriched,4,0.9997984156921872,promoter,Ccdc177,NM_001008423,-,Ccdc177,-2563.0
810,chr12,81915000,81919000,ESC_enriched,4,0.97782355793078,intergenic,,,,Smoc1,-28655.0
811,chr12,82250000,82253000,ESC_enriched,3,0.995896599306304,promoter,Slc8a3,NM_080440,-,Slc8a3,-528.0
812,chr12,82547000,82553000,ESC_enriched,6,0.9878193538719682,promoter,Ttc9,NM_001033149,+,Ttc9,-96.0
813,chr12,82588000,82589000,ESC_enriched,1,0.950433495410932,intergenic,,,,Ttc9,38404.0
814,chr12,84230000,84232000,ESC_enriched,2,0.9672827432889022,gene_body,Dpf3,NM_001267625,-,Dpf3,-146484.0
815,chr12,84233000,84236000,ESC_enriched,3,0.9813178426680348,gene_body,Dpf3,NM_001267625,-,Dpf3,-142984.0
816,chr12,84301000,84303000,ESC_enriched,2,0.9954395324739032,gene_body,Dpf3,NM_001267625,-,Dpf3,-75484.0
817,chr12,84373000,84379000,ESC_enriched,6,0.997097979523399,promoter,Dpf3,NM_001267625,-,Dpf3,-1484.0
818,chr12,84653000,84670000,ESC_enriched,17,0.9826341772100776,promoter,Papln,NM_130887,+,Papln,8119.0
819,chr12,84869000,84874000,ESC_enriched,5,0.9858871769191132,promoter,Heatr4,NM_001376939,-,Heatr4,-3082.0
820,chr12,84942000,84944000,ESC_enriched,2,0.994801871228016,promoter,Acot3,NM_134246,+,Acot3,1102.0
821,chr12,84957000,84962000,ESC_enriched,5,0.995588657894739,promoter,Acot5,NM_145444,+,Acot5,428.0
822,chr12,85459000,85464000,ESC_enriched,5,0.9998579707873432,promoter,Vsx2,NM_007701,+,Vsx2,1925.0
823,chr12,85533000,85534000,ESC_enriched,1,0.981687774058643,gene_body,Vrtn,NM_001168589,+,Vrtn,2734.0
824,chr12,85538000,85541000,ESC_enriched,3,0.999848251121934,gene_body,Vrtn,NM_001168589,+,Vrtn,8734.0
825,chr12,85565000,85572000,ESC_enriched,7,0.994301666558683,gene_body,Syndig1l,NM_001033334,-,Syndig1l,-20055.0
826,chr12,86037000,86041000,ESC_enriched,4,0.98732646114329,promoter,Rps6kl1,NM_146244,-,Rps6kl1,-1367.0
827,chr12,86063000,86068000,ESC_enriched,5,0.9851948159260638,promoter,Pgf,NM_008827,-,Pgf,-916.0
828,chr12,86360000,86365000,ESC_enriched,5,0.995529750244132,promoter,Fos,NM_010234,+,Fos,-492.0
829,chr12,86487000,86490000,ESC_enriched,3,0.992801794960116,promoter,Jdp2,NM_001205053,+,Jdp2,-620.0
830,chr12,86576000,86578000,ESC_enriched,2,0.9693417572108912,promoter,Batf,NM_016767,+,Batf,1178.0
831,chr12,86585000,86598000,ESC_enriched,13,0.9883045496882056,gene_body,Batf,NM_016767,+,Batf,15678.0
832,chr12,86635000,86638000,ESC_enriched,3,0.9695421120463802,promoter,Flvcr2,NM_145447,+,Flvcr2,859.0
833,chr12,86966000,86970000,ESC_enriched,4,0.9906502594645334,promoter,Tgfb3,NM_009368,-,Tgfb3,-144.0
834,chr12,87103000,87106000,ESC_enriched,3,0.9944540727477952,intergenic,,,,Gpatch2l,-26460.0
835,chr12,87109000,87111000,ESC_enriched,2,0.9781988897836646,intergenic,,,,Gpatch2l,-20960.0
836,chr12,87227000,87229000,ESC_enriched,2,0.9702180281353824,intergenic,,,,Esrrb,-22219.0
837,chr12,87237000,87238000,ESC_enriched,1,0.9595760404722884,intergenic,,,,Esrrb,-12719.0
838,chr12,87244000,87245000,ESC_enriched,1,0.950098695424974,intergenic,,,,Esrrb,-5719.0
839,chr12,87250000,87253000,ESC_enriched,3,0.9674975232678636,promoter,Esrrb,NM_001159500,+,Esrrb,1281.0
840,chr12,87257000,87259000,ESC_enriched,2,0.9936658614871006,gene_body,Esrrb,NM_001159500,+,Esrrb,7781.0
841,chr12,87265000,87271000,ESC_enriched,6,0.988072876550425,gene_body,Esrrb,NM_001159500,+,Esrrb,17781.0
842,chr12,87277000,87279000,ESC_enriched,2,0.9568503394354142,gene_body,Esrrb,NM_001159500,+,Esrrb,27781.0
843,chr12,87289000,87294000,ESC_enriched,5,0.9856707231571664,gene_body,Esrrb,NM_001159500,+,Esrrb,41281.0
844,chr12,87307000,87317000,ESC_enriched,10,0.9920888126726788,gene_body,Esrrb,NM_001159500,+,Esrrb,61781.0
845,chr12,87425000,87433000,ESC_enriched,8,0.9899413970748886,intergenic,,,,Vash1,-138802.0
846,chr12,87456000,87466000,ESC_enriched,10,0.9897756058145576,intergenic,,,,Vash1,-106802.0
847,chr12,87489000,87490000,ESC_enriched,1,0.9598111111834716,intergenic,,,,Vash1,-78302.0
848,chr12,87566000,87569000,ESC_enriched,3,0.9734123720466776,promoter,Vash1,NM_177354,+,Vash1,-302.0
849,chr12,87982000,87994000,ESC_enriched,12,0.9971952053884956,promoter,Ngb,NM_022414,-,Ngb,-3642.0
850,chr12,96087000,96095000,ESC_enriched,8,0.9972073401267786,promoter,Flrt2,NM_201518,+,Flrt2,2944.0
851,chr12,98971000,98981000,ESC_enriched,10,0.9945838749781948,promoter,Kcnk10,NM_029911,-,Kcnk10,-3263.0
852,chr12,99695000,99708000,ESC_enriched,13,0.9972923135193376,gene_body,Foxn3,NM_183186,-,3300002A11Rik,-40580.0
853,chr12,100011000,100013000,ESC_enriched,2,0.9630307785932198,gene_body,Gm26839,NR_136760,+,1700064M15Rik,-17024.0
854,chr12,100028000,100032000,ESC_enriched,4,0.9870493069522708,promoter,1700064M15Rik,NR_045288,-,1700064M15Rik,976.0
855,chr12,100365000,100372000,ESC_enriched,7,0.9960311215006484,promoter,Kcnk13,NM_001164427,+,Kcnk13,2952.0
856,chr12,100675000,100680000,ESC_enriched,5,0.9810745754461369,promoter,Gm10432,NR_045741,+,Gm10432,-158.0
857,chr12,101298000,101302000,ESC_enriched,4,0.9917539511661968,promoter,Gpr68,NM_001177674,-,Gpr68,-430.0
858,chr12,101308000,101311000,ESC_enriched,3,0.9997306752318834,intergenic,,,,Gpr68,9070.0
859,chr12,102218000,102225000,ESC_enriched,7,0.9984748739599708,promoter,Fbln5,NM_011812,-,Fbln5,1331.0
860,chr12,102529000,102534000,ESC_enriched,5,0.9651085569602572,promoter,Slc24a4,NM_172152,+,Slc24a4,1724.0
861,chr12,102683000,102690000,ESC_enriched,7,0.990082766620025,promoter,Rin3,NM_177620,+,Rin3,2377.0
862,chr12,102790000,102792000,ESC_enriched,2,0.986927836191551,gene_body,Rin3,NM_177620,+,Lgmn,-49778.0
863,chr12,103350000,103351000,ESC_enriched,1,0.9818998335208996,promoter,Unc79,NM_001081017,+,Unc79,592.0
864,chr12,103641000,103645000,ESC_enriched,4,0.9976191855939162,promoter,Prima1,NM_133364,-,Prima1,-196.0
865,chr12,103724000,103730000,ESC_enriched,6,0.9880805210146808,gene_body,Asb2,NM_023049,-,Gm15523,-10922.0
866,chr12,103764000,103765000,ESC_enriched,1,0.9598282306628868,intergenic,,,,Asb2,7449.0
867,chr12,104867000,104881000,ESC_enriched,14,0.9927878771258646,promoter,Gsc,NM_010351,-,Gsc,-286.0
868,chr12,104913000,104915000,ESC_enriched,2,0.9944715377733908,intergenic,,,,Gsc,39714.0
869,chr12,105462000,105465000,ESC_enriched,3,0.9703908322695614,intergenic,,,,Glrx5,29833.0
870,chr12,105489000,105494000,ESC_enriched,5,0.9970442506189778,intergenic,,,,Tcl1b2,-56568.0
871,chr12,105854000,105856000,ESC_enriched,2,0.995102461646853,promoter,D430019H16Rik,NM_001252508,+,D430019H16Rik,95.0
872,chr12,105963000,105968000,ESC_enriched,5,0.9842667494517072,promoter,Bdkrb2,NM_009747,+,Bdkrb2,1279.0
873,chr12,106276000,106279000,ESC_enriched,3,0.993019257716554,intergenic,,,,Gm19554,-22965.0
874,chr12,106285000,106286000,ESC_enriched,1,0.9877790256896172,intergenic,,,,Gm19554,-14965.0
875,chr12,106337000,106338000,ESC_enriched,1,0.9641411827573132,intergenic,,,,Gm19554,37035.0
876,chr12,106363000,106365000,ESC_enriched,2,0.9990953851627024,intergenic,,,,Gm19554,63535.0
877,chr12,106578000,106582000,ESC_enriched,4,0.975515464537952,intergenic,,,,Gm32635,79930.0
878,chr12,106588000,106591000,ESC_enriched,3,0.9894175447701132,intergenic,,,,Gm32635,89430.0
879,chr12,106848000,106851000,ESC_enriched,3,0.9831858162336378,promoter,1700121N20Rik,NR_036593,-,1700121N20Rik,784.0
880,chr12,106856000,106863000,ESC_enriched,7,0.9894549633715192,intergenic,,,,1700121N20Rik,10784.0
881,chr12,108362000,108368000,ESC_enriched,6,0.9950358372890696,gene_body,Bcl11b,NM_001286343,-,Bcl11b,-86221.0
882,chr12,108413000,108416000,ESC_enriched,3,0.9869511795822996,gene_body,Bcl11b,NM_001286343,-,Bcl11b,-36721.0
883,chr12,108420000,108422000,ESC_enriched,2,0.9937091479216598,gene_body,Bcl11b,NM_001286343,-,Bcl11b,-30221.0
884,chr12,108423000,108438000,ESC_enriched,15,0.9961907534388458,gene_body,Bcl11b,NM_001286343,-,Bcl11b,-20721.0
885,chr12,108441000,108457000,ESC_enriched,16,0.9892088137461408,promoter,Bcl11b,NM_001286343,-,Bcl11b,-2221.0
886,chr12,108460000,108461000,ESC_enriched,1,0.9682101425772628,intergenic,,,,Bcl11b,9279.0
887,chr12,108752000,108762000,ESC_enriched,10,0.9928694119396966,promoter,Hhipl1,NM_001044380,+,Hhipl1,2924.0
888,chr12,108765000,108770000,ESC_enriched,5,0.994732710501945,gene_body,Hhipl1,NM_001044380,+,Hhipl1,13424.0
889,chr12,108774000,108794000,ESC_enriched,20,0.9877528974449186,promoter,Cyp46a1,NM_010010,+,Cyp46a1,1878.0
890,chr12,108797000,108804000,ESC_enriched,7,0.9956623839441912,gene_body,Cyp46a1,NM_010010,+,Cyp46a1,18378.0
891,chr12,108884000,108886000,ESC_enriched,2,0.9804134787217488,gene_body,Eml1,NM_001286346,+,Eml1,66041.0
892,chr12,108951000,108953000,ESC_enriched,2,0.999441689207277,gene_body,Eml1,NM_001286346,+,Evl,-50526.0
893,chr12,109282000,109284000,ESC_enriched,2,0.9587188271111872,promoter,Slc25a29,NM_181328,-,Slc25a29,-683.0
894,chr12,109480000,109483000,ESC_enriched,3,0.9999809679189168,gene_body,Begain,NM_001163175,-,Begain,-34524.0
895,chr12,109858000,109867000,ESC_enriched,9,0.9911878826900582,intergenic,,,,Dlk1,-38761.0
896,chr12,109890000,109910000,ESC_enriched,20,0.9967851628820564,promoter,Dlk1,NM_001190703,+,Dlk1,-1261.0
897,chr12,109912000,109913000,ESC_enriched,1,0.9688168533112334,intergenic,,,,Dlk1,11239.0
898,chr12,110365000,110370000,ESC_enriched,5,0.9864559542418814,intergenic,,,,Mir3072,171816.0
899,chr12,110635000,110643000,ESC_enriched,8,0.9919472088665676,intergenic,,,,3110009F21Rik,33120.0
900,chr12,110722000,110732000,ESC_enriched,10,0.9976728490511642,promoter,Dio3,NM_172119,+,Dio3,-36.0
901,chr12,111425000,111426000,ESC_enriched,1,0.9689210944240956,promoter,Ankrd9,NM_001361916,-,Ankrd9,-1347.0
902,chr12,111591000,111598000,ESC_enriched,7,0.979885867034451,intergenic,,,,Traf3,-19677.0
903,chr12,111605000,111609000,ESC_enriched,4,0.9708636558642352,gene_body,4930595D18Rik,NR_130987,-,Traf3,-7177.0
904,chr12,111716000,111726000,ESC_enriched,10,0.9955814208626688,promoter,Amn,NM_033603,+,Amn,2097.0
905,chr12,111852000,111881000,ESC_enriched,29,0.9974354845996732,promoter,Exoc3l4,NM_028807,+,Exoc3l4,1263.0
906,chr12,111883000,111884000,ESC_enriched,1,0.9575192929546844,intergenic,,,,Tnfaip2,-6968.0
907,chr12,111888000,111902000,ESC_enriched,14,0.9965453656611064,promoter,Tnfaip2,NM_009396,+,Tnfaip2,4532.0
908,chr12,111932000,111936000,ESC_enriched,4,0.9943736735878808,promoter,Gm266,NM_001033248,-,Gm266,369.0
909,chr12,112119000,112122000,ESC_enriched,3,0.9997017632974906,promoter,Ckb,NM_021273,-,Ckb,354.0
910,chr12,113067000,113071000,ESC_enriched,4,0.9800132690506154,promoter,Adssl1,NM_007421,+,Adssl1,1146.0
911,chr12,113126000,113136000,ESC_enriched,10,0.9918562861289066,promoter,Zbtb42,NM_001100460,+,Zbtb42,4353.0
912,chr12,113141000,113143000,ESC_enriched,2,0.9938102927621316,intergenic,,,,Zbtb42,15353.0
913,chr12,113144000,113148000,ESC_enriched,4,0.9749394308491256,intergenic,,,,Zbtb42,19353.0
914,chr12,113317000,113323000,ESC_enriched,6,0.997243103579092,intergenic,,,,Gpr132,11276.0
915,chr12,113325000,113328000,ESC_enriched,3,0.98480595652681,intergenic,,,,Gpr132,17776.0
916,chr12,113397000,113399000,ESC_enriched,2,0.9638705446666962,intergenic,,,,Nudt14,8050.0
917,chr12,113632000,113641000,ESC_enriched,9,0.9893757890222912,promoter,Tmem121,NM_153776,+,Tmem121,2790.0
918,chr12,117593000,117604000,ESC_enriched,11,0.9998214964975038,promoter,Gm10421,NR_033538,-,Gm10421,5222.0
919,chr12,117607000,117610000,ESC_enriched,3,0.9743468558845806,gene_body,Ptprn2,NM_011215,+,Gm10421,15222.0
920,chr12,117615000,117621000,ESC_enriched,6,0.9856803176840736,gene_body,Ptprn2,NM_011215,+,Gm10421,24722.0
921,chr12,117673000,117683000,ESC_enriched,10,0.994367398788716,gene_body,Gm5441,NR_044987,-,Mir153,-14825.0
922,chr12,117704000,117706000,ESC_enriched,2,0.9932475330770956,gene_body,Gm5441,NR_044987,-,Mir153,12175.0
923,chr12,117711000,117713000,ESC_enriched,2,0.9707495472160356,gene_body,Gm5441,NR_044987,-,Mir153,19175.0
924,chr12,118969000,118975000,ESC_enriched,6,0.9865137520909796,promoter,D230030E09Rik,NR_045947,-,D230030E09Rik,-2295.0
925,chr12,119303000,119308000,NPC_enriched,5,0.9728841658582528,intergenic,,,,Sp8,14166.0
926,chr12,119681000,119684000,ESC_enriched,3,0.9807925341928256,promoter,Itgb8,NM_177290,-,Itgb8,122.0
927,chr13,9222000,9223000,ESC_enriched,1,0.9951330744890062,intergenic,,,,Dip2c,-53270.0
928,chr13,10358000,10362000,ESC_enriched,4,0.9937406282255108,promoter,Chrm3,NM_033269,-,Chrm3,-49.0
929,chr13,12572000,12577000,ESC_enriched,5,0.9915179949652932,promoter,Edaradd,NM_133643,-,Edaradd,-417.0
930,chr13,15802000,15804000,ESC_enriched,2,0.9685910312098144,promoter,Inhba,NM_008380,+,Inhba,263.0
931,chr13,15808000,15810000,ESC_enriched,2,0.9902598261026028,gene_body,B230303A05Rik,NR_155430,-,B230303A05Rik,-5310.0
932,chr13,18956000,18957000,ESC_enriched,1,0.9951242668523482,promoter,Amph,NM_175007,+,Amph,685.0
933,chr13,19628000,19632000,ESC_enriched,4,0.9845848976724106,promoter,Sfrp4,NM_016687,+,Sfrp4,-639.0
934,chr13,21988000,21992000,ESC_enriched,4,0.9954176705592618,promoter,Pom121l2,NM_001162929,+,Pom121l2,1342.0
935,chr13,22005000,22006000,ESC_enriched,1,0.9712248640696544,intergenic,,,,Prss16,-11706.0
936,chr13,23320000,23321000,ESC_enriched,1,0.9659352423529716,promoter,4930557F10Rik,NR_126444,-,4930557F10Rik,-372.0
937,chr13,23941000,23944000,ESC_enriched,3,0.9928820111360364,promoter,H2ac1,NM_175658,+,H2ac1,599.0
938,chr13,24646000,24648000,ESC_enriched,2,0.9820097242441947,promoter,Ripor2,NM_029679,+,Ripor2,888.0
939,chr13,25062000,25065000,ESC_enriched,3,0.9867263432143978,promoter,Dcdc2a,NM_177577,+,Dcdc2a,32.0
940,chr13,28891000,28896000,ESC_enriched,5,0.9953306352081484,promoter,2610307P16Rik,NR_045054,-,2610307P16Rik,613.0
941,chr13,28959000,28961000,ESC_enriched,2,0.989159559096334,promoter,Sox4,NM_009238,-,Sox4,-1164.0
942,chr13,28966000,28968000,ESC_enriched,2,0.9999909549646684,intergenic,,,,Sox4,5836.0
943,chr13,30753000,30759000,ESC_enriched,6,0.9894892833039732,promoter,Irf4,NM_013674,+,Irf4,-697.0
944,chr13,31636000,31639000,ESC_enriched,3,0.9944703859872328,gene_body,Foxf2,NM_010225,+,Foxf2,4220.0
945,chr13,31804000,31831000,ESC_enriched,27,0.9960204581258716,promoter,Foxc1,NM_008592,+,Foxc1,3390.0
946,chr13,34350000,34352000,ESC_enriched,2,0.9993856465708196,promoter,Slc22a23,NM_001382849,-,Slc22a23,-1683.0
947,chr13,34652000,34663000,ESC_enriched,11,0.9916805974195954,promoter,Pxdc1,NM_025831,-,Pxdc1,-2646.0
948,chr13,34752000,34756000,ESC_enriched,4,0.9878875584128004,gene_body,Fam50b,NM_138746,+,Fam50b,6894.0
949,chr13,34923000,34926000,ESC_enriched,3,0.9807173786234992,gene_body,Fam217a,NM_027967,-,Fam217a,-2957.0
950,chr13,34971000,34973000,ESC_enriched,2,0.9785180988618,promoter,Eci3,NM_026947,-,Eci3,726.0
951,chr13,35975000,35977000,ESC_enriched,2,0.9931187449829136,promoter,Ppp1r3g,NM_029628,+,Ppp1r3g,630.0
952,chr13,36729000,36744000,ESC_enriched,15,0.9964281496685738,promoter,Nrn1,NM_153529,-,Nrn1,-5443.0
953,chr13,37784000,37788000,ESC_enriched,4,0.9927192108613496,intergenic,,,,Rreb1,-110336.0
954,chr13,37806000,37809000,ESC_enriched,3,0.9969350028661434,intergenic,,,,Rreb1,-88836.0
955,chr13,39615000,39618000,NPC_enriched,3,0.9942859864637704,intergenic,,,,Gm40923,-185850.0
956,chr13,39621000,39623000,NPC_enriched,2,0.9660960209791613,intergenic,,,,Gm40923,-180350.0
957,chr13,39626000,39629000,NPC_enriched,3,0.999584145507252,intergenic,,,,Gm40923,-174850.0
958,chr13,40747000,40749000,ESC_enriched,2,0.9924613920960166,intergenic,,,,Tfap2a,3231.0
959,chr13,40751000,40754000,ESC_enriched,3,0.971753248683727,intergenic,,,,Tfap2a,7731.0
960,chr13,42312000,42314000,ESC_enriched,2,0.9784576302895238,promoter,Edn1,NM_010104,+,Edn1,553.0
961,chr13,42926000,42929000,ESC_enriched,3,0.994689410625511,gene_body,Phactr1,NM_001302635,+,Phactr1,235730.0
962,chr13,43795000,43797000,ESC_enriched,2,0.9995072973962854,promoter,Cd83,NM_009856,+,Cd83,-83.0
963,chr13,45088000,45091000,ESC_enriched,3,0.9718647759487906,intergenic,,,,Dtnbp1,76432.0
964,chr13,45974000,45977000,ESC_enriched,3,0.9947629892527452,promoter,Atxn1,NM_009124,-,Atxn1,-463.0
965,chr13,46430000,46431000,ESC_enriched,1,0.974057499265039,promoter,Rbm24,NM_001081425,+,Rbm24,1229.0
966,chr13,48274000,48275000,ESC_enriched,1,0.994229231268182,promoter,A330033J07Rik,NR_102303,-,A330033J07Rik,-60.0
967,chr13,48638000,48639000,ESC_enriched,1,0.9797266912067264,promoter,Ptpdc1,NM_207232,-,Ptpdc1,891.0
968,chr13,48668000,48685000,ESC_enriched,17,0.9983096491055146,promoter,Barx1,NM_007526,+,Barx1,1528.0
969,chr13,48686000,48689000,ESC_enriched,3,0.9706799449097352,intergenic,,,,Barx1,12528.0
970,chr13,48742000,48746000,ESC_enriched,4,0.9964251845279112,intergenic,,,,Barx1,69028.0
971,chr13,48792000,48795000,ESC_enriched,3,0.9700820795356933,intergenic,,,,Phf2,-89322.0
972,chr13,49157000,49160000,ESC_enriched,3,0.9996045597601914,promoter,Wnk2,NM_001290313,-,Wnk2,-1765.0
973,chr13,49227000,49231000,ESC_enriched,4,0.968085087517581,promoter,Card19,NM_026738,-,Card19,1037.0
974,chr13,49257000,49260000,ESC_enriched,3,0.991255544989487,promoter,Susd3,NM_028340,-,Susd3,-2143.0
975,chr13,49272000,49281000,ESC_enriched,9,0.987252257086496,gene_body,Fgd3,NM_015759,-,Susd3,15857.0
976,chr13,51418000,51423000,ESC_enriched,5,0.990450716424524,promoter,S1pr3,NM_010101,+,S1pr3,-613.0
977,chr13,51577000,51582000,ESC_enriched,5,0.9939800416744528,promoter,Shc3,NM_009167,-,Shc3,-2447.0
978,chr13,51854000,51862000,ESC_enriched,8,0.9848488467936428,promoter,Gadd45g,NM_011817,+,Gadd45g,-1170.0
979,chr13,52990000,52994000,ESC_enriched,4,0.9987121995210676,promoter,Nfil3,NM_017373,-,Nfil3,-1471.0
980,chr13,53472000,53477000,ESC_enriched,5,0.9826045494094202,gene_body,Msx2,NM_013601,-,Msx2,-5814.0
981,chr13,54171000,54172000,ESC_enriched,1,0.9669562813648268,intergenic,,,,Hrh2,-30249.0
982,chr13,54201000,54202000,ESC_enriched,1,0.9696409066538524,promoter,Hrh2,NM_001010973,+,Hrh2,-249.0
983,chr13,54745000,54752000,ESC_enriched,7,0.994364207112,gene_body,Gprin1,NM_012014,-,Gprin1,-10996.0
984,chr13,54756000,54760000,ESC_enriched,4,0.9926879592272074,promoter,Gprin1,NM_012014,-,Gprin1,-1496.0
985,chr13,54795000,54797000,ESC_enriched,2,0.9630554476401496,gene_body,Eif4e1b,NM_001286179,+,Eif4e1b,2381.0
986,chr13,55002000,55018000,ESC_enriched,16,0.9958657458783116,gene_body,Hk3,NM_001033245,-,Hk3,-21007.0
987,chr13,55162000,55165000,ESC_enriched,3,0.9791645119525711,promoter,Fgfr4,NM_008011,+,Fgfr4,1061.0
988,chr13,55423000,55425000,ESC_enriched,2,0.9939100063738444,promoter,Pfn3,NM_029303,-,Pfn3,-854.0
989,chr13,55430000,55431000,ESC_enriched,1,0.9546746103048064,gene_body,F12,NM_021489,-,Pfn3,5646.0
990,chr13,55480000,55483000,ESC_enriched,3,0.9964996183880284,gene_body,Prr7,NM_001030296,+,Mir6944,-5898.0
991,chr13,56223000,56238000,ESC_enriched,15,0.9982521137365068,gene_body,4930550C17Rik,NR_131023,-,4930550C17Rik,-23062.0
992,chr13,56448000,56449000,ESC_enriched,1,0.9998805703544004,promoter,Slc25a48,NM_177809,+,Slc25a48,524.0
993,chr13,56618000,56620000,ESC_enriched,2,0.9994052200932452,promoter,Tgfbi,NM_009369,+,Tgfbi,-207.0
994,chr13,56691000,56695000,ESC_enriched,4,0.988517263438306,intergenic,,,,Smad5,-19673.0
995,chr13,56758000,56766000,ESC_enriched,8,0.998423518298023,promoter,Gm45623,NM_001378296,-,Gm45623,-1449.0
996,chr13,56773000,56779000,ESC_enriched,6,0.9854098052523224,intergenic,,,,Gm45623,12551.0
997,chr13,57917000,57920000,ESC_enriched,3,0.9881456830471316,promoter,Spock1,NM_001166465,-,Spock1,545.0
998,chr13,58040000,58043000,ESC_enriched,3,0.9954633395132068,gene_body,Klhl3,NM_001368867,-,Mir874,8677.0
999,chr13,58121000,58126000,ESC_enriched,5,0.9954523096386454,promoter,Klhl3,NM_001368867,-,Klhl3,230.0
1000,chr13,58282000,58287000,ESC_enriched,5,0.9833407918551094,promoter,Gkap1,NM_019832,-,Gkap1,689.0
1001,chr13,58462000,58464000,ESC_enriched,2,0.9968748828392724,intergenic,,,,Rmi1,50781.0
1002,chr13,58816000,58820000,ESC_enriched,4,0.9985200154804154,promoter,Ntrk2,NM_001025074,+,Ntrk2,681.0
1003,chr13,59446000,59449000,ESC_enriched,3,0.9847826909768924,intergenic,,,,Agtpbp1,-119470.0
1004,chr13,60182000,60186000,ESC_enriched,4,0.9959283400919268,gene_body,Gas1,NM_008086,-,Gas1,-3158.0
1005,chr13,62897000,62898000,ESC_enriched,1,0.955565563956523,promoter,Fbp1,NM_019395,-,Fbp1,-405.0
1006,chr13,63580000,63586000,ESC_enriched,6,0.992561045416838,promoter,Ptch1,NM_001328514,-,Ptch1,318.0
1007,chr13,65273000,65275000,ESC_enriched,2,0.9992235650396128,intergenic,,,,Gm36445,17695.0
1008,chr13,69954000,69956000,ESC_enriched,2,0.9973823742103152,intergenic,,,,Tent4a,-46236.0
1009,chr13,70170000,70176000,ESC_enriched,6,0.9857752328093862,gene_body,Ube2ql1,NM_001145162,-,Ube2ql1,-34269.0
1010,chr13,70178000,70179000,ESC_enriched,1,0.9541095405841152,gene_body,Ube2ql1,NM_001145162,-,Ube2ql1,-28769.0
1011,chr13,70202000,70209000,ESC_enriched,7,0.9951681528614424,promoter,Ube2ql1,NM_001145162,-,Ube2ql1,-1769.0
1012,chr13,71308000,71310000,ESC_enriched,2,0.9988902806217306,promoter,Adamts16,NM_172053,-,Adamts16,-183.0
1013,chr13,72418000,72435000,ESC_enriched,17,0.9936732821240036,promoter,Irx1,NM_010573,-,Irx1,-3214.0
1014,chr13,73089000,73109000,ESC_enriched,20,0.9983269729113432,promoter,Irx2,NM_010574,+,Irx2,3683.0
1015,chr13,73283000,73287000,ESC_enriched,4,0.9889205092486472,promoter,D730050B12Rik,NR_046196,-,D730050B12Rik,2235.0
1016,chr13,73726000,73740000,ESC_enriched,14,0.998590697619771,promoter,Irx4,NM_018885,+,Irx4,6502.0
1017,chr13,74312000,74313000,ESC_enriched,1,0.9610942826613292,promoter,Nkd2,NM_001347535,-,Nkd2,-1133.0
1018,chr13,74631000,74635000,ESC_enriched,4,0.998895325988502,gene_body,Slc9a3,NM_001081060,+,Exoc3,-41702.0
1019,chr13,74722000,74728000,ESC_enriched,6,0.9932338409193338,gene_body,Ahrr,NM_009644,-,Ahrr,-33333.0
1020,chr13,76519000,76525000,ESC_enriched,6,0.9898535212293011,promoter,Gpr150,NM_175495,-,Gpr150,-998.0
1021,chr13,78635000,78662000,ESC_enriched,27,0.9950743240516972,promoter,A830082K12Rik,NR_045195,+,A830082K12Rik,-13063.0
1022,chr13,78663000,78676000,ESC_enriched,13,0.9985192004865312,promoter,Nr2f1,NM_010151,-,Nr2f1,7080.0
1023,chr13,81425000,81428000,ESC_enriched,3,0.9881812720914258,promoter,9330111N05Rik,NR_015587,+,9330111N05Rik,-1271.0
1024,chr13,83995000,84002000,ESC_enriched,7,0.992070447180844,promoter,Mef2c,NM_001347566,+,Mef2c,-3642.0
1025,chr13,84187000,84204000,ESC_enriched,17,0.9955072473129438,intergenic,,,,C130071C03Rik,-10194.0
1026,chr13,84210000,84213000,ESC_enriched,3,0.976904069643882,promoter,Mir9-2,NR_029545,+,Mir9-2,-515.0
1027,chr13,84816000,84821000,ESC_enriched,5,0.9942878103228217,intergenic,,,,Tmem161b,123095.0
1028,chr13,87472000,87473000,NPC_enriched,1,0.9520900336111604,intergenic,,,,Cox7c,952318.0
1029,chr13,89295000,89299000,ESC_enriched,4,0.997113468419564,promoter,Edil3,NM_010103,+,Edil3,1325.0
1030,chr13,92215000,92217000,ESC_enriched,2,0.9938335257938732,promoter,4833422C13Rik,NR_015501,-,4833422C13Rik,-111.0
1031,chr13,93230000,93234000,ESC_enriched,4,0.986108198415887,promoter,Rasgrf2,NM_009027,-,Rasgrf2,-581.0
1032,chr13,93895000,93897000,ESC_enriched,2,0.9944942899536268,promoter,Thbs4,NM_011582,-,Thbs4,429.0
1033,chr13,94194000,94198000,ESC_enriched,4,0.9755719289084748,promoter,A630019I02Rik,NR_046182,+,A630019I02Rik,415.0
1034,chr13,94773000,94779000,ESC_enriched,6,0.9918471881331462,promoter,Dmgdh,NM_028772,+,Dmgdh,812.0
1035,chr13,94872000,94874000,ESC_enriched,2,0.959579088388893,promoter,Arsb,NM_009712,+,Arsb,569.0
1036,chr13,95274000,95276000,ESC_enriched,2,0.9997868957899836,gene_body,Lhfpl2,NM_172589,+,Scamp1,-110980.0
1037,chr13,95675000,95680000,ESC_enriched,5,0.9881207930126032,intergenic,,,,Tbca,-212118.0
1038,chr13,95695000,95699000,ESC_enriched,4,0.990473860440483,intergenic,,,,Tbca,-192618.0
1039,chr13,95781000,95782000,ESC_enriched,1,0.964709023844072,intergenic,,,,Tbca,-108118.0
1040,chr13,95802000,95805000,ESC_enriched,3,0.9886704278999314,intergenic,,,,Tbca,-86118.0
1041,chr13,95808000,95811000,ESC_enriched,3,0.9946091818226804,intergenic,,,,Tbca,-80118.0
1042,chr13,96349000,96351000,ESC_enriched,2,0.992778653116822,promoter,Pde8b,NM_001374007,-,Pde8b,-988.0
1043,chr13,96544000,96548000,ESC_enriched,4,0.9907908385007432,promoter,Crhbp,NM_198408,-,Crhbp,470.0
1044,chr13,97231000,97235000,ESC_enriched,4,0.9959098793439434,promoter,Sv2c,NM_029210,-,Sv2c,-276.0
1045,chr13,98025000,98026000,ESC_enriched,1,0.9995696864894597,promoter,Gcnt4,NM_001376999,+,Gcnt4,458.0
1046,chr13,98172000,98175000,NPC_enriched,3,0.988526269440753,gene_body,Fam169a,NM_001146045,+,Fam169a,5515.0
1047,chr13,99454000,99456000,ESC_enriched,2,0.9567749476184816,promoter,Foxd1,NM_008242,+,Foxd1,599.0
1048,chr13,99458000,99459000,ESC_enriched,1,0.9551144398108334,intergenic,,,,Foxd1,4099.0
1049,chr13,99489000,99495000,ESC_enriched,6,0.9932866972656672,intergenic,,,,Foxd1,37599.0
1050,chr13,99496000,99497000,ESC_enriched,1,0.9555172927863244,intergenic,,,,2310005E17Rik,-38722.0
1051,chr13,99601000,99607000,ESC_enriched,6,0.9953068477128656,intergenic,,,,2310005E17Rik,68778.0
1052,chr13,99672000,99676000,ESC_enriched,4,0.9975677758829148,intergenic,,,,Tmem174,-63567.0
1053,chr13,99793000,99796000,ESC_enriched,3,0.9895171730912004,promoter,Tmem171,NM_001025606,-,Tmem171,-488.0
1054,chr13,100329000,100331000,ESC_enriched,2,0.9802955968347526,gene_body,Zfp366,NM_001004149,+,Zfp366,45021.0
1055,chr13,101207000,101210000,ESC_enriched,3,0.9780637694987104,promoter,Serf1,NM_011353,+,Serf1,225.0
1056,chr13,104217000,104220000,ESC_enriched,3,0.9749911042141868,gene_body,Mast4,NM_175171,-,Mast4,-236374.0
1057,chr13,105984000,105985000,ESC_enriched,1,0.9568974072650174,promoter,Shisal2b,NM_029984,-,Shisal2b,225.0
1058,chr13,106174000,106176000,ESC_enriched,2,0.9999832104974478,promoter,Rgs7bp,NM_029879,-,Rgs7bp,-312.0
1059,chr13,108764000,108767000,ESC_enriched,3,0.9877085161613808,intergenic,,,,1700006H21Rik,-42281.0
1060,chr13,110238000,110239000,ESC_enriched,1,0.970687809894104,gene_body,Pde4d,NM_011056,+,Mir582,-207107.0
1061,chr13,110328000,110330000,ESC_enriched,2,0.9897704670585812,gene_body,Pde4d,NM_011056,+,Mir582,-116607.0
1062,chr13,111127000,111129000,ESC_enriched,2,0.9757042035940974,intergenic,,,,Mir1904,103314.0
1063,chr13,113772000,113774000,ESC_enriched,2,0.9996479956101676,promoter,Ddx4,NM_001145885,-,Ddx4,-188.0
1064,chr13,114108000,114111000,ESC_enriched,3,0.9991029188859176,promoter,Ccno,NM_001081062,+,Ccno,821.0
1065,chr13,114151000,114156000,ESC_enriched,5,0.984884811465004,promoter,Cdc20b,NM_001281487,+,Cdc20b,-2756.0
1066,chr13,114413000,114414000,ESC_enriched,1,0.9838464460864396,promoter,Cspg4b,NM_001378698,+,Cspg4b,-547.0
1067,chr13,115287000,115289000,ESC_enriched,2,0.9599697337499988,intergenic,,,,A430090L17Rik,15530.0
1068,chr13,115576000,115582000,ESC_enriched,6,0.9983518818783512,promoter,Fst,NM_001301373,-,Fst,-829.0
1069,chr13,116052000,116054000,ESC_enriched,2,0.9913718337125234,promoter,Itga2,NM_008396,-,Itga2,22.0
1070,chr13,116222000,116224000,ESC_enriched,2,0.9788399967527964,promoter,Itga1,NM_001033228,-,Itga1,158.0
1071,chr13,116793000,116798000,NPC_enriched,5,0.9965779888307926,intergenic,,,,Itga1,572658.0
1072,chr13,116799000,116803000,NPC_enriched,4,0.9988679643333768,intergenic,,,,Itga1,578158.0
1073,chr13,116805000,116809000,NPC_enriched,4,0.9906080232445345,intergenic,,,,Itga1,584158.0
1074,chr13,116836000,116841000,NPC_enriched,5,0.9958538583410048,intergenic,,,,Isl1,-591870.0
1075,chr13,118143000,118147000,ESC_enriched,4,0.996227950521759,promoter,Parp8,NM_001081009,-,Parp8,188.0
1076,chr13,119512000,119523000,NPC_enriched,11,0.9978598786169643,intergenic,,,,Mrps30,10967.0
1077,chr14,7110000,7115000,ESC_enriched,5,0.9929680213558648,promoter,Fam107a,NM_001360339,-,Fam107a,1137.0
1078,chr14,10348000,10350000,ESC_enriched,2,0.9792161993114772,gene_body,Ptprg,NM_008981,+,Ptprg,2181.0
1079,chr14,11135000,11140000,ESC_enriched,5,0.9947264249133806,promoter,Fezf2,NM_080433,-,Fezf2,-1632.0
1080,chr14,11188000,11204000,NPC_enriched,16,0.9872318306714718,gene_body,Cadps,NM_001359921,-,Fezf2,56868.0
1081,chr14,16453000,16455000,ESC_enriched,2,0.9991954830246926,promoter,Thrb,NM_001113417,+,Thrb,-226.0
1082,chr14,19040000,19045000,ESC_enriched,5,0.978838324970933,intergenic,,,,Kcnk16,-15321.0
1083,chr14,19625000,19627000,ESC_enriched,2,0.998465201401524,promoter,Plau,NM_008873,+,Plau,787.0
1084,chr14,20474000,20477000,ESC_enriched,3,0.9924682147977548,gene_body,Dupd1,NM_001013826,-,Dupd1,-27628.0
1085,chr14,20768000,20785000,ESC_enriched,17,0.998759550574228,promoter,Zfp503,NM_145459,-,Zfp503,-1653.0
1086,chr14,20786000,20787000,ESC_enriched,1,0.9577793439977428,intergenic,,,,Zfp503,8347.0
1087,chr14,20807000,20810000,ESC_enriched,3,0.9959865403254924,promoter,Lrmda,NM_028275,+,Lrmda,237.0
1088,chr14,24151000,24156000,ESC_enriched,5,0.9891141440169158,intergenic,,,,Zmiz1,-138868.0
1089,chr14,24288000,24297000,ESC_enriched,9,0.9933962984760858,promoter,Zmiz1,NM_001310666,+,Zmiz1,132.0
1090,chr14,24378000,24380000,ESC_enriched,2,0.9825465304745962,gene_body,Zmiz1,NM_001310666,+,Mir3075,11378.0
1091,chr14,24431000,24440000,ESC_enriched,9,0.9832271689179406,promoter,Gm45915,NM_001309430,+,Gm45915,-1196.0
1092,chr14,25940000,25946000,ESC_enriched,6,0.986753860880275,intergenic,,,,Arhgef3,-27876.0
1093,chr14,27330000,27350000,ESC_enriched,20,0.998955096385706,promoter,Wnt5a,NM_009524,+,Wnt5a,7662.0
1094,chr14,28837000,28840000,ESC_enriched,3,0.9986469754114916,promoter,Il17rb,NM_019583,-,Il17rb,595.0
1095,chr14,29719000,29722000,ESC_enriched,3,0.9991179891273976,gene_body,Itih4,NM_001159299,+,Itih4,5016.0
1096,chr14,29762000,29766000,ESC_enriched,4,0.970596421969393,gene_body,Itih1,NM_008406,-,Itih1,-8298.0
1097,chr14,29972000,29975000,ESC_enriched,3,0.9609705210266964,gene_body,Stab1,NM_138672,-,Nt5dc2,13403.0
1098,chr14,30049000,30052000,ESC_enriched,3,0.9974468136250554,gene_body,Sema3g,NM_001025379,+,Sema3g,3619.0
1099,chr14,30097000,30101000,ESC_enriched,4,0.9831037680292696,gene_body,Dnah1,NM_001033668,-,Bap1,18503.0
1100,chr14,30214000,30216000,ESC_enriched,2,0.9837279863350992,gene_body,Sh3bp5,NM_011894,-,Capn7,49354.0
1101,chr14,30264000,30265000,ESC_enriched,1,0.950020874750803,promoter,Sh3bp5,NM_011894,-,Sh3bp5,-609.0
1102,chr14,31290000,31293000,ESC_enriched,3,0.9899627775784796,promoter,Slc18a3,NM_021712,-,Slc18a3,-2359.0
1103,chr14,32431000,32440000,NPC_enriched,9,0.993989391563529,gene_body,Ptpn20,NM_008978,+,Ptpn20,17139.0
1104,chr14,32784000,32787000,ESC_enriched,3,0.987575028162752,promoter,Rbp3,NM_015745,+,Rbp3,2406.0
1105,chr14,32807000,32810000,ESC_enriched,3,0.9623971978638144,promoter,Zfp488,NM_001013777,-,Zfp488,644.0
1106,chr14,33048000,33053000,ESC_enriched,5,0.9862652148427417,promoter,Syt15,NM_181529,+,Syt15,1363.0
1107,chr14,33227000,33229000,ESC_enriched,2,0.982219767351322,gene_body,Mmrn2,NM_153127,+,Mmrn2,23405.0
1108,chr14,33645000,33653000,ESC_enriched,8,0.99751407121947,promoter,Grid1,NM_008166,+,Grid1,-227.0
1109,chr14,33711000,33727000,ESC_enriched,16,0.997573514074625,promoter,Mir346,NR_029774,+,Mir346,-4700.0
1110,chr14,33763000,33769000,ESC_enriched,6,0.9854339879114504,gene_body,Grid1,NM_008166,+,Mir346,42300.0
1111,chr14,36156000,36157000,NPC_enriched,1,0.95432398422488,intergenic,,,,Ghitm,109438.0
1112,chr14,36392000,36396000,NPC_enriched,4,0.9850717292164186,intergenic,,,,Ghitm,346938.0
1113,chr14,39921000,39923000,ESC_enriched,2,0.9831548328950904,intergenic,,,,Prxl2a,5021.0
1114,chr14,43780000,43781000,ESC_enriched,1,0.9681939805941512,promoter,Gm16976,NR_167765,+,Gm16976,43.0
1115,chr14,45679000,45680000,ESC_enriched,1,0.9668327239081896,intergenic,,,,Cdkn3,-2917.0
1116,chr14,45804000,45808000,ESC_enriched,4,0.99987271089351,promoter,Samd4,NM_001037221,+,Samd4,1159.0
1117,chr14,46011000,46018000,ESC_enriched,7,0.9907407247030956,gene_body,Samd4,NM_001037221,+,Gm10371,-23538.0
1118,chr14,46295000,46297000,ESC_enriched,2,0.9830349232918232,promoter,Lgals3,NM_010705,+,Lgals3,264.0
1119,chr14,47043000,47045000,ESC_enriched,2,0.9986160244761118,promoter,Peli2,NM_033602,+,Peli2,1181.0
1120,chr14,47581000,47598000,ESC_enriched,17,0.998047092471602,promoter,Otx2,NM_001286482,-,Otx2,-95.0
1121,chr14,47626000,47636000,ESC_enriched,10,0.9834843821948016,gene_body,Otx2os1,NR_029384,+,Otx2os1,39762.0
1122,chr14,47675000,47680000,ESC_enriched,5,0.9787133459194134,gene_body,Otx2os1,NR_029384,+,Otx2os1,86262.0
1123,chr14,48821000,48823000,NPC_enriched,2,0.965772530575066,promoter,Olfr722,NM_146494,-,Olfr722,-1892.0
1124,chr14,49818000,49820000,ESC_enriched,2,0.9723484860965224,promoter,Klhl33,NM_001370764,-,Klhl33,-434.0
1125,chr14,50661000,50664000,ESC_enriched,3,0.9890020878008934,intergenic,,,,Gm5800,23417.0
1126,chr14,50905000,50914000,ESC_enriched,9,0.9950063321535688,promoter,Gm16617,NR_045728,-,Gm16617,-1280.0
1127,chr14,51234000,51239000,ESC_enriched,5,0.9991602190247466,gene_body,Sall2,NM_015772,-,Mettl3,9425.0
1128,chr14,53385000,53388000,ESC_enriched,3,0.9861337314458564,promoter,Mmp14,NM_008608,+,Mmp14,698.0
1129,chr14,53432000,53436000,ESC_enriched,4,0.9951361896133134,gene_body,Rem2,NM_080726,+,Rem2,3696.0
1130,chr14,53580000,53587000,ESC_enriched,7,0.984942137309048,promoter,Psmb11,NM_175204,+,Psmb11,3986.0
1131,chr14,53665000,53667000,ESC_enriched,2,0.9942967658279648,promoter,Cebpe,NM_207131,-,Cebpe,-379.0
1132,chr14,53865000,53867000,ESC_enriched,2,0.9764961985777008,promoter,Slc22a17,NM_001360406,-,Slc22a17,-1341.0
1133,chr14,53891000,53907000,ESC_enriched,16,0.9948321192580478,promoter,Mir208a,NR_029724,-,Mir208a,-4351.0
1134,chr14,53912000,53917000,ESC_enriched,5,0.9754844196406796,gene_body,Myh6,NM_001164171,-,Myh6,-6316.0
1135,chr14,53918000,53934000,ESC_enriched,16,0.9962809216724412,promoter,Mhrt,NR_033497,+,Mhrt,3005.0
1136,chr14,53946000,53951000,ESC_enriched,5,0.9981967460068524,promoter,Myh7,NM_001361607,-,Myh7,-197.0
1137,chr14,54065000,54069000,ESC_enriched,4,0.9941708853769607,gene_body,Jph4,NM_177049,-,Jph4,-4006.0
1138,chr14,54447000,54451000,ESC_enriched,4,0.9916523507110808,gene_body,Carmil3,NM_001374104,+,Carmil3,3861.0
1139,chr14,54452000,54456000,ESC_enriched,4,0.9918242378428224,gene_body,Carmil3,NM_001374104,+,Carmil3,8861.0
1140,chr14,54473000,54476000,ESC_enriched,3,0.9609964001157286,gene_body,Nrl,NM_001271916,-,Nrl,-4552.0
1141,chr14,54716000,54718000,ESC_enriched,2,0.9868754878598596,promoter,Ltb4r2,NM_020490,+,Ltb4r2,1502.0
1142,chr14,54721000,54725000,ESC_enriched,4,0.9981344802428151,promoter,Ltb4r1,NM_008519,+,Ltb4r1,2968.0
1143,chr14,54737000,54745000,ESC_enriched,8,0.9988129833880808,promoter,Ripk3,NM_019955,-,Ripk3,-1928.0
1144,chr14,55990000,55992000,ESC_enriched,2,0.9989170593026704,gene_body,Gja3,NM_001271623,-,Gja3,-20833.0
1145,chr14,56086000,56089000,ESC_enriched,3,0.9990550227704416,promoter,Gjb6,NM_001010937,-,Gjb6,-221.0
1146,chr14,56495000,56497000,ESC_enriched,2,0.985930045194082,gene_body,Il17d,NM_145837,+,Il17d,17062.0
1147,chr14,56648000,56655000,ESC_enriched,7,0.9949449783751292,gene_body,Lats2,NM_015771,-,Xpo4,32152.0
1148,chr14,56659000,56663000,ESC_enriched,4,0.986779715254505,gene_body,Lats2,NM_015771,-,Lats2,-39233.0
1149,chr14,56681000,56702000,ESC_enriched,21,0.9991957599760288,promoter,Lats2,NM_015771,-,Lats2,-8733.0
1150,chr14,59331000,59335000,ESC_enriched,4,0.9990627384422808,promoter,Amer2,NM_001164705,+,Amer2,1199.0
1151,chr14,60000000,60002000,ESC_enriched,2,0.99820015336408,intergenic,,,,Tnfrsf19,8903.0
1152,chr14,60011000,60012000,ESC_enriched,1,0.962209525246194,intergenic,,,,Tnfrsf19,19403.0
1153,chr14,60229000,60230000,ESC_enriched,1,0.9777492479070083,intergenic,,,,Sgcg,16900.0
1154,chr14,60637000,60646000,ESC_enriched,9,0.9988511915393098,promoter,Dleu2,NR_028264,-,Dleu2,5017.0
1155,chr14,61508000,61511000,ESC_enriched,3,0.988414328092395,promoter,Fam124a,NM_001243857,+,Fam124a,-346.0
1156,chr14,61541000,61543000,ESC_enriched,2,0.9820347797082092,gene_body,Fam124a,NM_001243857,+,Fam124a,32154.0
1157,chr14,62053000,62058000,NPC_enriched,5,0.9639612489879642,intergenic,,,,Ctsb,-21071.0
1158,chr14,62059000,62064000,NPC_enriched,5,0.9695889395411872,intergenic,,,,Ctsb,-15071.0
1159,chr14,62193000,62209000,ESC_enriched,16,0.997490369933544,promoter,Gata4,NM_008092,-,Gata4,1619.0
1160,chr14,62222000,62224000,ESC_enriched,2,0.986795248738783,intergenic,,,,Gata4,23619.0
1161,chr14,62342000,62350000,NPC_enriched,8,0.9773862408292998,gene_body,Blk,NM_007549,-,Gm46458,20737.0
1162,chr14,62408000,62426000,NPC_enriched,18,0.994514312957286,gene_body,Fam167a,NM_177628,+,Fam167a,26497.0
1163,chr14,62696000,62700000,ESC_enriched,4,0.9971224210359184,gene_body,Xkr6,NM_173393,+,Mir598,16702.0
1164,chr14,62893000,62903000,ESC_enriched,10,0.998087936865256,promoter,Sox7,NM_011446,+,Sox7,185.0
1165,chr14,64214000,64219000,ESC_enriched,5,0.9872571728136256,promoter,Fzd3,NM_021458,-,Fzd3,-73.0
1166,chr14,64906000,64909000,ESC_enriched,3,0.9991837569653992,promoter,Scara3,NM_172604,-,Scara3,-354.0
1167,chr14,65589000,65598000,ESC_enriched,9,0.9917840478006864,promoter,Adra1a,NM_001271761,+,Adra1a,4140.0
1168,chr14,65637000,65649000,NPC_enriched,12,0.9906296330697244,gene_body,Adra1a,NM_001271761,+,Adra1a,53640.0
1169,chr14,66182000,66196000,ESC_enriched,14,0.9981705547244578,promoter,Ebf2,NM_001276387,+,Ebf2,1599.0
1170,chr14,68128000,68131000,ESC_enriched,3,0.9970726734120032,gene_body,Nkx2-6,NM_010920,+,1700092C10Rik,4327.0
1171,chr14,68145000,68150000,ESC_enriched,5,0.9865630359216472,promoter,Nkx3-1,NM_010921,+,Nkx3-1,3479.0
1172,chr14,68808000,68819000,ESC_enriched,11,0.9985398065581378,promoter,Egr3,NM_018781,+,Egr3,1104.0
1173,chr14,68910000,68915000,ESC_enriched,5,0.9919165777129216,promoter,Pdlim2,NM_145978,-,Pdlim2,-252.0
1174,chr14,68927000,68928000,ESC_enriched,1,0.9959474382277894,gene_body,Sorbs3,NM_011366,-,Pdlim2,14748.0
1175,chr14,68939000,68942000,ESC_enriched,3,0.9974801977644886,promoter,Sorbs3,NM_011366,-,Sorbs3,-2251.0
1176,chr14,69208000,69213000,ESC_enriched,5,0.9720921939943954,gene_body,Bmp1,NM_001360021,-,Phyhip,17904.0
1177,chr14,69214000,69215000,ESC_enriched,1,0.9602121088110313,gene_body,Bmp1,NM_001360021,-,Phyhip,21904.0
1178,chr14,69223000,69229000,ESC_enriched,6,0.9941636882547806,gene_body,Bmp1,NM_001360021,-,Bmp1,-29752.0
1179,chr14,69253000,69269000,ESC_enriched,16,0.9978520875765332,promoter,Sftpc,NM_011359,-,Sftpc,1839.0
1180,chr14,69622000,69631000,ESC_enriched,9,0.994252497767397,promoter,Gfra2,NM_001302094,+,Gfra2,1314.0
1181,chr14,71265000,71269000,ESC_enriched,4,0.9770607032989852,intergenic,,,,Fndc3a,-178085.0
1182,chr14,72357000,72360000,NPC_enriched,3,0.9959496558368712,intergenic,,,,Sucla2,71560.0
1183,chr14,72362000,72366000,NPC_enriched,4,0.9999963304688632,intergenic,,,,Sucla2,77060.0
1184,chr14,72368000,72373000,NPC_enriched,5,0.987747904142892,intergenic,,,,Sucla2,83560.0
1185,chr14,72376000,72378000,NPC_enriched,2,0.9757438488318544,intergenic,,,,Sucla2,90060.0
1186,chr14,73750000,73752000,ESC_enriched,2,0.9981212670436544,promoter,Rubcnl,NM_198642,+,Rubcnl,819.0
1187,chr14,75890000,75894000,ESC_enriched,4,0.994979648421952,promoter,Enox1,NM_001253759,+,Enox1,1083.0
1188,chr14,76558000,76567000,NPC_enriched,9,0.9866600697907516,gene_body,Dnajc15,NM_025384,-,Gm1587,29377.0
1189,chr14,78396000,78398000,ESC_enriched,2,0.9949131964606868,promoter,Cnmd,NM_001310655,-,Cnmd,662.0
1190,chr14,78502000,78506000,ESC_enriched,4,0.9862137095690466,promoter,Gm9748,NR_154550,+,Gm9748,-62.0
1191,chr14,83251000,83258000,ESC_enriched,7,0.9977746861232576,promoter,Pcdh17,NM_001013753,+,Pcdh17,2914.0
1192,chr14,92773000,92775000,ESC_enriched,2,0.9985050498614394,promoter,Pcdh9,NM_001271799,-,Pcdh9,197.0
1193,chr14,92797000,92799000,NPC_enriched,2,0.956813211529958,intergenic,,,,Pcdh9,24197.0
1194,chr14,97050000,97052000,ESC_enriched,2,0.9957964857043176,promoter,Dach1,NM_007826,-,Dach1,-1899.0
1195,chr14,97690000,97700000,NPC_enriched,10,0.9806462834620714,intergenic,,,,Mzt1,-234270.0
1196,chr14,100493000,100495000,ESC_enriched,2,0.9964212046935416,promoter,Tbc1d4,NM_001081278,-,Tbc1d4,-934.0
1197,chr14,101867000,101871000,ESC_enriched,4,0.990262580590061,promoter,Mir5130,NR_039592,-,Mir5130,-132.0
1198,chr14,103356000,103361000,ESC_enriched,5,0.9928094448168718,intergenic,,,,Pou4f1,4822.0
1199,chr14,103407000,103409000,ESC_enriched,2,0.962788603566242,promoter,Obi1,NM_026047,-,Obi1,-345.0
1200,chr14,104311000,104314000,ESC_enriched,3,0.9853662038652126,promoter,5430440P10Rik,NR_045859,+,5430440P10Rik,-737.0
1201,chr14,110557000,110565000,ESC_enriched,8,0.9959256750018576,promoter,Slitrk5,NM_001378768,+,Slitrk5,4047.0
1202,chr14,113975000,113977000,ESC_enriched,2,0.9547122273137169,promoter,Gpc5,NM_175500,+,Gpc5,1949.0
1203,chr14,115808000,115813000,ESC_enriched,5,0.9991051371979564,promoter,Gpc6,NM_011821,+,Gpc6,2247.0
1204,chr14,117108000,117123000,ESC_enriched,15,0.9971131683283044,promoter,Gm4675,NR_131969,+,Gm4675,-4437.0
1205,chr14,117205000,117208000,ESC_enriched,3,0.9832609416586662,intergenic,,,,1700044C05Rik,-43087.0
1206,chr14,117247000,117248000,ESC_enriched,1,0.9922962586353878,intergenic,,,,1700044C05Rik,-2087.0
1207,chr14,117319000,117323000,ESC_enriched,4,0.9841695949292876,intergenic,,,,1700044C05Rik,71413.0
1208,chr14,118233000,118236000,ESC_enriched,3,0.990619121023609,promoter,Uggt2,NM_001081252,-,Uggt2,-115.0
1209,chr14,118273000,118276000,ESC_enriched,3,0.983202935516199,promoter,Hs6st3,NM_015820,+,Hs6st3,1055.0
1210,chr14,120169000,120174000,ESC_enriched,5,0.9987736494125904,promoter,Farp1,NM_134082,+,Farp1,747.0
1211,chr14,120542000,120543000,ESC_enriched,1,0.982403712042759,intergenic,,,,Stk24,28090.0
1212,chr14,121539000,121548000,ESC_enriched,9,0.9930821220162284,gene_body,Gm5089,NR_033326,-,Gm5089,-42826.0
1213,chr14,121585000,121587000,ESC_enriched,2,0.981881560520734,promoter,Gm5089,NR_033326,-,Gm5089,-326.0
1214,chr14,121597000,121599000,ESC_enriched,2,0.9763750453083472,gene_body,Zic5,NM_022987,-,Zic5,-2838.0
1215,chr14,121604000,121610000,ESC_enriched,6,0.996971471692922,promoter,2610035F20Rik,NR_045046,-,2610035F20Rik,-3379.0
1216,chr14,121611000,121627000,ESC_enriched,16,0.9994420444887404,promoter,Zic2,NM_009574,+,Zic2,8437.0
1217,chr14,122086000,122099000,NPC_enriched,13,0.997225940506897,gene_body,Tmtc4,NM_001360598,-,Tmtc4,-25963.0
1218,chr14,122101000,122106000,NPC_enriched,5,0.99162663654821,gene_body,Tmtc4,NM_001360598,-,Tmtc4,-14963.0
1219,chr14,122333000,122349000,NPC_enriched,16,0.9971322849465454,intergenic,,,,AA536875,36635.0
1220,chr14,122355000,122361000,NPC_enriched,6,0.9923776669076196,intergenic,,,,AA536875,53635.0
1221,chr14,122373000,122378000,NPC_enriched,5,0.9961862065402152,intergenic,,,,AA536875,71135.0
1222,chr14,122385000,122392000,NPC_enriched,7,0.9905233878579504,intergenic,,,,AA536875,84135.0
1223,chr14,123858000,123861000,ESC_enriched,3,0.9948502100931989,promoter,Fgf14,NM_207667,-,Fgf14,-855.0
1224,chr15,5188000,5191000,ESC_enriched,3,0.985474925916089,promoter,Ptger4,NM_008965,-,Ptger4,-1902.0
1225,chr15,6071000,6077000,NPC_enriched,6,0.995925418763456,intergenic,,,,Gm41259,82081.0
1226,chr15,6820000,6822000,ESC_enriched,2,0.999863014480358,promoter,Osmr,NM_001310469,-,Osmr,-528.0
1227,chr15,10842000,10851000,NPC_enriched,9,0.9896732048724028,intergenic,,,,C1qtnf3,-50556.0
1228,chr15,10980000,10982000,ESC_enriched,2,0.989934950096626,promoter,Rxfp3,NM_178717,-,Rxfp3,-1693.0
1229,chr15,11534000,11535000,NPC_enriched,1,0.9506362080292922,intergenic,,,,Tars,190117.0
1230,chr15,11585000,11589000,NPC_enriched,4,0.9955873322009984,intergenic,,,,Tars,242617.0
1231,chr15,11601000,11604000,NPC_enriched,3,0.9786944574006062,intergenic,,,,Npr3,-247899.0
1232,chr15,11717000,11722000,NPC_enriched,5,0.9859675672284476,intergenic,,,,Npr3,-130899.0
1233,chr15,11799000,11803000,NPC_enriched,4,0.9809755809840428,gene_body,Npr3,NM_001039181,-,Npr3,-49399.0
1234,chr15,13117000,13120000,ESC_enriched,3,0.998531521007934,promoter,Cdh6,NM_007666,-,Cdh6,100.0
1235,chr15,22144000,22148000,NPC_enriched,4,0.9903234941364988,intergenic,,,,Hnrnpa1l2-ps2,-513709.0
1236,chr15,22176000,22178000,NPC_enriched,2,0.9571470442801208,intergenic,,,,Hnrnpa1l2-ps2,-482709.0
1237,chr15,26260000,26271000,NPC_enriched,11,0.9993140882194692,gene_body,Marchf11,NM_177597,+,Marchf11,11728.0
1238,chr15,26839000,26840000,ESC_enriched,1,0.9554983247228604,promoter,Fbxl7,NM_176959,-,Fbxl7,-789.0
1239,chr15,27412000,27414000,ESC_enriched,2,0.969026651026322,promoter,Ank,NM_020332,+,Ank,1599.0
1240,chr15,27942000,27947000,ESC_enriched,5,0.9802051010336504,gene_body,Trio,NM_001081302,-,Trio,-25937.0
1241,chr15,27965000,27973000,ESC_enriched,8,0.997975141041072,promoter,Trio,NM_001081302,-,Trio,-1437.0
1242,chr15,30115000,30119000,ESC_enriched,4,0.986094129036652,promoter,Ctnnd2,NM_001355502,+,Ctnnd2,-122.0
1243,chr15,30590000,30593000,ESC_enriched,3,0.9993966803864688,gene_body,Ctnnd2,NM_001355502,+,4930430F21Rik,-392214.0
1244,chr15,31241000,31243000,ESC_enriched,2,0.997996391770982,gene_body,Ankrd33b,NM_027496,-,Ankrd33b,-70348.0
1245,chr15,31309000,31314000,ESC_enriched,5,0.9800927491663596,promoter,Ankrd33b,NM_027496,-,Ankrd33b,-848.0
1246,chr15,34398000,34399000,ESC_enriched,1,0.9943013441632622,promoter,Erich5,NM_173421,+,Erich5,600.0
1247,chr15,34622000,34626000,ESC_enriched,4,0.9935719520252104,promoter,Nipal2,NM_145469,-,Nipal2,705.0
1248,chr15,35238000,35250000,ESC_enriched,12,0.9983580168256856,promoter,Osr2,NM_001368665,+,Osr2,3314.0
1249,chr15,37121000,37123000,ESC_enriched,2,0.9614167581792508,intergenic,,,,Grhl2,-55624.0
1250,chr15,37175000,37179000,ESC_enriched,4,0.9972551780763615,promoter,Grhl2,NM_026496,+,Grhl2,-624.0
1251,chr15,37732000,37737000,ESC_enriched,5,0.9881347347843388,promoter,Ncald,NM_001359845,-,Ncald,-2177.0
1252,chr15,38100000,38103000,ESC_enriched,3,0.973494859412132,intergenic,,,,Odf1,-62291.0
1253,chr15,38820000,38822000,ESC_enriched,2,0.9985728388199382,gene_body,Gm45924,NR_131206,-,Fzd6,-15353.0
1254,chr15,38906000,38908000,ESC_enriched,2,0.999270902222773,promoter,Cthrc1,NM_026778,+,Cthrc1,-5.0
1255,chr15,40484000,40487000,ESC_enriched,3,0.9921853182131768,promoter,Zfpm2,NM_011766,+,Zfpm2,385.0
1256,chr15,42825000,42828000,NPC_enriched,3,0.9967321198856984,intergenic,,,,Rspo2,-174392.0
1257,chr15,44617000,44620000,ESC_enriched,3,0.9911512837559826,promoter,Sybu,NM_176998,-,Sybu,363.0
1258,chr15,44944000,44946000,ESC_enriched,2,0.9905742489834748,promoter,Kcnv1,NM_026200,-,Kcnv1,-8.0
1259,chr15,54780000,54784000,ESC_enriched,4,0.9926907420457002,promoter,Gm26684,NR_155354,+,Gm26684,-1030.0
1260,chr15,55138000,55142000,ESC_enriched,4,0.9913386824883936,promoter,Col14a1,NM_181277,+,Col14a1,2167.0
1261,chr15,57522000,57528000,ESC_enriched,6,0.9932845995001482,promoter,Zhx2,NM_199449,+,Zhx2,251.0
1262,chr15,57530000,57533000,ESC_enriched,3,0.9640264125434204,gene_body,Zhx2,NM_199449,+,Zhx2,6751.0
1263,chr15,57904000,57909000,ESC_enriched,5,0.998762328843209,promoter,Zhx1,NM_001042438,-,Zhx1,-91.0
1264,chr15,58043000,58046000,ESC_enriched,3,0.9832461345306722,promoter,Fbxo32,NM_026346,-,Fbxo32,-475.0
1265,chr15,60651000,60654000,ESC_enriched,3,0.9963582275893078,promoter,9930014A18Rik,NR_030696,+,9930014A18Rik,-145.0
1266,chr15,64348000,64352000,NPC_enriched,4,0.9653665376839012,intergenic,,,,Asap1,137408.0
1267,chr15,64749000,64753000,ESC_enriched,4,0.9814492517153268,promoter,Adcy8,NM_001291903,-,Adcy8,-969.0
1268,chr15,67005000,67006000,ESC_enriched,1,0.9831876913927918,promoter,St3gal1,NM_009177,-,St3gal1,-1051.0
1269,chr15,67075000,67083000,NPC_enriched,8,0.9820802493173872,gene_body,1700012I11Rik,NR_045140,+,1700012I11Rik,22563.0
1270,chr15,71557000,71560000,ESC_enriched,3,0.9822854437186636,promoter,Fam135b,NM_177819,-,Fam135b,993.0
1271,chr15,72373000,72375000,ESC_enriched,2,0.9873986999265704,promoter,Kcnk9,NM_001033876,-,Kcnk9,-955.0
1272,chr15,73917000,73921000,NPC_enriched,4,0.9798828209165475,intergenic,,,,Mroh5,252074.0
1273,chr15,75713000,75716000,ESC_enriched,3,0.9725787634055628,promoter,Mroh6,NM_001282443,-,Mroh6,-1527.0
1274,chr15,75719000,75722000,ESC_enriched,3,0.9885380541455672,promoter,Naprt,NM_172607,-,Naprt,-1236.0
1275,chr15,75737000,75739000,ESC_enriched,2,0.9999801131117602,promoter,Tigd5,NM_178646,+,Tigd5,1011.0
1276,chr15,75823000,75827000,ESC_enriched,4,0.9949887256267416,gene_body,Mapk15,NM_177922,+,Mapk15,3977.0
1277,chr15,75915000,75919000,ESC_enriched,4,0.9820782064354464,promoter,Nrbp2,NM_001358359,-,Nrbp2,-1945.0
1278,chr15,76006000,76010000,ESC_enriched,4,0.9971865967090644,gene_body,Plec,NM_011117,-,Mir1942,-34928.0
1279,chr15,76122000,76126000,ESC_enriched,4,0.9907271382045096,promoter,Smpd5,NM_001195537,+,Smpd5,2374.0
1280,chr15,76841000,76842000,ESC_enriched,1,0.9654631810223347,intergenic,,,,Mb,-8482.0
1281,chr15,78236000,78239000,ESC_enriched,3,0.99749491954115,gene_body,Mpst,NM_001162492,+,Mpst,3445.0
1282,chr15,78366000,78368000,ESC_enriched,2,0.995736378075374,gene_body,Sstr3,NM_009218,-,Sstr3,-4600.0
1283,chr15,78499000,78502000,ESC_enriched,3,0.9967940340266196,gene_body,Elfn2,NM_183141,-,Elfn2,-44868.0
1284,chr15,78543000,78547000,ESC_enriched,4,0.9973433780555436,promoter,Elfn2,NM_183141,-,Elfn2,-368.0
1285,chr15,78669000,78671000,ESC_enriched,2,0.9765793792303632,promoter,Cdc42ep1,NM_027219,+,Cdc42ep1,99.0
1286,chr15,78794000,78795000,ESC_enriched,1,0.9699119390123514,gene_body,Triobp,NM_138579,+,Triobp,19522.0
1287,chr15,78984000,78996000,ESC_enriched,12,0.9964337757813952,promoter,Sox10,NM_011437,-,Sox10,-1745.0
1288,chr15,78997000,78998000,ESC_enriched,1,0.9540409963327898,gene_body,Gm10863,NR_029470,+,Gm10863,4180.0
1289,chr15,79000000,79001000,ESC_enriched,1,0.9517066885784584,gene_body,Gm10863,NR_029470,+,Gm10863,7180.0
1290,chr15,79079000,79082000,ESC_enriched,3,0.991446054684109,promoter,Slc16a8,NM_020516,-,Slc16a8,-1503.0
1291,chr15,79087000,79090000,ESC_enriched,3,0.983533662550522,gene_body,Baiap2l2,NM_177580,-,Slc16a8,6497.0
1292,chr15,79628000,79630000,ESC_enriched,2,0.9733371594541348,gene_body,Nptxr,NM_030689,-,Nptxr,-2964.0
1293,chr15,80399000,80401000,ESC_enriched,2,0.979355912422501,intergenic,,,,Enthd1,12275.0
1294,chr15,80497000,80500000,ESC_enriched,3,0.985305340352854,promoter,Fam83f,NM_145986,+,Fam83f,-601.0
1295,chr15,81061000,81066000,ESC_enriched,5,0.9914608550088154,promoter,Mchr1,NM_145132,+,Mchr1,747.0
1296,chr15,81522000,81525000,ESC_enriched,3,0.9699492281771376,promoter,Chadl,NM_001164320,-,Chadl,-1042.0
1297,chr15,81892000,81901000,ESC_enriched,9,0.9866122363337438,promoter,Mei1,NM_028897,+,Mei1,-871.0
1298,chr15,84151000,84154000,ESC_enriched,3,0.9672660814866112,promoter,Parvg,NM_001162500,+,Parvg,-1384.0
1299,chr15,84844000,84847000,ESC_enriched,3,0.990482403987461,promoter,Upk3a,NM_023478,+,Upk3a,594.0
1300,chr15,84959000,84962000,ESC_enriched,3,0.9954648051938368,promoter,Ribc2,NM_026357,+,Ribc2,636.0
1301,chr15,85318000,85320000,ESC_enriched,2,0.9919863206615956,intergenic,,,,7530416G11Rik,-11993.0
1302,chr15,85321000,85329000,ESC_enriched,8,0.975821185971072,gene_body,7530416G11Rik,NM_001256072,-,7530416G11Rik,-5993.0
1303,chr15,85362000,85368000,ESC_enriched,6,0.9951219998273252,gene_body,Wnt7b,NM_009528,-,7530416G11Rik,34007.0
1304,chr15,85402000,85410000,ESC_enriched,8,0.9902264695202608,promoter,AU022754,NR_040433,+,AU022754,-2907.0
1305,chr15,85442000,85443000,ESC_enriched,1,0.9748815919947053,intergenic,,,,Wnt7b,32913.0
1306,chr15,85452000,85458000,ESC_enriched,6,0.9880466879799222,intergenic,,,,Wnt7b,45413.0
1307,chr15,85475000,85476000,ESC_enriched,1,0.9557998315382678,intergenic,,,,Lncppara,-56038.0
1308,chr15,85488000,85491000,ESC_enriched,3,0.9910917176825592,intergenic,,,,Lncppara,-42038.0
1309,chr15,85497000,85500000,ESC_enriched,3,0.9978697910008856,intergenic,,,,Lncppara,-33038.0
1310,chr15,85563000,85564000,ESC_enriched,1,0.981453640650734,promoter,Ppara,NM_001113418,+,Ppara,171.0
1311,chr15,85648000,85652000,ESC_enriched,4,0.983598285066182,promoter,Pkdrej,NM_011105,-,Pkdrej,501.0
1312,chr15,87370000,87374000,ESC_enriched,4,0.9883096306920308,promoter,Tafa5,NM_001252310,+,Tafa5,-64.0
1313,chr15,87453000,87456000,ESC_enriched,3,0.9873908806702216,gene_body,Tafa5,NM_001252310,+,Tafa5,82436.0
1314,chr15,87935000,87938000,NPC_enriched,3,0.9634588662828252,intergenic,,,,B230214G05Rik,-206139.0
1315,chr15,88781000,88784000,ESC_enriched,3,0.997877841581582,promoter,Ttll8,NM_172818,-,Ttll8,316.0
1316,chr15,88895000,88898000,ESC_enriched,3,0.999503600690358,gene_body,Panx2,NM_001002005,+,1810021B22Rik,-7120.0
1317,chr15,88973000,88977000,ESC_enriched,4,0.9996537918166314,promoter,Mapk11,NM_011161,-,Mapk11,-2372.0
1318,chr15,89204000,89208000,ESC_enriched,4,0.991503327479528,promoter,Odf3b,NM_001013022,-,Odf3b,-1021.0
1319,chr15,89214000,89217000,ESC_enriched,3,0.9883306685144068,gene_body,Klhdc7b,NM_001160178,+,Klhdc7b,3675.0
1320,chr15,89284000,89287000,ESC_enriched,3,0.9860627774533824,gene_body,Mapk8ip2,NM_021921,+,Mapk8ip2,3823.0
1321,chr15,89325000,89331000,ESC_enriched,6,0.988785013090482,promoter,Shank3,NM_021423,+,Shank3,626.0
1322,chr15,89350000,89353000,ESC_enriched,3,0.990279240933244,gene_body,Shank3,NM_021423,+,Shank3,24126.0
1323,chr15,89374000,89378000,ESC_enriched,4,0.9920789670380749,gene_body,Shank3,NM_021423,+,Gm36221,-19972.0
1324,chr15,89384000,89388000,ESC_enriched,4,0.9949251968572684,gene_body,Shank3,NM_021423,+,Gm36221,-9972.0
1325,chr15,92224000,92227000,ESC_enriched,3,0.9919032887318316,promoter,Pdzrn4,NM_001164593,+,Pdzrn4,511.0
1326,chr15,93196000,93199000,ESC_enriched,3,0.9959299367601648,intergenic,,,,Zcrb1,-29014.0
1327,chr15,93334000,93354000,ESC_enriched,20,0.9943044483679568,promoter,Prickle1,NM_001364846,-,Prickle1,-3700.0
1328,chr15,93356000,93360000,ESC_enriched,4,0.98896618643292,intergenic,,,,Prickle1,10300.0
1329,chr15,93422000,93425000,ESC_enriched,3,0.9951005904255472,intergenic,,,,Prickle1,75800.0
1330,chr15,95355000,95357000,ESC_enriched,2,0.9880711454021232,promoter,Nell2,NM_001356951,-,Nell2,-194.0
1331,chr15,95481000,95484000,ESC_enriched,3,0.977628513746834,promoter,Gm31690,NR_168500,+,Gm31690,-9.0
1332,chr15,96351000,96353000,ESC_enriched,2,0.9788031258801988,intergenic,,,,Scaf11,63123.0
1333,chr15,97594000,97598000,ESC_enriched,4,0.9984872531301264,promoter,Rapgef3,NM_144850,-,Rapgef3,300.0
1334,chr15,97657000,97662000,ESC_enriched,5,0.9820522340487214,promoter,Hdac7,NM_019572,-,Hdac7,-301.0
1335,chr15,97828000,97834000,ESC_enriched,6,0.9988840015390276,promoter,Col2a1,NM_031163,-,Col2a1,-1758.0
1336,chr15,97995000,97999000,ESC_enriched,4,0.9979211841323324,promoter,Ccdc184,NM_177716,+,Ccdc184,1161.0
1337,chr15,98123000,98125000,ESC_enriched,2,0.9705825643556062,promoter,Zfp641,NM_001358068,-,Zfp641,-195.0
1338,chr15,98420000,98439000,ESC_enriched,19,0.992971050476579,promoter,Adcy6,NM_007405,-,Adcy6,-6167.0
1339,chr15,98599000,98609000,ESC_enriched,10,0.9987346768199916,promoter,Wnt10b,NM_011718,-,Wnt10b,-2184.0
1340,chr15,98622000,98639000,ESC_enriched,17,0.9945171514141188,promoter,Ddn,NM_001013741,-,Ddn,-5459.0
1341,chr15,98721000,98727000,ESC_enriched,6,0.9999802491130364,promoter,Dhh,NM_007857,-,Dhh,-2574.0
1342,chr15,98914000,98927000,ESC_enriched,13,0.9977467895383856,promoter,C1ql4,NM_001024702,-,C1ql4,4738.0
1343,chr15,99407000,99420000,ESC_enriched,13,0.9964761766021356,promoter,Aqp5,NM_009701,+,Aqp5,-5561.0
1344,chr15,99498000,99500000,ESC_enriched,2,0.9999813021644726,promoter,Asic1,NM_009597,+,Asic1,590.0
1345,chr15,100406000,100408000,ESC_enriched,2,0.9737786231727104,gene_body,Pou6f1,NM_001304965,-,Pou6f1,-21018.0
1346,chr15,100413000,100416000,ESC_enriched,3,0.9883615388012194,gene_body,Pou6f1,NM_001304965,-,Pou6f1,-13518.0
1347,chr15,100428000,100430000,ESC_enriched,2,0.998935805828126,promoter,Pou6f1,NM_001304965,-,Pou6f1,982.0
1348,chr15,100556000,100563000,ESC_enriched,7,0.9963266091373044,promoter,I730030J21Rik,NR_045782,-,I730030J21Rik,-1271.0
1349,chr15,100660000,100661000,ESC_enriched,1,0.955601146110811,intergenic,,,,Scn8a,-38178.0
1350,chr15,100700000,100702000,ESC_enriched,2,0.9566878169654536,gene_body,Scn8a,NM_001077499,+,Scn8a,2322.0
1351,chr15,100811000,100815000,ESC_enriched,4,0.9913166692764792,gene_body,Scn8a,NM_001077499,+,Fignl2,-69433.0
1352,chr15,100843000,100846000,ESC_enriched,3,0.9820474263766602,gene_body,Scn8a,NM_001077499,+,Fignl2,-37933.0
1353,chr15,100854000,100855000,ESC_enriched,1,0.9524313908507008,gene_body,Scn8a,NM_001077499,+,Fignl2,-27933.0
1354,chr15,100866000,100883000,ESC_enriched,17,0.9989316192060084,promoter,Fignl2,NM_001214911,-,Fignl2,-7933.0
1355,chr15,100904000,100907000,ESC_enriched,3,0.9987706614070364,intergenic,,,,Fignl2,23067.0
1356,chr15,100956000,100959000,ESC_enriched,3,0.9854705888132632,promoter,Acvrl1,NM_001277255,+,Acvrl1,945.0
1357,chr15,101240000,101242000,ESC_enriched,2,0.9592698188747876,promoter,Krt7,NM_033073,+,Krt7,564.0
1358,chr15,101265000,101266000,ESC_enriched,1,0.9806031545596776,promoter,Krt87,NM_001003668,-,Krt87,-1338.0
1359,chr15,101853000,101857000,ESC_enriched,4,0.9932853287411544,promoter,Krt18,NM_010664,+,Krt18,-1249.0
1360,chr15,101971000,101974000,ESC_enriched,3,0.9750437007294276,promoter,Igfbp6,NM_008344,+,Igfbp6,281.0
1361,chr15,102184000,102189000,ESC_enriched,5,0.9848728933142074,gene_body,Sp7,NM_130458,-,Gm36246,7640.0
1362,chr15,102571000,102576000,ESC_enriched,5,0.9982540443625264,promoter,Cistr,NR_104334,-,Cistr,-1443.0
1363,chr15,102641000,102654000,NPC_enriched,13,0.9971358014917466,intergenic,,,,Cistr,72557.0
1364,chr15,102658000,102664000,NPC_enriched,6,0.9765147479872668,intergenic,,,,Cistr,86057.0
1365,chr15,102676000,102698000,NPC_enriched,22,0.99745366794611,intergenic,,,,Hoxc13,-62164.0
1366,chr15,102701000,102706000,NPC_enriched,5,0.9691147736785212,intergenic,,,,Hoxc13,-45664.0
1367,chr15,102726000,102732000,NPC_enriched,6,0.9848063624929844,intergenic,,,,Hoxc13,-20164.0
1368,chr15,102914000,102916000,ESC_enriched,2,0.9978823841019387,intergenic,,,,Hoxc4,52572.0
1369,chr15,102930000,102932000,ESC_enriched,2,0.9903150946615136,intergenic,,,,D930007P13Rik,-43862.0
1370,chr15,103137000,103139000,ESC_enriched,2,0.9945530506375256,promoter,Gpr84,NM_030720,-,Gpr84,-472.0
1371,chr15,103330000,103333000,ESC_enriched,3,0.9921006344319104,promoter,Pde1b,NM_008800,+,Pde1b,433.0
1372,chr16,4332000,4335000,ESC_enriched,3,0.9940014992585632,promoter,Adcy9,NM_009624,-,Adcy9,-2226.0
1373,chr16,4764000,4768000,ESC_enriched,4,0.9784418806703916,gene_body,4930562C15Rik,NM_030192,+,4930562C15Rik,15357.0
1374,chr16,5800000,5802000,ESC_enriched,2,0.9724614399014104,promoter,Rbfox1,NM_001359723,+,Rbfox1,887.0
1375,chr16,9904000,9912000,ESC_enriched,8,0.9899100922363612,promoter,Grin2a,NM_008170,-,Grin2a,-1391.0
1376,chr16,10225000,10229000,ESC_enriched,4,0.9942544282269568,promoter,Emp2,NM_007929,-,Emp2,-546.0
1377,chr16,10306000,10310000,ESC_enriched,4,0.9846762846192448,promoter,Tekt5,NM_001291001,-,Tekt5,-1033.0
1378,chr16,10677000,10678000,ESC_enriched,1,0.956873706490588,intergenic,,,,Socs1,-21614.0
1379,chr16,10703000,10707000,ESC_enriched,4,0.990490252388381,promoter,Prm3,NM_013638,-,Prm3,508.0
1380,chr16,10979000,10982000,ESC_enriched,3,0.9971856288258016,promoter,Snn,NM_009223,+,Snn,625.0
1381,chr16,13355000,13363000,ESC_enriched,8,0.9861555809556676,promoter,Gm53058,NR_169185,+,Gm53058,-2529.0
1382,chr16,14205000,14208000,ESC_enriched,3,0.9620671862178352,promoter,Myh11,NM_001161775,-,Myh11,1514.0
1383,chr16,17191000,17194000,ESC_enriched,3,0.987630411415435,gene_body,Tmem191c,NM_177473,+,Tmem191c,2638.0
1384,chr16,17489000,17492000,ESC_enriched,3,0.9829369564136168,promoter,Slc7a4,NM_001359892,-,Slc7a4,287.0
1385,chr16,17709000,17724000,ESC_enriched,15,0.9981480926113392,promoter,Scarf2,NM_153790,+,Scarf2,5656.0
1386,chr16,17729000,17731000,ESC_enriched,2,0.9909731087823376,intergenic,,,,B830017H08Rik,-16681.0
1387,chr16,17744000,17748000,ESC_enriched,4,0.9647380553712817,promoter,B830017H08Rik,NR_027959,+,B830017H08Rik,-681.0
1388,chr16,17749000,17752000,ESC_enriched,3,0.9926536298078384,promoter,Car15,NM_030558,-,Car15,-1249.0
1389,chr16,18036000,18049000,ESC_enriched,13,0.9822289186829576,promoter,Rtn4r,NM_022982,+,Rtn4r,1296.0
1390,chr16,18491000,18511000,ESC_enriched,20,0.993147915152762,promoter,Tbx1,NM_001373938,-,Tbx1,-1462.0
1391,chr16,18516000,18544000,ESC_enriched,28,0.9994932363094228,promoter,Gp1bb,NM_010327,-,Gp1bb,-5966.0
1392,chr16,18688000,18693000,ESC_enriched,5,0.9908471853555432,promoter,Cldn5,NM_013805,+,Cldn5,91.0
1393,chr16,20505000,20506000,ESC_enriched,1,0.958658258082826,promoter,Gm35685,NR_168482,-,Gm35685,1355.0
1394,chr16,20533000,20536000,ESC_enriched,3,0.9869321436347696,promoter,Camk2n2,NM_028420,-,Camk2n2,-321.0
1395,chr16,20608000,20610000,ESC_enriched,2,0.9632368984546468,promoter,Fam131a,NM_133778,+,Fam131a,401.0
1396,chr16,20646000,20653000,ESC_enriched,7,0.9972905703848512,promoter,Chrd,NM_009893,+,Chrd,2831.0
1397,chr16,21153000,21156000,ESC_enriched,3,0.9758702696253864,intergenic,,,,Mir7680,-15549.0
1398,chr16,21157000,21168000,ESC_enriched,11,0.9893175502889726,gene_body,Gm16863,NR_046162,-,Mir7680,-7549.0
1399,chr16,21223000,21226000,ESC_enriched,3,0.97840802699217,intergenic,,,,Gm16863,13645.0
1400,chr16,21317000,21318000,ESC_enriched,1,0.9697234513305868,intergenic,,,,Vps8,-19600.0
1401,chr16,21606000,21614000,ESC_enriched,8,0.9966184095137391,promoter,2510009E07Rik,NM_001001881,-,2510009E07Rik,1352.0
1402,chr16,22571000,22574000,ESC_enriched,3,0.9837270851391118,promoter,Dgkg,NM_001346673,-,Dgkg,13.0
1403,chr16,22691000,22694000,ESC_enriched,3,0.9789540429235468,intergenic,,,,Crygs,-34244.0
1404,chr16,23138000,23142000,ESC_enriched,4,0.986650973671296,promoter,BC106179,NR_152126,-,BC106179,-818.0
1405,chr16,23896000,23898000,ESC_enriched,2,0.991088165060837,promoter,Bcl6,NM_001348026,-,Bcl6,368.0
1406,chr16,23900000,23903000,ESC_enriched,3,0.994093178149433,intergenic,,,,Bcl6,4868.0
1407,chr16,25783000,25784000,ESC_enriched,1,0.95819598294746,gene_body,Trp63,NM_001127259,+,Trp63,184387.0
1408,chr16,26020000,26023000,ESC_enriched,3,0.9978384912154148,promoter,P3h2,NM_173379,-,P3h2,338.0
1409,chr16,26285000,26287000,ESC_enriched,2,0.9841683202015624,promoter,Cldn1,NM_016674,-,Cldn1,-1188.0
1410,chr16,26496000,26498000,ESC_enriched,2,0.9840797959481358,promoter,Il1rap,NM_001159317,+,Il1rap,-58.0
1411,chr16,28360000,28364000,ESC_enriched,4,0.9888288827443408,gene_body,Fgf12,NM_010199,-,Mir690,-153255.0
1412,chr16,29129000,29130000,ESC_enriched,1,0.9994914661701438,promoter,Plaat1,NM_013751,+,Plaat1,59.0
1413,chr16,30227000,30231000,ESC_enriched,4,0.994912543193862,promoter,Gp5,NM_008148,-,Gp5,-1528.0
1414,chr16,30332000,30334000,ESC_enriched,2,0.9586198208390247,intergenic,,,,Atp13a3,24723.0
1415,chr16,30520000,30522000,ESC_enriched,2,0.9911564996941208,promoter,Fam43a,NM_177632,+,Fam43a,1531.0
1416,chr16,31799000,31810000,ESC_enriched,11,0.9886377892418547,promoter,Meltf,NM_013900,+,Meltf,5944.0
1417,chr16,31853000,31857000,ESC_enriched,4,0.9966501984089796,promoter,Pigz,NM_172822,+,Pigz,1403.0
1418,chr16,32084000,32086000,ESC_enriched,2,0.9953151631986008,promoter,Nrros,NM_001347182,-,Nrros,-341.0
1419,chr16,33602000,33607000,ESC_enriched,5,0.9922136376065068,promoter,Heg1,NM_175256,+,Heg1,288.0
1420,chr16,33676000,33677000,ESC_enriched,1,0.980889817087502,gene_body,Heg1,NM_175256,+,Muc13,-37283.0
1421,chr16,33856000,33860000,NPC_enriched,4,0.9823671241685492,gene_body,Itgb5,NM_010580,+,Umps,-28785.0
1422,chr16,34275000,34278000,ESC_enriched,3,0.9827299446756588,gene_body,Kalrn,NM_177357,-,Kalrn,-157274.0
1423,chr16,34492000,34495000,ESC_enriched,3,0.9835720779816998,intergenic,,,,Kalrn,59726.0
1424,chr16,35075000,35082000,ESC_enriched,7,0.9934061659696656,promoter,Adcy5,NM_001012765,+,Adcy5,3890.0
1425,chr16,35084000,35086000,ESC_enriched,2,0.9680504593588136,gene_body,Adcy5,NM_001012765,+,Adcy5,10390.0
1426,chr16,35459000,35464000,ESC_enriched,5,0.9930572103839772,promoter,Sema5b,NM_013661,+,Sema5b,392.0
1427,chr16,35570000,35583000,ESC_enriched,13,0.9858325719107212,gene_body,Sema5b,NM_013661,+,Slc49a4,-112617.0
1428,chr16,36479000,36483000,ESC_enriched,4,0.9854328421051192,promoter,Casr,NM_013803,-,Casr,-373.0
1429,chr16,37056000,37065000,NPC_enriched,9,0.9989430147646228,gene_body,Stxbp5l,NM_001114612,-,Polq,129476.0
1430,chr16,37068000,37073000,NPC_enriched,5,0.9923837056639324,gene_body,Stxbp5l,NM_001114612,-,Polq,139476.0
1431,chr16,37094000,37099000,NPC_enriched,5,0.9898864359996428,gene_body,Stxbp5l,NM_001114612,-,Polq,165476.0
1432,chr16,37108000,37111000,NPC_enriched,3,0.999475760961661,gene_body,Stxbp5l,NM_001114612,-,Polq,178476.0
1433,chr16,37130000,37137000,NPC_enriched,7,0.9974055493540608,gene_body,Stxbp5l,NM_001114612,-,Stxbp5l,-170697.0
1434,chr16,37154000,37158000,NPC_enriched,4,0.9928906448774888,gene_body,Stxbp5l,NM_001114612,-,Stxbp5l,-148197.0
1435,chr16,37169000,37170000,NPC_enriched,1,0.9503543827820684,gene_body,Stxbp5l,NM_001114612,-,Stxbp5l,-134697.0
1436,chr16,37173000,37177000,NPC_enriched,4,0.9766566833659966,gene_body,Stxbp5l,NM_001114612,-,Stxbp5l,-129197.0
1437,chr16,37180000,37184000,NPC_enriched,4,0.9982442149096312,gene_body,Stxbp5l,NM_001114612,-,Stxbp5l,-122197.0
1438,chr16,37207000,37209000,NPC_enriched,2,0.997960004593031,gene_body,Stxbp5l,NM_001114612,-,Stxbp5l,-96197.0
1439,chr16,37237000,37240000,NPC_enriched,3,0.9806127638646988,gene_body,Stxbp5l,NM_001114612,-,Stxbp5l,-65697.0
1440,chr16,37282000,37315000,NPC_enriched,33,0.9990076781257696,promoter,Stxbp5l,NM_001114612,-,Stxbp5l,-5697.0
1441,chr16,37317000,37327000,NPC_enriched,10,0.9987868849691656,intergenic,,,,Stxbp5l,17803.0
1442,chr16,37373000,37378000,NPC_enriched,5,0.986572561070074,intergenic,,,,Stxbp5l,71303.0
1443,chr16,37834000,37837000,ESC_enriched,3,0.9922979884810096,promoter,Gpr156,NM_153394,+,Gpr156,-234.0
1444,chr16,37924000,37927000,ESC_enriched,3,0.9965697435393652,gene_body,Gpr156,NM_153394,+,4930542C21Rik,-11061.0
1445,chr16,38169000,38175000,ESC_enriched,6,0.9916236488558464,gene_body,Nr1i2,NM_001098404,-,Nr1i2,-42063.0
1446,chr16,38226000,38230000,ESC_enriched,4,0.9818413104609316,gene_body,Maats1,NM_001081025,-,Nr1i2,13937.0
1447,chr16,38292000,38297000,ESC_enriched,5,0.9830191184875292,gene_body,Popdc2,NM_022318,+,Popdc2,13072.0
1448,chr16,38402000,38404000,ESC_enriched,2,0.9769669459944326,gene_body,Cd80,NM_001359898,+,Cd80,24835.0
1449,chr16,38628000,38633000,ESC_enriched,5,0.9969139887650844,promoter,Arhgap31,NM_020260,-,Arhgap31,-1867.0
1450,chr16,39904000,39905000,ESC_enriched,1,0.953929241393006,promoter,Lsamp,NM_001361281,+,Lsamp,805.0
1451,chr16,44249000,44255000,ESC_enriched,6,0.990097026713071,promoter,Sidt1,NM_001159419,-,Sidt1,-170.0
1452,chr16,44371000,44373000,ESC_enriched,2,0.9887609826088084,gene_body,Cfap44,NM_001033247,+,Cfap44,57870.0
1453,chr16,44476000,44480000,ESC_enriched,4,0.9987226009202148,promoter,Boc,NM_172506,-,Boc,-202.0
1454,chr16,52370000,52373000,ESC_enriched,3,0.995247961282152,promoter,Alcam,NM_001331110,-,Alcam,-929.0
1455,chr16,57223000,57226000,ESC_enriched,3,0.96981862212743,gene_body,Cmss1,NM_025599,-,Tmem30c,10291.0
1456,chr16,57312000,57314000,ESC_enriched,2,0.98800045091719,gene_body,Filip1l,NM_001040397,+,Filip1l,38366.0
1457,chr16,63806000,63808000,ESC_enriched,2,0.9794894409866952,promoter,Epha3,NM_001362452,-,Epha3,623.0
1458,chr16,65046000,65048000,ESC_enriched,2,0.999192151655654,promoter,Htr1f,NM_008310,-,Htr1f,-986.0
1459,chr16,67535000,67539000,ESC_enriched,4,0.9924242220313542,promoter,Cadm2,NM_001145977,-,Cadm2,-2168.0
1460,chr16,71910000,71913000,ESC_enriched,3,0.9992816486272896,intergenic,,,,8030451O07Rik,-205507.0
1461,chr16,74293000,74296000,ESC_enriched,3,0.9980431805033302,gene_body,Robo2,NM_001358493,-,Mir691,69753.0
1462,chr16,78118000,78124000,ESC_enriched,6,0.9958916678892504,intergenic,,,,E330011O21Rik,-17046.0
1463,chr16,78145000,78152000,ESC_enriched,7,0.9871776973047196,intergenic,,,,E330011O21Rik,10454.0
1464,chr16,78813000,78815000,ESC_enriched,2,0.9865110592186096,promoter,Chodl,NM_001362555,+,Chodl,461.0
1465,chr16,84585000,84587000,ESC_enriched,2,0.9941333756391744,intergenic,,,,Mir155hg,-9614.0
1466,chr16,85055000,85059000,ESC_enriched,4,0.9885630903777668,promoter,App,NM_001198823,-,App,-153.0
1467,chr16,85691000,85693000,ESC_enriched,2,0.9966552328711372,promoter,Adamts1,NM_009621,-,Adamts1,-309.0
1468,chr16,85788000,85792000,ESC_enriched,4,0.9975572783066344,promoter,Adamts5,NM_011782,-,Adamts5,-321.0
1469,chr16,88178000,88180000,ESC_enriched,2,0.9939915583062916,promoter,Grik1,NM_146072,-,Grik1,-75.0
1470,chr16,89787000,89788000,ESC_enriched,1,0.9584539743812616,gene_body,Tiam1,NM_009384,-,Tiam1,-62186.0
1471,chr16,90031000,90032000,ESC_enriched,1,0.9757434466801974,promoter,Gm10789,NR_033476,+,Gm10789,405.0
1472,chr16,90274000,90280000,ESC_enriched,6,0.9952299559483476,promoter,Hunk,NM_015755,+,Hunk,1745.0
1473,chr16,90408000,90409000,ESC_enriched,1,0.9542749189078412,intergenic,,,,Gm36001,-30968.0
1474,chr16,90719000,90724000,ESC_enriched,5,0.990117062657023,promoter,Eva1c,NM_001199210,+,Eva1c,1783.0
1475,chr16,90726000,90728000,ESC_enriched,2,0.9608842496030524,gene_body,Eva1c,NM_001199210,+,Eva1c,7283.0
1476,chr16,90731000,90733000,ESC_enriched,2,0.9564161297077504,gene_body,Eva1c,NM_001199210,+,Eva1c,12283.0
1477,chr16,91107000,91123000,ESC_enriched,16,0.9998982955569452,promoter,Olig2,NM_016967,+,Olig2,592.0
1478,chr16,91158000,91162000,ESC_enriched,4,0.9946503120121176,promoter,Olig1,NM_016968,+,Olig1,1373.0
1479,chr16,91295000,91297000,ESC_enriched,2,0.9877240606175336,promoter,Il10rb,NM_008349,+,Il10rb,907.0
1480,chr16,91435000,91437000,ESC_enriched,2,0.9794046527714202,promoter,Ifngr2,NM_008338,+,Ifngr2,83.0
1481,chr16,91872000,91874000,ESC_enriched,2,0.996528432983445,intergenic,,,,Atp5o,52511.0
1482,chr16,92046000,92049000,ESC_enriched,3,0.9853165219001566,intergenic,,,,Mrps6,100306.0
1483,chr16,92385000,92390000,ESC_enriched,5,0.9886354823773524,promoter,Clic6,NM_172469,+,Clic6,495.0
1484,chr16,92494000,92496000,ESC_enriched,2,0.9863104874474872,gene_body,Runx1,NM_001111021,-,Gm30224,9993.0
1485,chr16,92584000,92590000,ESC_enriched,6,0.9945729265305764,gene_body,Runx1,NM_001111021,-,Gm30224,101993.0
1486,chr16,93974000,93979000,ESC_enriched,5,0.9847220964159188,promoter,Sim2,NM_011377,+,Sim2,2701.0
1487,chr16,94235000,94237000,ESC_enriched,2,0.9664985728943524,gene_body,Sim2,NM_011377,+,Hlcs,-163089.0
1488,chr16,94333000,94338000,NPC_enriched,5,0.9851988598260784,gene_body,Hlcs,NM_001360045,-,Hlcs,-63589.0
1489,chr16,94411000,94413000,ESC_enriched,2,0.994095124933116,intergenic,,,,Hlcs,12911.0
1490,chr16,94434000,94439000,ESC_enriched,5,0.9903835147334896,promoter,Ripply3,NM_133229,+,Ripply3,-719.0
1491,chr16,95690000,95695000,ESC_enriched,5,0.9918932609424422,intergenic,,,,Erg,53337.0
1492,chr16,95791000,95795000,ESC_enriched,4,0.9837117803196024,intergenic,,,,Ets2,-18204.0
1493,chr16,96385000,96386000,ESC_enriched,1,0.9941222107970876,gene_body,B3galt5,NM_001358389,+,B3galt5,7078.0
1494,chr16,97461000,97464000,ESC_enriched,3,0.9961274155156842,promoter,Bace2,NM_019517,+,Bace2,863.0
1495,chr16,97764000,97767000,ESC_enriched,3,0.9973023169178412,promoter,Tmprss2,NM_015775,-,Tmprss2,-611.0
1496,chr16,98076000,98077000,ESC_enriched,1,0.9698742142885812,promoter,C2cd2,NM_174847,-,C2cd2,-1052.0
1497,chr17,3282000,3285000,ESC_enriched,3,0.998688609049354,intergenic,,,,Tiam2,-70188.0
1498,chr17,3371000,3372000,ESC_enriched,1,0.9601874447746888,gene_body,Tiam2,NM_011878,+,Tiam2,17812.0
1499,chr17,5449000,5453000,ESC_enriched,4,0.9835436585299652,promoter,Zdhhc14,NM_146073,+,Zdhhc14,1919.0
1500,chr17,5895000,5900000,ESC_enriched,5,0.9950156335309692,promoter,Synj2,NM_001113353,+,Synj2,-261.0
1501,chr17,7610000,7611000,ESC_enriched,1,0.9882157745473964,gene_body,Fndc1,NM_001081416,-,Fndc1,-54976.0
1502,chr17,7664000,7668000,ESC_enriched,4,0.994879576023414,promoter,Fndc1,NM_001081416,-,Fndc1,524.0
1503,chr17,7712000,7713000,ESC_enriched,1,0.9710081504567633,intergenic,,,,AU041480,37100.0
1504,chr17,8177000,8182000,ESC_enriched,5,0.9978244337286396,promoter,Prr18,NM_178774,+,Prr18,588.0
1505,chr17,8227000,8229000,ESC_enriched,2,0.991069596711142,promoter,Gm16702,NR_045795,-,Gm16702,358.0
1506,chr17,8266000,8280000,ESC_enriched,14,0.9923546663546297,promoter,T,NM_009309,+,T,404.0
1507,chr17,8361000,8367000,ESC_enriched,6,0.9968703306349544,promoter,Pde10a,NM_001290707,+,Pde10a,-974.0
1508,chr17,8636000,8644000,ESC_enriched,8,0.996817178021594,gene_body,Pde10a,NM_001290707,+,1700010I14Rik,-186506.0
1509,chr17,11455000,11457000,ESC_enriched,2,0.9647120358223128,gene_body,Prkn,NM_016694,+,D17Ertd648e,-270547.0
1510,chr17,12612000,12615000,ESC_enriched,3,0.9925152854694244,promoter,Igf2r,NM_010515,-,Igf2r,436.0
1511,chr17,13994000,13999000,ESC_enriched,5,0.9852515171134564,intergenic,,,,Smoc2,-19602.0
1512,chr17,14431000,14434000,ESC_enriched,3,0.989440784684125,promoter,Thbs2,NM_011581,-,Thbs2,1641.0
1513,chr17,15074000,15090000,ESC_enriched,16,0.9958728061984388,promoter,Dll1,NM_001379042,-,Dll1,105.0
1514,chr17,15240000,15242000,ESC_enriched,2,0.9881078195791873,intergenic,,,,Pdcd2,8736.0
1515,chr17,15530000,15537000,ESC_enriched,7,0.9931813829682054,promoter,Rgmb,NM_001372257,-,Rgmb,-2255.0
1516,chr17,17550000,17556000,ESC_enriched,6,0.9875931716546468,gene_body,Has1,NM_008215,-,Has1,-6806.0
1517,chr17,17614000,17615000,ESC_enriched,1,0.9585460221560166,intergenic,,,,Fpr2,22059.0
1518,chr17,23465000,23473000,ESC_enriched,8,0.9966827588662468,promoter,Paqr4,NM_023824,-,Paqr4,1048.0
1519,chr17,23933000,23937000,ESC_enriched,4,0.9897954876135882,promoter,Ntn3,NM_010947,-,Ntn3,-1987.0
1520,chr17,24215000,24219000,ESC_enriched,4,0.9864547126277364,promoter,Caskin1,NM_027937,+,Caskin1,618.0
1521,chr17,24232000,24235000,ESC_enriched,3,0.9970340564524904,gene_body,Caskin1,NM_027937,+,Caskin1,17118.0
1522,chr17,24386000,24388000,ESC_enriched,2,0.9773817559866174,promoter,Npw,NM_001099664,-,Npw,848.0
1523,chr17,24558000,24564000,NPC_enriched,6,0.985352579794648,gene_body,Meiob,NM_029197,+,Fahd1,-16902.0
1524,chr17,24972000,24977000,ESC_enriched,5,0.9870948764845838,promoter,Mir3547,NR_105931,-,Mir3547,1262.0
1525,chr17,24980000,24985000,ESC_enriched,5,0.9872515497443974,promoter,Baiap3,NM_001163270,-,Baiap3,-1464.0
1526,chr17,25109000,25115000,ESC_enriched,6,0.9926807881092252,gene_body,Cacna1h,NM_021415,-,Tpsg1,13848.0
1527,chr17,25160000,25165000,ESC_enriched,5,0.9952648138731804,promoter,Cacna1h,NM_021415,-,Cacna1h,1117.0
1528,chr17,25223000,25225000,ESC_enriched,2,0.9992829599910455,promoter,Sstr5,NM_001191008,-,Sstr5,-888.0
1529,chr17,25284000,25305000,ESC_enriched,21,0.9935828906448227,promoter,Sox8,NM_011447,-,Sox8,-3786.0
1530,chr17,25536000,25543000,ESC_enriched,7,0.9963179788170132,promoter,Fbxl16,NM_001379394,+,Fbxl16,3440.0
1531,chr17,25546000,25548000,ESC_enriched,2,0.9919535084576654,gene_body,Fbxl16,NM_001379394,+,Wdr24,-4226.0
1532,chr17,25676000,25679000,ESC_enriched,3,0.9818330151303828,promoter,D630044L22Rik,NR_152187,+,D630044L22Rik,-1571.0
1533,chr17,26140000,26146000,ESC_enriched,6,0.9940244377017065,promoter,Neurl1b,NM_001081656,+,Neurl1b,542.0
1534,chr17,26153000,26155000,ESC_enriched,2,0.9655937239880072,gene_body,Neurl1b,NM_001081656,+,Neurl1b,11542.0
1535,chr17,26156000,26170000,ESC_enriched,14,0.996565583490566,gene_body,Neurl1b,NM_001081656,+,Neurl1b,20542.0
1536,chr17,26567000,26573000,ESC_enriched,6,0.9995060254692184,promoter,Nkx2-5,NM_008700,-,Nkx2-5,846.0
1537,chr17,26614000,26616000,ESC_enriched,2,0.9676948760635024,promoter,Gm17382,NR_168075,-,Gm17382,1165.0
1538,chr17,26671000,26681000,ESC_enriched,10,0.9967216810926418,promoter,Mir3083,NR_037244,-,Mir3083,292.0
1539,chr17,26689000,26691000,ESC_enriched,2,0.96758171379769,gene_body,Syngap1,NM_001371033,+,Zbtb9,-10767.0
1540,chr17,26883000,26886000,ESC_enriched,3,0.9692548332941638,gene_body,Ip6k3,NM_173027,-,Ip6k3,-10853.0
1541,chr17,26900000,26903000,ESC_enriched,3,0.9815649121102292,intergenic,,,,Ip6k3,6147.0
1542,chr17,27028000,27030000,ESC_enriched,2,0.9960050549485036,intergenic,,,,Mir7214,-15684.0
1543,chr17,27053000,27055000,ESC_enriched,2,0.9922635865825498,promoter,Mir7216,NR_106075,+,Mir7216,-1973.0
1544,chr17,27061000,27064000,ESC_enriched,3,0.990656205135476,intergenic,,,,Mir7216,6527.0
1545,chr17,27124000,27126000,ESC_enriched,2,0.9617186386189334,intergenic,,,,Mir7218,39315.0
1546,chr17,27223000,27251000,ESC_enriched,28,0.996226522509452,promoter,Grm4,NM_001013385,-,Grm4,5878.0
1547,chr17,27382000,27386000,ESC_enriched,4,0.994697028813602,intergenic,,,,Rps10,21167.0
1548,chr17,27446000,27452000,ESC_enriched,6,0.9836489076624017,gene_body,Spdef,NM_001357728,-,Spdef,-9592.0
1549,chr17,28091000,28094000,ESC_enriched,3,0.9871963501576718,promoter,Tulp1,NM_021478,-,Tulp1,-305.0
1550,chr17,29047000,29050000,ESC_enriched,3,0.988977714246298,gene_body,Pi16,NM_023734,+,Pi16,2607.0
1551,chr17,29126000,29130000,ESC_enriched,4,0.9851319852433787,intergenic,,,,Fgd2,40075.0
1552,chr17,29613000,29620000,ESC_enriched,7,0.9979688141315004,promoter,Mdga1,NM_001368423,-,Mdga1,910.0
1553,chr17,29656000,29659000,ESC_enriched,3,0.9937860963714548,intergenic,,,,Mdga1,41910.0
1554,chr17,31497000,31505000,NPC_enriched,8,0.982801276315177,intergenic,,,,Sik1,-83514.0
1555,chr17,31917000,31919000,ESC_enriched,2,0.9759031546004516,promoter,Ephx3,NM_001033163,-,Ephx3,-176.0
1556,chr17,32125000,32130000,ESC_enriched,5,0.9959198390599509,gene_body,Rasal3,NM_178785,-,Wiz,6781.0
1557,chr17,32146000,32147000,ESC_enriched,1,0.9893010212135652,gene_body,Pglyrp2,NM_001271478,-,Pglyrp2,-5286.0
1558,chr17,33662000,33667000,ESC_enriched,5,0.9919762405540384,gene_body,Col11a2,NM_001317722,+,Col11a2,14909.0
1559,chr17,33808000,33812000,ESC_enriched,4,0.9976333834940928,promoter,Psmb8,NM_010724,+,Psmb8,1594.0
1560,chr17,33872000,33874000,ESC_enriched,2,0.9900221686021836,promoter,H2-Ab1,NM_207105,+,H2-Ab1,1582.0
1561,chr17,34236000,34241000,ESC_enriched,5,0.9934934943357732,promoter,Prrt1,NM_001368730,+,Prrt1,881.0
1562,chr17,34278000,34283000,ESC_enriched,5,0.9975214422240454,promoter,Tnxb,NM_031176,+,Tnxb,1910.0
1563,chr17,34287000,34294000,ESC_enriched,7,0.9894675616638396,gene_body,Tnxb,NM_031176,+,Tnxb,11910.0
1564,chr17,34802000,34814000,ESC_enriched,12,0.997900245252564,promoter,Tnf,NM_013693,-,Tnf,-2059.0
1565,chr17,34967000,34968000,ESC_enriched,1,0.987283349943358,intergenic,,,,H2-Q2,17141.0
1566,chr17,35330000,35334000,ESC_enriched,4,0.9898446514105826,intergenic,,,,Ddr1,19808.0
1567,chr17,39453000,39454000,ESC_enriched,1,1.0,gene_body,Rn45s,NR_046233,+,Rn45s,2451.0
1568,chr17,41778000,41781000,ESC_enriched,3,0.9915472340852776,promoter,Ptchd4,NM_028474,+,Ptchd4,70.0
1569,chr17,43090000,43097000,ESC_enriched,7,0.9947625082699348,promoter,Tdrd6,NM_001161366,-,Tdrd6,146.0
1570,chr17,43651000,43655000,ESC_enriched,4,0.9795125628034638,promoter,Clic5,NM_172621,+,Clic5,1374.0
1571,chr17,43716000,43720000,ESC_enriched,4,0.9854539141204562,gene_body,Clic5,NM_172621,+,Clic5,66374.0
1572,chr17,44167000,44168000,ESC_enriched,1,0.9680654733735384,gene_body,Runx2,NM_001271627,-,Supt3,-72720.0
1573,chr17,44197000,44204000,ESC_enriched,7,0.996699495167756,gene_body,Runx2,NM_001271627,-,Supt3,-39720.0
1574,chr17,45008000,45011000,ESC_enriched,3,0.9997366737175266,gene_body,Tmem151b,NM_001013749,-,Tmem151b,-3758.0
1575,chr17,45717000,45720000,ESC_enriched,3,0.9972315806924102,promoter,Lrrc73,NM_001111142,+,Lrrc73,755.0
1576,chr17,45907000,45913000,ESC_enriched,6,0.9888132759744166,gene_body,Ttbk1,NM_001162864,-,Slc22a7,8334.0
1577,chr17,45917000,45925000,ESC_enriched,8,0.997994273041535,gene_body,Ttbk1,NM_001162864,-,Slc22a7,19334.0
1578,chr17,45931000,45934000,ESC_enriched,3,0.979089784194533,gene_body,Ttbk1,NM_001162864,-,Ttbk1,-18364.0
1579,chr17,45947000,45951000,ESC_enriched,4,0.988610677978272,promoter,Ttbk1,NM_001162864,-,Ttbk1,-1864.0
1580,chr17,45984000,45986000,ESC_enriched,2,0.9679550907851494,gene_body,Cul9,NM_001081335,-,Cul9,-24577.0
1581,chr17,46003000,46005000,ESC_enriched,2,0.9982604482401104,gene_body,Cul9,NM_001081335,-,Cul9,-5577.0
1582,chr17,46009000,46010000,ESC_enriched,1,0.9716958208871108,promoter,Cul9,NM_001081335,-,Cul9,-77.0
1583,chr17,47135000,47137000,ESC_enriched,2,0.9875532910768235,gene_body,Usp49,NM_198421,+,Tomm6os,-14800.0
1584,chr17,47295000,47298000,ESC_enriched,3,0.987998536661627,promoter,Mdfi,NM_001109973,-,Mdfi,-1382.0
1585,chr17,47558000,47560000,ESC_enriched,2,0.9990199308165656,intergenic,,,,A730006G06Rik,5430.0
1586,chr17,48396000,48401000,ESC_enriched,5,0.9993415846078924,promoter,Lrfn2,NM_027452,+,Lrfn2,352.0
1587,chr17,49352000,49355000,ESC_enriched,3,0.9714280472089556,gene_body,Kif6,NM_177052,+,Gm16555,66128.0
1588,chr17,49973000,49976000,ESC_enriched,3,0.9932983328869686,promoter,Plcl2,NM_013880,+,Plcl2,-613.0
1589,chr17,50194000,50197000,ESC_enriched,3,0.9570464166888832,intergenic,,,,Plcl2,220387.0
1590,chr17,55345000,55347000,NPC_enriched,2,0.98695042143237,gene_body,Adgre4,NM_139138,+,Adgre4,2925.0
1591,chr17,55563000,55567000,ESC_enriched,4,0.989713194890346,promoter,Shd,NM_001159523,+,Shd,1226.0
1592,chr17,55713000,55714000,ESC_enriched,1,0.999432886370807,gene_body,Lrg1,NM_029796,-,Lrg1,-1739.0
1593,chr17,56106000,56112000,ESC_enriched,6,0.99753933377187,promoter,Ptprs,NM_001252453,-,Ptprs,-1188.0
1594,chr17,56143000,56149000,ESC_enriched,6,0.994785989159933,promoter,Znrf4,NM_011483,-,Znrf4,-191.0
1595,chr17,56492000,56499000,NPC_enriched,7,0.990092810391334,gene_body,Rfx2,NM_009056,-,Rfx2,-20632.0
1596,chr17,56834000,56837000,ESC_enriched,3,0.9883541790366488,promoter,Cd70,NM_011617,-,Cd70,390.0
1597,chr17,56964000,56967000,ESC_enriched,3,0.9748571018952392,promoter,Vav1,NM_001163816,+,Vav1,1066.0
1598,chr17,62565000,62568000,ESC_enriched,3,0.9988658311198958,promoter,Efna5,NM_207654,-,Efna5,-279.0
1599,chr17,62970000,62977000,NPC_enriched,7,0.9897708062171056,gene_body,Fbxl17,NM_015794,-,4930405O22Rik,-24935.0
1600,chr17,65671000,65673000,ESC_enriched,2,0.9929529174232096,promoter,Rab31,NM_133685,-,Rab31,-295.0
1601,chr17,67256000,67261000,ESC_enriched,5,0.991610135879792,promoter,Ptprm,NM_008984,-,Ptprm,-904.0
1602,chr17,68178000,68180000,ESC_enriched,2,0.9898274515151492,promoter,L3mbtl4,NM_177278,+,L3mbtl4,259.0
1603,chr17,68741000,68749000,ESC_enriched,8,0.9939655847875754,promoter,Tmem200c,NM_001206661,+,Tmem200c,2955.0
1604,chr17,68981000,68984000,ESC_enriched,3,0.9911128405343692,intergenic,,,,Epb41l3,-81757.0
1605,chr17,70421000,70423000,ESC_enriched,2,0.9980481445161472,gene_body,Dlgap1,NM_001347411,+,Gm41609,-288857.0
1606,chr17,71087000,71090000,ESC_enriched,3,0.9965055003395084,intergenic,,,,Lpin2,-21010.0
1607,chr17,71213000,71218000,ESC_enriched,5,0.9950745129029182,promoter,Emilin2,NM_145158,-,Emilin2,-368.0
1608,chr17,71654000,71658000,ESC_enriched,4,0.9961983427424984,promoter,Pcare,NM_146082,-,Pcare,-1762.0
1609,chr17,71687000,71689000,ESC_enriched,2,0.9877712497620864,promoter,Clip4,NM_001271483,+,Clip4,1845.0
1610,chr17,71774000,71778000,ESC_enriched,4,0.9935778072599136,gene_body,Alk,NM_007439,-,Clip4,89845.0
1611,chr17,72778000,72782000,ESC_enriched,4,0.9825306937199052,intergenic,,,,Ypel5,36953.0
1612,chr17,72783000,72785000,ESC_enriched,2,0.9584657865125934,intergenic,,,,Gm30375,-39155.0
1613,chr17,72823000,72828000,ESC_enriched,5,0.9964866881385502,promoter,Lbh,NM_029999,+,Lbh,2196.0
1614,chr17,78104000,78108000,ESC_enriched,4,0.9906780773121012,promoter,Crim1,NM_015800,+,Crim1,695.0
1615,chr17,78957000,78958000,ESC_enriched,1,0.9840706642032202,promoter,Qpct,NM_001316729,+,Qpct,537.0
1616,chr17,79620000,79625000,ESC_enriched,5,0.990361955430838,promoter,Cyp1b1,NM_001364889,-,Cyp1b1,-887.0
1617,chr17,80278000,80286000,ESC_enriched,8,0.9947291083608438,promoter,Gm10190,NR_028385,-,Gm10190,139.0
1618,chr17,81577000,81578000,ESC_enriched,1,0.958321836125709,gene_body,Slc8a1,NM_001286684,-,Slc8a1,-69213.0
1619,chr17,83072000,83075000,ESC_enriched,3,0.9788890899833688,intergenic,,,,Pkdcc,-50108.0
1620,chr17,83109000,83114000,ESC_enriched,5,0.993978844137182,intergenic,,,,Pkdcc,-12108.0
1621,chr17,83118000,83133000,ESC_enriched,15,0.9971886310054264,promoter,Pkdcc,NM_134117,+,Pkdcc,1892.0
1622,chr17,83874000,83876000,ESC_enriched,2,0.973716526707735,intergenic,,,,8430430B14Rik,-31877.0
1623,chr17,83974000,83978000,ESC_enriched,4,0.9893641761641464,intergenic,,,,4933433H22Rik,-10985.0
1624,chr17,84003000,84010000,ESC_enriched,7,0.991371017732774,intergenic,,,,4933433H22Rik,19515.0
1625,chr17,84420000,84422000,ESC_enriched,2,0.9955586010889632,promoter,Plekhh2,NM_177606,+,Plekhh2,780.0
1626,chr17,84600000,84605000,ESC_enriched,5,0.9870685793736488,gene_body,Abcg8,NM_001347418,+,Abcg8,11054.0
1627,chr17,85166000,85172000,ESC_enriched,6,0.9841277504653486,gene_body,Camkmt,NM_028576,+,Camkmt,170049.0
1628,chr17,85362000,85365000,ESC_enriched,3,0.9786510686225776,gene_body,Camkmt,NM_028576,+,Six3os1,-163222.0
1629,chr17,85373000,85378000,ESC_enriched,5,0.9879633305797444,intergenic,,,,Six3os1,-151222.0
1630,chr17,85393000,85395000,ESC_enriched,2,0.9976521669640636,intergenic,,,,Six3os1,-132722.0
1631,chr17,85516000,85539000,ESC_enriched,23,0.9991769381254282,promoter,Six3os1,NR_038086,-,Six3os1,778.0
1632,chr17,85550000,85557000,ESC_enriched,7,0.9943464657847406,intergenic,,,,Six3,24341.0
1633,chr17,85588000,85603000,ESC_enriched,15,0.9990468312838068,promoter,Six2,NM_011380,-,Six2,-1080.0
1634,chr17,85708000,85710000,ESC_enriched,2,0.9999086679140996,intergenic,,,,Six2,112420.0
1635,chr17,86076000,86079000,ESC_enriched,3,0.9976845225311194,promoter,Prkce,NM_011104,+,Prkce,1390.0
1636,chr17,86663000,86664000,ESC_enriched,1,0.9525638052836014,promoter,Epas1,NM_010137,+,Epas1,1311.0
1637,chr17,87191000,87194000,ESC_enriched,3,0.9767614383801064,promoter,Ttc7,NM_028639,+,Ttc7,1289.0
1638,chr17,87651000,87656000,ESC_enriched,5,0.9989603641748378,gene_body,Kcnk12,NM_199251,-,Kcnk12,-52820.0
1639,chr17,88662000,88664000,ESC_enriched,2,0.9585933889696332,gene_body,Lhcgr,NM_013582,-,Lhcgr,-37340.0
1640,chr17,89204000,89209000,NPC_enriched,5,0.9861870281026468,intergenic,,,,4933400B14Rik,-22052.0
1641,chr17,90361000,90365000,ESC_enriched,4,0.9881612952616188,gene_body,Nrxn1,NM_020252,-,Gm20491,-338795.0
1642,chr17,90996000,90998000,ESC_enriched,2,0.9999998751684538,gene_body,Nrxn1,NM_020252,-,Nrxn1,-4121.0
1643,chr17,93505000,93506000,ESC_enriched,1,0.9731924653994416,gene_body,Adcyap1,NM_001315504,+,Adcyap1,2042.0
1644,chr18,3498000,3501000,ESC_enriched,3,0.966750859848129,intergenic,,,,Bambi,-8454.0
1645,chr18,5162000,5165000,ESC_enriched,3,0.9796137249650664,promoter,Gm26682,NR_153824,-,Gm26682,-2229.0
1646,chr18,5593000,5595000,ESC_enriched,2,0.9883574021951324,promoter,Gm10125,NR_033552,-,Gm10125,1565.0
1647,chr18,7000000,7006000,ESC_enriched,6,0.9987737480682072,promoter,Mkx,NM_177595,-,Mkx,-1777.0
1648,chr18,8043000,8047000,NPC_enriched,4,0.9570081240687016,intergenic,,,,Wac,175806.0
1649,chr18,9209000,9215000,ESC_enriched,6,0.9952604048171516,promoter,Fzd8,NM_008058,+,Fzd8,-853.0
1650,chr18,11495000,11497000,ESC_enriched,2,0.9957584279671364,intergenic,,,,Rbbp8,-280811.0
1651,chr18,11982000,11985000,ESC_enriched,3,0.9886606460930912,promoter,Mir1901,NR_035447,-,Mir1901,-474.0
1652,chr18,12476000,12479000,ESC_enriched,3,0.9919437842187128,promoter,Lama3,NM_010680,+,Lama3,31.0
1653,chr18,13930000,13931000,ESC_enriched,1,0.9646681441524648,gene_body,Zfp521,NM_145492,-,Zfp521,-185402.0
1654,chr18,14112000,14115000,ESC_enriched,3,0.9997110316963556,promoter,Zfp521,NM_145492,-,Zfp521,-2402.0
1655,chr18,15203000,15211000,ESC_enriched,8,0.9966860049159012,gene_body,Kctd1,NM_134112,-,4933424G05Rik,74988.0
1656,chr18,15291000,15296000,ESC_enriched,5,0.9898987976130936,promoter,Kctd1,NM_134112,-,Kctd1,-964.0
1657,chr18,15902000,15904000,ESC_enriched,2,0.9998406732689592,promoter,Chst9,NM_199055,-,Chst9,-175.0
1658,chr18,16949000,16953000,ESC_enriched,4,0.99724282086434,promoter,Cdh2,NM_007664,-,Cdh2,-1264.0
1659,chr18,20144000,20147000,ESC_enriched,3,0.9970502675428498,promoter,Dsc3,NM_007882,-,Dsc3,393.0
1660,chr18,21794000,21796000,ESC_enriched,2,0.9970303959709804,promoter,4930426D05Rik,NM_001271580,+,4930426D05Rik,426.0
1661,chr18,23180000,23185000,ESC_enriched,5,0.9907270023654912,promoter,Nol4,NM_001347509,-,Nol4,-2191.0
1662,chr18,23895000,23899000,ESC_enriched,4,0.9978810963594268,promoter,Mapre2,NM_001162941,+,Mapre2,266.0
1663,chr18,23941000,23943000,ESC_enriched,2,0.9557006403327312,gene_body,Mapre2,NM_001162941,+,Mir6360,24001.0
1664,chr18,24609000,24611000,ESC_enriched,2,0.9863303658723366,intergenic,,,,2700062C07Rik,-3880.0
1665,chr18,24796000,24799000,ESC_enriched,3,0.994956610848217,promoter,Mocos,NM_026779,+,Mocos,800.0
1666,chr18,25691000,25694000,ESC_enriched,3,0.982138278709684,gene_body,Celf4,NM_001362275,-,Celf4,-204667.0
1667,chr18,25706000,25709000,ESC_enriched,3,0.9827844108675612,gene_body,Celf4,NM_001362275,-,Celf4,-189667.0
1668,chr18,25712000,25713000,ESC_enriched,1,0.9569626444024044,gene_body,Celf4,NM_001362275,-,Celf4,-184667.0
1669,chr18,25717000,25723000,ESC_enriched,6,0.9913836882767004,gene_body,Celf4,NM_001362275,-,Celf4,-177167.0
1670,chr18,25732000,25733000,ESC_enriched,1,0.9525309628393238,gene_body,Celf4,NM_001362275,-,Celf4,-164667.0
1671,chr18,32081000,32084000,ESC_enriched,3,0.999735173900646,gene_body,Lims2,NM_144862,+,Lims2,8011.0
1672,chr18,32091000,32093000,ESC_enriched,2,0.9657060808684504,promoter,Gpr17,NM_001025381,-,Gpr17,-646.0
1673,chr18,32519000,32524000,ESC_enriched,5,0.9883702788983604,promoter,A830052D11Rik,NR_045403,-,A830052D11Rik,206.0
1674,chr18,32566000,32570000,ESC_enriched,4,0.989041543185082,gene_body,Bin1,NM_009668,+,Gm35060,-37509.0
1675,chr18,32701000,32705000,ESC_enriched,4,0.981347533784457,promoter,Gypc,NM_001048207,-,Gypc,-44.0
1676,chr18,33081000,33083000,ESC_enriched,2,0.98614564904751,promoter,Camk4,NM_009793,+,Camk4,-50.0
1677,chr18,34668000,34681000,ESC_enriched,13,0.999153868926996,promoter,Wnt8a,NM_009290,+,Wnt8a,7373.0
1678,chr18,34684000,34688000,ESC_enriched,4,0.9952596088549236,gene_body,Nme5,NM_080637,-,Nme5,-17916.0
1679,chr18,34803000,34806000,ESC_enriched,3,0.9897576850062204,intergenic,,,,Cdc23,27963.0
1680,chr18,34844000,34847000,ESC_enriched,3,0.9886117248699476,promoter,Gfra3,NM_010280,-,Gfra3,296.0
1681,chr18,34987000,34989000,ESC_enriched,2,0.998059671312948,promoter,Egr1,NM_007913,+,Egr1,820.0
1682,chr18,35011000,35012000,ESC_enriched,1,0.9581502053615912,intergenic,,,,Egr1,24320.0
1683,chr18,35774000,35783000,ESC_enriched,9,0.996953727988187,promoter,Prob1,NM_001270646,-,Prob1,-2695.0
1684,chr18,36014000,36021000,ESC_enriched,7,0.9983019991508048,intergenic,,,,C330008A17Rik,-21605.0
1685,chr18,36041000,36061000,ESC_enriched,20,0.9943406702672584,gene_body,C330008A17Rik,NR_165176,+,C330008A17Rik,11895.0
1686,chr18,36090000,36093000,ESC_enriched,3,0.9960187723612708,promoter,Psd2,NM_028707,+,Psd2,697.0
1687,chr18,36141000,36157000,ESC_enriched,16,0.9881150525997416,gene_body,Nrg2,NM_001382420,-,Psd2,58197.0
1688,chr18,36165000,36166000,ESC_enriched,1,0.9639254051333748,gene_body,Nrg2,NM_001382420,-,4930471G03Rik,-66676.0
1689,chr18,36190000,36198000,ESC_enriched,8,0.97206263057761,gene_body,Nrg2,NM_001382420,-,4930471G03Rik,-38176.0
1690,chr18,36321000,36326000,ESC_enriched,5,0.9959779998200052,promoter,Nrg2,NM_001382420,-,Nrg2,135.0
1691,chr18,36446000,36451000,ESC_enriched,5,0.9947013737028484,intergenic,,,,Igip,22426.0
1692,chr18,36848000,36856000,ESC_enriched,8,0.9915599866626318,promoter,Cd14,NM_009841,-,Cd14,-789.0
1693,chr18,37066000,37069000,ESC_enriched,3,0.9934700849221624,promoter,Pcdha2,NM_198117,+,Pcdha2,2322.0
1694,chr18,37072000,37076000,ESC_enriched,4,0.9913924593770976,promoter,Pcdha3,NM_138662,+,Pcdha3,1939.0
1695,chr18,37079000,37083000,ESC_enriched,4,0.9912108264357836,promoter,Pcdha4,NM_007766,+,Pcdha4,2338.0
1696,chr18,37087000,37090000,ESC_enriched,3,0.9981314115890104,promoter,Pcdha5,NM_009959,+,Pcdha5,2251.0
1697,chr18,37123000,37127000,ESC_enriched,4,0.9912717314487416,promoter,Pcdha9,NM_138661,+,Pcdha9,1147.0
1698,chr18,37132000,37134000,ESC_enriched,2,0.9992166371455776,promoter,Pcdha10,NM_009961,+,Pcdha10,1707.0
1699,chr18,37136000,37144000,ESC_enriched,8,0.9875030723975176,promoter,Pcdha11,NM_009960,+,Pcdha11,3169.0
1700,chr18,37146000,37149000,ESC_enriched,3,0.9856270615256962,promoter,Pcdha12,NM_138663,+,Pcdha12,1297.0
1701,chr18,37215000,37218000,ESC_enriched,3,0.9954331341104976,promoter,Pcdhac1,NM_001003671,+,Pcdhac1,391.0
1702,chr18,37268000,37273000,ESC_enriched,5,0.9920083269118504,promoter,Pcdhac2,NM_001003672,+,Pcdhac2,849.0
1703,chr18,37539000,37541000,ESC_enriched,2,0.9914471183380752,gene_body,Pcdhb10,NM_053135,+,Pcdhb10,2353.0
1704,chr18,37569000,37570000,ESC_enriched,1,0.9574400296173357,promoter,Pcdhb13,NM_053138,+,Pcdhb13,1010.0
1705,chr18,37601000,37607000,ESC_enriched,6,0.9818521836915712,promoter,Pcdhb16,NM_053141,+,Pcdhb16,259.0
1706,chr18,37611000,37614000,ESC_enriched,3,0.9874241771090096,promoter,Pcdhb17,NM_053142,+,Pcdhb17,1506.0
1707,chr18,37623000,37625000,ESC_enriched,2,0.975591098400239,promoter,Pcdhb19,NM_053144,+,Pcdhb19,1029.0
1708,chr18,37630000,37633000,ESC_enriched,3,0.9971936186895634,promoter,Pcdhb20,NM_053145,+,Pcdhb20,1263.0
1709,chr18,37641000,37649000,ESC_enriched,8,0.994184338538737,promoter,Pcdhb22,NM_053147,+,Pcdhb22,674.0
1710,chr18,37806000,37809000,ESC_enriched,3,0.9907134114556528,promoter,Pcdhgb1,NM_033574,+,Pcdhgb1,1255.0
1711,chr18,37812000,37814000,ESC_enriched,2,0.9769260465550816,promoter,Pcdhga4,NM_033587,+,Pcdhga4,1790.0
1712,chr18,37816000,37823000,ESC_enriched,7,0.9987704035626138,promoter,Pcdhga5,NM_033588,+,Pcdhga5,-848.0
1713,chr18,37833000,37836000,ESC_enriched,3,0.9917728090421288,promoter,Pcdhga6,NM_033589,+,Pcdhga6,1426.0
1714,chr18,37841000,37844000,ESC_enriched,3,0.9994465865297668,promoter,Pcdhga7,NM_033590,+,Pcdhga7,1693.0
1715,chr18,37846000,37850000,ESC_enriched,4,0.9920744835567264,promoter,Pcdhgb4,NM_033576,+,Pcdhgb4,1651.0
1716,chr18,37857000,37862000,ESC_enriched,5,0.9899268111005212,promoter,Pcdhgb5,NM_033577,+,Pcdhgb5,2556.0
1717,chr18,37863000,37872000,ESC_enriched,9,0.9972593880156544,promoter,Pcdhgb6,NM_033578,+,Pcdhgb6,-567.0
1718,chr18,37873000,37876000,ESC_enriched,3,0.9999246968860676,promoter,Pcdhga10,NM_033593,+,Pcdhga10,1511.0
1719,chr18,37878000,37886000,ESC_enriched,8,0.998665577982558,promoter,Pcdhga11,NM_033594,+,Pcdhga11,254.0
1720,chr18,37889000,37891000,ESC_enriched,2,0.9998366127239158,promoter,Pcdhga12,NM_033595,+,Pcdhga12,-1553.0
1721,chr18,37892000,37894000,ESC_enriched,2,0.992266453548288,promoter,Pcdhga12,NM_033595,+,Pcdhga12,1447.0
1722,chr18,37940000,37943000,ESC_enriched,3,0.9973030962523598,promoter,Pcdhgc4,NM_033582,+,Pcdhgc4,448.0
1723,chr18,38312000,38317000,ESC_enriched,5,0.989645112955434,intergenic,,,,Pcdh1,-21236.0
1724,chr18,38322000,38326000,ESC_enriched,4,0.9808980764208776,gene_body,Pcdh1,NM_029357,-,Pcdh1,-11736.0
1725,chr18,38333000,38341000,ESC_enriched,8,0.9967732021154572,promoter,Pcdh1,NM_029357,-,Pcdh1,1264.0
1726,chr18,38609000,38614000,ESC_enriched,5,0.9826910669953112,intergenic,,,,Ndfip1,66620.0
1727,chr18,39119000,39122000,ESC_enriched,3,0.9617299169017344,promoter,Arhgap26,NM_175164,+,Arhgap26,1382.0
1728,chr18,43562000,43566000,ESC_enriched,4,0.9794919859074448,promoter,Dpysl3,NM_001291455,-,Dpysl3,383.0
1729,chr18,43886000,43892000,NPC_enriched,6,0.9902568049141957,promoter,Scgb3a2,NM_001289643,+,Scgb3a2,-631.0
1730,chr18,43909000,43911000,NPC_enriched,2,0.9585861939551305,gene_body,Gm94,NM_001033280,-,Gm94,-8209.0
1731,chr18,44088000,44092000,NPC_enriched,4,0.9887120536319692,promoter,Spink5,NM_001081180,+,Spink5,1429.0
1732,chr18,44128000,44134000,NPC_enriched,6,0.9972087248999552,gene_body,Spink5,NM_001081180,+,Spink14,-22199.0
1733,chr18,44198000,44202000,NPC_enriched,4,0.997271933567813,gene_body,Spink6,NM_001357563,+,Spink6,3277.0
1734,chr18,44787000,44788000,ESC_enriched,1,0.9721751141364144,promoter,A930012L18Rik,NR_026853,+,A930012L18Rik,505.0
1735,chr18,44937000,44939000,ESC_enriched,2,0.992211240850055,promoter,Mcc,NM_001085373,-,Mcc,487.0
1736,chr18,46336000,46338000,ESC_enriched,2,0.9703658744247992,promoter,Trim36,NM_178872,-,Trim36,-938.0
1737,chr18,46590000,46592000,ESC_enriched,2,0.9998276319566964,promoter,Mospd4,NR_045438,-,Mospd4,-147.0
1738,chr18,46853000,46854000,ESC_enriched,1,0.9858595117130056,promoter,Cdo1,NM_033037,-,Cdo1,-333.0
1739,chr18,46974000,46978000,ESC_enriched,4,0.9946405629305708,promoter,Lvrn,NM_029008,+,Lvrn,631.0
1740,chr18,47276000,47279000,ESC_enriched,3,0.9858443602830111,intergenic,,,,Commd10,193294.0
1741,chr18,47491000,47497000,ESC_enriched,6,0.99511236508128,promoter,Sema6a,NM_018744,-,Sema6a,-199.0
1742,chr18,52653000,52655000,ESC_enriched,2,0.9994190041117724,promoter,Lox,NM_001286182,-,Lox,-1236.0
1743,chr18,52893000,52895000,ESC_enriched,2,0.985955369876126,promoter,Sncaip,NM_001199151,+,Sncaip,821.0
1744,chr18,53772000,53774000,ESC_enriched,2,0.9729760577804708,promoter,Gm19466,NR_040349,+,Gm19466,-519.0
1745,chr18,55112000,55116000,ESC_enriched,4,0.9884688702722834,promoter,Zfp608,NM_175751,-,Zfp608,-1549.0
1746,chr18,56594000,56597000,ESC_enriched,3,0.9856829971690854,gene_body,Gramd3,NM_001360917,+,LOC102637792,51020.0
1747,chr18,57052000,57054000,ESC_enriched,2,0.9640694018533228,promoter,Gm34632,NR_166732,+,Gm34632,1889.0
1748,chr18,58004000,58006000,ESC_enriched,2,0.9830473717015744,promoter,Slc12a2,NM_009194,+,Slc12a2,954.0
1749,chr18,58334000,58338000,ESC_enriched,4,0.9989842254506862,promoter,Fbn2,NM_010181,-,Fbn2,705.0
1750,chr18,58963000,58964000,ESC_enriched,1,0.999438882295007,gene_body,Adamts19,NM_175506,+,Adamts19,1769.0
1751,chr18,59301000,59303000,ESC_enriched,2,0.9912174514482608,promoter,Chsy3,NM_001081328,+,Chsy3,1292.0
1752,chr18,60704000,60705000,ESC_enriched,1,0.9671991163325264,gene_body,Myoz3,NM_133363,-,Myoz3,-12585.0
1753,chr18,61037000,61040000,ESC_enriched,3,0.9995520590628728,promoter,Arsi,NM_001038499,+,Arsi,1141.0
1754,chr18,61107000,61111000,ESC_enriched,4,0.984483637721633,gene_body,Camk2a,NM_177407,+,Mir6982,25559.0
1755,chr18,61156000,61166000,ESC_enriched,10,0.9958511675245716,promoter,Cdx1,NM_009880,-,Cdx1,-568.0
1756,chr18,61911000,61912000,ESC_enriched,1,0.9504062116540092,promoter,Afap1l1,NM_178928,-,Afap1l1,-531.0
1757,chr18,62429000,62434000,NPC_enriched,5,0.9815861026007192,intergenic,,,,Htr4,-34873.0
1758,chr18,62463000,62474000,NPC_enriched,11,0.9944532225344052,promoter,Htr4,NM_001364957,+,Htr4,2127.0
1759,chr18,62550000,62553000,NPC_enriched,3,0.976195514370176,gene_body,Htr4,NM_001364957,+,Htr4,85127.0
1760,chr18,62554000,62558000,NPC_enriched,4,0.9826199717793344,gene_body,Htr4,NM_001364957,+,Htr4,89627.0
1761,chr18,62562000,62567000,NPC_enriched,5,0.9955043863260464,gene_body,Htr4,NM_001364957,+,Htr4,98127.0
1762,chr18,62984000,62999000,NPC_enriched,15,0.9982912051543696,intergenic,,,,Apcdd1,-56195.0
1763,chr18,63510000,63514000,ESC_enriched,4,0.9886133733117748,promoter,Piezo2,NM_001039485,-,Piezo2,-552.0
1764,chr18,64466000,64475000,ESC_enriched,9,0.9980421882089016,promoter,Onecut2,NM_194268,+,Onecut2,4768.0
1765,chr18,64781000,64788000,ESC_enriched,7,0.9905262864875451,promoter,Atp8b1,NM_001001488,-,Atp8b1,-1869.0
1766,chr18,65997000,65999000,ESC_enriched,2,0.993866040145688,promoter,Grp,NM_175012,+,Grp,-854.0
1767,chr18,66059000,66067000,ESC_enriched,8,0.9900225932014642,promoter,Rax,NM_013833,-,Rax,-1458.0
1768,chr18,66411000,66418000,ESC_enriched,7,0.9895430969463116,promoter,Ccbe1,NM_178793,-,Ccbe1,-2707.0
1769,chr18,66985000,66987000,ESC_enriched,2,0.98326368595906,promoter,Mc4r,NM_016977,-,Mc4r,144.0
1770,chr18,67214000,67215000,ESC_enriched,1,0.9542857094553818,promoter,Gnal,NM_177137,+,Gnal,834.0
1771,chr18,67469000,67472000,ESC_enriched,3,0.990551312070744,promoter,B430212C06Rik,NR_033214,-,B430212C06Rik,1028.0
1772,chr18,67514000,67516000,ESC_enriched,2,0.9705264699901034,promoter,Tubb6,NM_026473,+,Tubb6,-1099.0
1773,chr18,69322000,69326000,ESC_enriched,4,0.9946850398175684,intergenic,,,,Tcf4,-147089.0
1774,chr18,72474000,72478000,ESC_enriched,4,0.9883268761944448,promoter,Dcc,NM_007831,-,Dcc,-438.0
1775,chr18,75643000,75646000,ESC_enriched,3,0.9858927611371436,gene_body,Gm10532,NR_045879,+,Gm10532,4491.0
1776,chr18,75821000,75823000,ESC_enriched,2,0.9788476054976388,promoter,Ctif,NM_201354,-,Ctif,-1061.0
1777,chr18,75944000,75954000,ESC_enriched,10,0.994932014368452,intergenic,,,,Ctif,125939.0
1778,chr18,76023000,76025000,ESC_enriched,2,0.9704932852359436,intergenic,,,,Zbtb7c,-160690.0
1779,chr18,76185000,76187000,ESC_enriched,2,0.9997229229702892,promoter,Zbtb7c,NM_001357506,+,Zbtb7c,1310.0
1780,chr18,76268000,76277000,ESC_enriched,9,0.9870159051258618,gene_body,Zbtb7c,NM_001357506,+,Mir6358,-23416.0
1781,chr18,77060000,77066000,ESC_enriched,6,0.993213076775482,promoter,Skor2,NM_001109743,+,Skor2,2146.0
1782,chr18,77381000,77390000,ESC_enriched,9,0.988941581153138,promoter,St8sia5,NM_013666,+,St8sia5,-4796.0
1783,chr18,77402000,77405000,ESC_enriched,3,0.989307017143686,gene_body,St8sia5,NM_013666,+,St8sia5,13204.0
1784,chr18,77458000,77463000,ESC_enriched,5,0.992340078846932,gene_body,St8sia5,NM_013666,+,Loxhd1,-25607.0
1785,chr18,77520000,77524000,ESC_enriched,4,0.990865343958008,gene_body,Loxhd1,NM_172834,+,Loxhd1,35893.0
1786,chr18,78205000,78214000,ESC_enriched,9,0.998245839448973,gene_body,Siglec15,NM_001101038,-,Siglec15,-10017.0
1787,chr18,78215000,78220000,ESC_enriched,5,0.9923608763567756,promoter,Siglec15,NM_001101038,-,Siglec15,-2017.0
1788,chr18,78711000,78717000,NPC_enriched,6,0.9857137239674169,gene_body,Slc14a2,NM_207651,-,Slc14a2,-45028.0
1789,chr18,80165000,80166000,ESC_enriched,1,0.9579911710944172,intergenic,,,,Gm36718,-15852.0
1790,chr18,80209000,80212000,ESC_enriched,3,0.992481672124482,promoter,Pard6g,NM_053117,+,Pard6g,1547.0
1791,chr18,80419000,80420000,ESC_enriched,1,0.9873326965972536,gene_body,Slc66a2,NM_001164420,+,Slc66a2,2197.0
1792,chr18,80456000,80464000,ESC_enriched,8,0.9936631702202486,gene_body,Kcng2,NM_001190373,-,Slc66a2,42697.0
1793,chr18,80481000,80487000,ESC_enriched,6,0.9882159899544356,gene_body,Kcng2,NM_001190373,-,D330025C20Rik,-40839.0
1794,chr18,80523000,80526000,ESC_enriched,3,0.9927987339959228,promoter,D330025C20Rik,NR_168057,+,D330025C20Rik,-339.0
1795,chr18,80770000,80773000,ESC_enriched,3,0.9864888539193736,gene_body,Nfatc1,NM_001164110,-,Gm41790,3632.0
1796,chr18,80779000,80781000,ESC_enriched,2,0.973632061075317,gene_body,Nfatc1,NM_001164110,-,Gm41790,12132.0
1797,chr18,80796000,80808000,ESC_enriched,12,0.9962016510908808,gene_body,Nfatc1,NM_001164110,-,Gm41790,34132.0
1798,chr18,80859000,80880000,ESC_enriched,21,0.9960254284364448,promoter,Nfatc1,NM_001164110,-,Nfatc1,-5630.0
1799,chr18,81132000,81139000,ESC_enriched,7,0.9936336267808824,gene_body,Sall3,NM_178280,-,Sall3,-13580.0
1800,chr18,81142000,81159000,ESC_enriched,17,0.9948086708523164,promoter,Gm27239,NR_169072,+,Gm27239,986.0
1801,chr18,81367000,81369000,ESC_enriched,2,0.9989259302278704,intergenic,,,,Gm27239,218486.0
1802,chr18,81402000,81404000,ESC_enriched,2,0.9720110976057704,intergenic,,,,Gm27239,253486.0
1803,chr18,82539000,82542000,ESC_enriched,3,0.9971303074217902,promoter,Galr1,NM_008082,-,Galr1,-705.0
1804,chr18,82607000,82612000,ESC_enriched,5,0.9970041436833889,promoter,Mbp,NM_010777,+,Mbp,-50.0
1805,chr18,82718000,82721000,ESC_enriched,3,0.9909229038912628,gene_body,Mbp,NM_010777,+,Zfp236,-107843.0
1806,chr18,83042000,83048000,ESC_enriched,6,0.995665566630955,promoter,Zfp516,NM_183033,+,Zfp516,-306.0
1807,chr18,84218000,84222000,ESC_enriched,4,0.9957424111482136,promoter,Tshz1,NM_001081300,-,Tshz1,-658.0
1808,chr18,84223000,84227000,ESC_enriched,4,0.9983330147024312,promoter,Zadh2,NM_146090,+,Zadh2,2650.0
1809,chr18,84864000,84866000,ESC_enriched,2,0.9844106991439888,gene_body,Dipk1c,NM_173770,+,Dipk1c,10664.0
1810,chr18,86527000,86531000,ESC_enriched,4,0.9991760960892728,promoter,Neto1,NM_144946,+,Neto1,-144.0
1811,chr18,86772000,86776000,NPC_enriched,4,0.9925221019848864,intergenic,,,,Cbln2,-71253.0
1812,chr18,89903000,89905000,ESC_enriched,2,0.9963646554890744,promoter,Dok6,NM_001039173,-,Dok6,262.0
1813,chr19,3409000,3416000,ESC_enriched,7,0.9972279671332724,promoter,Gal,NM_001329667,-,Gal,-2044.0
1814,chr19,3936000,3937000,ESC_enriched,1,0.9695815612780776,promoter,Unc93b1,NM_019449,+,Unc93b1,1315.0
1815,chr19,4099000,4103000,ESC_enriched,4,0.9862064825298172,promoter,Pitpnm1,NM_008851,+,Pitpnm1,379.0
1816,chr19,4476000,4479000,ESC_enriched,3,0.9742550152977744,promoter,Syt12,NM_134164,-,Syt12,357.0
1817,chr19,4697000,4699000,ESC_enriched,2,0.9992376471908784,promoter,Gm960,NM_001033447,-,Gm960,-668.0
1818,chr19,4985000,4992000,ESC_enriched,7,0.9961926329599908,promoter,Npas4,NM_153553,-,Npas4,-1471.0
1819,chr19,5068000,5070000,ESC_enriched,2,0.9972226542900774,promoter,Cd248,NM_054042,+,Cd248,923.0
1820,chr19,5306000,5309000,ESC_enriched,3,0.983633277000426,promoter,Gm42064,NR_166897,-,Gm42064,397.0
1821,chr19,5445000,5451000,ESC_enriched,6,0.9897623675824564,promoter,Fosl1,NM_010235,+,Fosl1,303.0
1822,chr19,5741000,5747000,ESC_enriched,6,0.9886466851721156,promoter,Ltbp3,NM_008520,+,Ltbp3,3101.0
1823,chr19,5750000,5752000,ESC_enriched,2,0.9993388519791606,gene_body,Ltbp3,NM_008520,+,Ltbp3,10101.0
1824,chr19,5755000,5759000,ESC_enriched,4,0.9871096408668104,gene_body,Scyl1,NM_001361922,-,Scyl1,-14419.0
1825,chr19,6183000,6185000,ESC_enriched,2,0.9919602262892768,promoter,Majin,NM_001377075,+,Majin,-344.0
1826,chr19,6419000,6422000,ESC_enriched,3,0.9993960214518376,promoter,Nrxn2,NM_001205235,+,Nrxn2,1745.0
1827,chr19,6427000,6429000,ESC_enriched,2,0.9963577043558272,gene_body,Nrxn2,NM_001205235,+,Nrxn2,9245.0
1828,chr19,6486000,6489000,ESC_enriched,3,0.9821257111789886,gene_body,Nrxn2,NM_001205235,+,Slc22a12,-55570.0
1829,chr19,6490000,6507000,ESC_enriched,17,0.9966527851524,gene_body,Nrxn2,NM_001205235,+,Slc22a12,-44570.0
1830,chr19,6531000,6538000,ESC_enriched,7,0.9949105805955366,gene_body,Slc22a12,NM_009203,-,Slc22a12,-8570.0
1831,chr19,6896000,6899000,ESC_enriched,3,0.9992868241963788,promoter,Mir5046,NR_039555,-,Mir5046,512.0
1832,chr19,6905000,6921000,ESC_enriched,16,0.985115631411269,promoter,Rps6ka4,NM_019924,-,Rps6ka4,5329.0
1833,chr19,6991000,6996000,ESC_enriched,5,0.9948396745940492,promoter,Catsperz,NM_001039494,-,Catsperz,1076.0
1834,chr19,7000000,7002000,ESC_enriched,2,0.9998590272985316,promoter,Kcnk4,NM_008431,-,Kcnk4,-559.0
1835,chr19,7488000,7491000,ESC_enriched,3,0.9883863283435682,promoter,Mir6991,NR_105957,+,Mir6991,-116.0
1836,chr19,8728000,8734000,ESC_enriched,6,0.980955618803936,promoter,Chrm1,NM_007698,+,Chrm1,-49.0
1837,chr19,10102000,10114000,ESC_enriched,12,0.9901702540030256,promoter,Fads3,NM_021890,+,Fads3,-592.0
1838,chr19,10328000,10330000,ESC_enriched,2,0.9587877716967304,gene_body,Dagla,NM_198114,-,Myrf,21207.0
1839,chr19,10368000,10375000,ESC_enriched,7,0.9912115655582994,promoter,Dagla,NM_198114,-,Dagla,-422.0
1840,chr19,10450000,10459000,ESC_enriched,9,0.9901231755425132,promoter,Syt7,NM_001373944,+,Syt7,-1567.0
1841,chr19,10488000,10492000,ESC_enriched,4,0.9927155152649864,gene_body,Syt7,NM_001373944,+,Syt7,33933.0
1842,chr19,10499000,10502000,ESC_enriched,3,0.9964311358284784,gene_body,Syt7,NM_001373944,+,Lrrc10b,-23992.0
1843,chr19,10508000,10512000,ESC_enriched,4,0.9709292866052408,gene_body,Syt7,NM_001373944,+,Lrrc10b,-14492.0
1844,chr19,10520000,10522000,ESC_enriched,2,0.9918997909468088,intergenic,,,,Lrrc10b,-3492.0
1845,chr19,10541000,10546000,ESC_enriched,5,0.9909903964994656,gene_body,Ppp1r32,NM_133689,-,Ppp1r32,-6473.0
1846,chr19,10700000,10703000,ESC_enriched,3,0.9916522439912516,promoter,Vwce,NM_027913,+,Vwce,223.0
1847,chr19,11005000,11009000,ESC_enriched,4,0.9961995024901124,promoter,Ptgdr2,NM_009962,+,Ptgdr2,2796.0
1848,chr19,11700000,11704000,NPC_enriched,4,0.9636670719894558,gene_body,Ms4a3,NM_133246,-,Ms4a3,-5896.0
1849,chr19,12567000,12568000,ESC_enriched,1,0.9513703598354708,gene_body,Dtx4,NM_172442,-,Dtx4,-1541.0
1850,chr19,12597000,12601000,NPC_enriched,4,0.987589196743248,intergenic,,,,Dtx4,29959.0
1851,chr19,12741000,12744000,NPC_enriched,3,0.9583108724715091,promoter,Olfr1442,NM_146697,+,Olfr1442,1303.0
1852,chr19,12776000,12779000,NPC_enriched,3,0.9736264723389708,gene_body,Keg1,NM_029550,+,Keg1,14692.0
1853,chr19,12796000,12798000,NPC_enriched,2,0.9754450788120944,intergenic,,,,Keg1,34192.0
1854,chr19,16502000,16505000,ESC_enriched,3,0.9850757362722988,promoter,Gna14,NM_008137,+,Gna14,815.0
1855,chr19,17902000,17905000,ESC_enriched,3,0.9922505893469448,promoter,Pcsk5,NM_001190483,-,Pcsk5,-1151.0
1856,chr19,17927000,17932000,NPC_enriched,5,0.9840119615595582,intergenic,,,,Pcsk5,24849.0
1857,chr19,18815000,18817000,ESC_enriched,2,0.9973542920847598,promoter,Trpm6,NM_153417,+,Trpm6,-748.0
1858,chr19,19175000,19179000,ESC_enriched,4,0.9960691136317654,promoter,Rorb,NM_001043354,-,Rorb,-1219.0
1859,chr19,21539000,21540000,ESC_enriched,1,0.9651012770923508,promoter,Gda,NM_010266,-,Gda,-258.0
1860,chr19,22764000,22773000,NPC_enriched,9,0.985700284350404,gene_body,Trpm3,NM_001035239,+,Mir204,-49201.0
1861,chr19,23826000,23827000,ESC_enriched,1,0.9999069871190972,promoter,Apba1,NM_177034,+,Apba1,528.0
1862,chr19,23958000,23962000,ESC_enriched,4,0.9970888266835946,gene_body,Apba1,NM_177034,+,Apba1,134028.0
1863,chr19,24097000,24098000,ESC_enriched,1,0.9793725312854707,promoter,Fam189a2,NM_001114174,-,Fam189a2,-616.0
1864,chr19,24143000,24144000,ESC_enriched,1,0.9501892073388192,intergenic,,,,Fam189a2,45384.0
1865,chr19,24928000,24931000,ESC_enriched,3,0.9982350910679118,promoter,Pgm5,NM_175013,-,Pgm5,561.0
1866,chr19,26169000,26171000,NPC_enriched,2,0.963416742157008,intergenic,,,,1700048O14Rik,56456.0
1867,chr19,26671000,26675000,ESC_enriched,4,0.9983458681108136,promoter,Smarca2,NM_011416,+,Smarca2,744.0
1868,chr19,27284000,27286000,ESC_enriched,2,0.9950404350536024,promoter,Vldlr,NM_001161420,+,Vldlr,884.0
1869,chr19,28728000,28730000,ESC_enriched,2,0.9781342021228954,gene_body,Glis3,NM_175459,-,D930032P07Rik,-15220.0
1870,chr19,28744000,28746000,ESC_enriched,2,0.9917044843929864,promoter,D930032P07Rik,NR_045330,+,D930032P07Rik,780.0
1871,chr19,28899000,28903000,ESC_enriched,4,0.9904994966380338,promoter,Slc1a1,NM_009199,+,Slc1a1,-131.0
1872,chr19,30091000,30097000,ESC_enriched,6,0.9994592046546158,promoter,Uhrf2,NM_144873,+,Uhrf2,-2509.0
1873,chr19,30614000,30616000,ESC_enriched,2,0.9963233717706128,promoter,Dkk1,NM_010051,-,Dkk1,-493.0
1874,chr19,32453000,32454000,ESC_enriched,1,0.9999871541132608,intergenic,,,,2700046G09Rik,-1712.0
1875,chr19,32661000,32666000,ESC_enriched,5,0.9841261051427628,promoter,Papss2,NM_001201470,+,Papss2,1789.0
1876,chr19,36620000,36621000,ESC_enriched,1,0.9695204732636936,promoter,Hectd2,NM_172637,+,Hectd2,718.0
1877,chr19,37238000,37241000,ESC_enriched,3,0.9926224624204392,promoter,A330032B11Rik,NR_045329,+,A330032B11Rik,514.0
1878,chr19,37298000,37303000,ESC_enriched,5,0.9925820676466,intergenic,,,,Marchf5,27812.0
1879,chr19,37751000,37764000,ESC_enriched,13,0.9990463582472568,promoter,Cyp26a1,NM_007811,+,Cyp26a1,-5451.0
1880,chr19,37946000,37949000,ESC_enriched,3,0.9891560131740142,intergenic,,,,Myof,-161221.0
1881,chr19,38545000,38548000,ESC_enriched,3,0.965469074261755,intergenic,,,,Gm46666,22775.0
1882,chr19,40801000,40803000,ESC_enriched,2,0.9628396478187262,promoter,Cc2d2b,NM_001376940,+,Cc2d2b,-127.0
1883,chr19,41258000,41261000,ESC_enriched,3,0.9997977951124136,promoter,Tll2,NM_011904,-,Tll2,-585.0
1884,chr19,41438000,41441000,ESC_enriched,3,0.9930009094298602,promoter,Pik3ap1,NM_031376,-,Pik3ap1,1087.0
1885,chr19,41795000,41799000,ESC_enriched,4,0.9845946907687166,promoter,Slit1,NM_015748,-,Slit1,-167.0
1886,chr19,41884000,41889000,ESC_enriched,5,0.9854266769999844,promoter,Frat1,NM_008043,+,Frat1,3220.0
1887,chr19,42093000,42100000,ESC_enriched,7,0.986897775871254,promoter,Hoga1,NM_026152,+,Hoga1,-2680.0
1888,chr19,42252000,42258000,ESC_enriched,6,0.9987939072022148,promoter,Sfrp5,NM_018780,-,Sfrp5,-563.0
1889,chr19,42321000,42325000,ESC_enriched,4,0.9885670220903408,gene_body,Golga7b,NM_027694,+,Mir3085,-10481.0
1890,chr19,43447000,43453000,NPC_enriched,6,0.9786806593660744,intergenic,,,,Hpse2,8334.0
1891,chr19,44562000,44572000,ESC_enriched,10,0.9903270234283944,gene_body,Wnt8b,NM_011720,+,Wnt8b,20218.0
1892,chr19,45078000,45083000,ESC_enriched,5,0.9995490042033144,gene_body,Lzts2,NM_001130526,+,Lzts2,9055.0
1893,chr19,45090000,45096000,ESC_enriched,6,0.9921083409760616,gene_body,Pdzd7,NM_001195265,-,Pdzd7,-6083.0
1894,chr19,45100000,45104000,ESC_enriched,4,0.9821686996061888,promoter,Sfxn3,NM_001362381,+,Sfxn3,1114.0
1895,chr19,45118000,45122000,ESC_enriched,4,0.984571899116353,intergenic,,,,Kazald1,-8551.0
1896,chr19,45129000,45135000,ESC_enriched,6,0.9999139306730344,promoter,Kazald1,NM_001362398,+,Kazald1,3449.0
1897,chr19,45205000,45214000,ESC_enriched,9,0.999258027534258,promoter,Tlx1,NM_021901,+,Tlx1,5475.0
1898,chr19,45277000,45295000,ESC_enriched,18,0.9884815499575764,promoter,Lbx1,NM_010691,-,Lbx1,-4152.0
1899,chr19,45354000,45360000,ESC_enriched,6,0.9875903983445056,promoter,Gm29595,NR_167743,-,Gm29595,352.0
1900,chr19,45594000,45595000,ESC_enriched,1,0.9969313530542973,intergenic,,,,Poll,-19375.0
1901,chr19,45729000,45731000,ESC_enriched,2,0.993673748836592,intergenic,,,,Fbxw4,16496.0
1902,chr19,45781000,45800000,ESC_enriched,19,0.9967971946279246,promoter,Fgf8,NM_001379140,-,Fgf8,-5705.0
1903,chr19,46184000,46202000,ESC_enriched,18,0.9984642441050228,promoter,Elovl3,NM_007703,+,Elovl3,7791.0
1904,chr19,46368000,46380000,ESC_enriched,12,0.9953318103759906,promoter,Psd,NM_028627,-,Psd,-6467.0
1905,chr19,47305000,47308000,ESC_enriched,3,0.99836101752381,gene_body,Neurl1a,NM_021360,+,Mir6995,-20400.0
1906,chr19,47395000,47399000,ESC_enriched,4,0.985297874024894,gene_body,Sh3pxd2a,NM_001164717,-,Mir6995,70100.0
1907,chr19,50730000,50732000,ESC_enriched,2,0.976710759363558,promoter,Gm26629,NR_166832,+,Gm26629,285.0
1908,chr19,53192000,53195000,ESC_enriched,3,0.9947195265046552,intergenic,,,,Add3,-3808.0
1909,chr19,53312000,53313000,ESC_enriched,1,0.96769857036089,intergenic,,,,1700001K23Rik,3983.0
1910,chr19,53729000,53732000,ESC_enriched,3,0.9944796899508996,promoter,Rbm20,NM_001170847,+,Rbm20,-117.0
1911,chr19,54097000,54102000,ESC_enriched,5,0.9955330184539634,promoter,Adra2a,NM_007417,+,Adra2a,930.0
1912,chr19,54890000,54894000,NPC_enriched,4,0.9848022116353472,intergenic,,,,Gpam,-288488.0
1913,chr19,55639000,55641000,ESC_enriched,2,0.961543615644004,gene_body,Vti1a,NM_016862,+,4930552P12Rik,-115454.0
1914,chr19,55700000,55703000,ESC_enriched,3,0.9633228978318628,gene_body,4930552P12Rik,NR_045318,-,4930552P12Rik,-53954.0
1915,chr19,56449000,56452000,ESC_enriched,3,0.9827703779425172,promoter,Casp7,NM_007611,+,Casp7,122.0
1916,chr19,56773000,56779000,ESC_enriched,6,0.9932833315885934,promoter,Adrb1,NM_007419,+,Adrb1,634.0
1917,chr19,56879000,56881000,ESC_enriched,2,0.9977944211863,promoter,Tdrd1,NM_001002240,+,Tdrd1,476.0
1918,chr19,56924000,56927000,ESC_enriched,3,0.9760011574030636,promoter,Vwa2,NM_172840,+,Vwa2,-2165.0
1919,chr19,57367000,57369000,ESC_enriched,2,0.9913536335821452,promoter,Ablim1,NM_001362445,-,Ablim1,-169.0
1920,chr19,57576000,57582000,ESC_enriched,6,0.9933938845414226,intergenic,,,,6720468P15Rik,16685.0
1921,chr19,58506000,58510000,ESC_enriched,4,0.9999740389122636,promoter,Gfra1,NM_010279,-,Gfra1,-648.0
1922,chr19,59003000,59005000,ESC_enriched,2,0.9759107080158672,gene_body,Eno4,NM_178689,+,Hspa12a,7078.0
1923,chr19,59127000,59132000,ESC_enriched,5,0.985886864124297,promoter,Shtn1,NM_001114312,-,Shtn1,181.0
1924,chr19,59216000,59228000,ESC_enriched,12,0.9989503170498062,promoter,Vax1,NM_009501,-,Vax1,-1647.0
1925,chr19,59246000,59250000,ESC_enriched,4,0.9972784233132512,intergenic,,,,4930442E04Rik,22970.0
1926,chr19,59313000,59315000,ESC_enriched,2,0.9990216570307088,promoter,Slc18a2,NM_172523,+,Slc18a2,-127.0
1927,chr19,59503000,59526000,ESC_enriched,23,0.9984035628622524,promoter,Emx2,NM_010132,+,Emx2,2561.0
1928,chr19,60521000,60524000,ESC_enriched,3,0.9840599083558792,promoter,Prlhr,NM_201615,-,Prlhr,-467.0
1929,chr2,4317000,4320000,ESC_enriched,3,0.9963055978344116,gene_body,Frmd4a,NM_001347086,+,Prpf18,-250907.0
1930,chr2,6017000,6021000,ESC_enriched,4,0.986099779959127,gene_body,Proser2,NM_144883,-,Proser2,-28457.0
1931,chr2,8651000,8669000,NPC_enriched,18,0.9986348220355152,intergenic,,,,Gm30957,-204788.0
1932,chr2,8676000,8680000,NPC_enriched,4,0.9956222412462676,intergenic,,,,Gm30957,-186788.0
1933,chr2,8863000,8869000,NPC_enriched,6,0.9977815689140318,promoter,Gm30957,NR_168337,+,Gm30957,1212.0
1934,chr2,8880000,8888000,NPC_enriched,8,0.9916851420175676,gene_body,Gm30957,NR_168337,+,Gm30957,19212.0
1935,chr2,9788000,9816000,ESC_enriched,28,0.9986975124678388,promoter,4930412O13Rik,NR_024257,+,4930412O13Rik,2902.0
1936,chr2,10149000,10151000,ESC_enriched,2,0.9747761502054956,gene_body,Itih5,NM_172471,+,Itih5,78605.0
1937,chr2,10291000,10296000,ESC_enriched,5,0.9896344306091712,promoter,Sfmbt2,NM_001369078,+,Sfmbt2,3212.0
1938,chr2,11420000,11423000,ESC_enriched,3,0.9896203978652676,gene_body,Pfkfb3,NM_001177758,-,Pfkfb3,-50282.0
1939,chr2,11467000,11473000,ESC_enriched,6,0.9906145548869504,promoter,Pfkfb3,NM_001177758,-,Pfkfb3,-1782.0
1940,chr2,11623000,11627000,ESC_enriched,4,0.9992022072059368,promoter,Il15ra,NM_001271499,+,Il15ra,1436.0
1941,chr2,12927000,12930000,ESC_enriched,3,0.9975398004733886,promoter,C1ql3,NM_153155,-,C1ql3,-217.0
1942,chr2,13492000,13493000,ESC_enriched,1,0.9779512900822802,promoter,Vim,NM_011701,+,Vim,337.0
1943,chr2,14521000,14525000,ESC_enriched,4,0.9998267512657104,promoter,Cacnb2,NM_023116,+,Cacnb2,941.0
1944,chr2,17943000,17946000,ESC_enriched,3,0.9926857634257672,promoter,Gm17762,NR_028378,+,Gm17762,-502.0
1945,chr2,17948000,17952000,ESC_enriched,4,0.9893828251649142,gene_body,Gm17762,NR_028378,+,Gm17762,4998.0
1946,chr2,17954000,17968000,ESC_enriched,14,0.998474645663751,promoter,Skida1,NM_028317,-,Skida1,-5203.0
1947,chr2,18522000,18528000,ESC_enriched,6,0.9942379270528467,intergenic,,,,Commd3,-65188.0
1948,chr2,18589000,18594000,ESC_enriched,5,0.9934828314199576,promoter,Commd3,NM_147778,+,Commd3,1312.0
1949,chr2,18597000,18602000,ESC_enriched,5,0.9890674137503676,gene_body,Bmi1,NM_007552,+,Bmi1,4729.0
1950,chr2,18605000,18619000,ESC_enriched,14,0.998636857923104,promoter,Spag6,NM_001001334,+,Spag6,-4775.0
1951,chr2,18717000,18720000,ESC_enriched,3,0.9999339648355192,promoter,Carlr,NR_131254,-,Carlr,-1072.0
1952,chr2,18914000,18916000,ESC_enriched,2,0.9938978017722904,promoter,Pip4k2a,NM_001355147,-,Pip4k2a,-875.0
1953,chr2,21059000,21062000,ESC_enriched,3,0.9849669696578864,intergenic,,,,Enkur,-62619.0
1954,chr2,21286000,21290000,ESC_enriched,4,0.984221813691318,promoter,Gpr158,NM_001004761,+,Gpr158,2680.0
1955,chr2,22469000,22477000,ESC_enriched,8,0.9904919040043336,promoter,Gad2,NM_008078,+,Gad2,-973.0
1956,chr2,22625000,22627000,ESC_enriched,2,0.9999432879401378,promoter,Apbb1ip,NM_019456,+,Apbb1ip,27.0
1957,chr2,24226000,24228000,ESC_enriched,2,0.9598020137123936,gene_body,Psd4,NM_177611,+,Psd4,19660.0
1958,chr2,24295000,24303000,ESC_enriched,8,0.9962751252149096,promoter,Pax8,NM_011040,-,Pax8,1392.0
1959,chr2,24427000,24432000,ESC_enriched,5,0.9880386259550858,gene_body,Cacna1b,NM_007579,-,Pax8,131892.0
1960,chr2,24478000,24484000,ESC_enriched,6,0.9861281067067056,gene_body,Cacna1b,NM_007579,-,Cacna1b,-104161.0
1961,chr2,24500000,24506000,ESC_enriched,6,0.98895667646081,gene_body,Cacna1b,NM_007579,-,Cacna1b,-82161.0
1962,chr2,24582000,24588000,ESC_enriched,6,0.9931257136269784,promoter,Cacna1b,NM_007579,-,Cacna1b,-161.0
1963,chr2,24877000,24885000,ESC_enriched,8,0.9969044380810884,promoter,Mir7664,NR_106124,+,Mir7664,-819.0
1964,chr2,25246000,25249000,ESC_enriched,3,0.9905227665520006,promoter,Fut7,NM_001177366,+,Fut7,1798.0
1965,chr2,25398000,25402000,ESC_enriched,4,0.9947179450662728,promoter,Ajm1,NM_001005424,-,Ajm1,-2108.0
1966,chr2,25432000,25441000,ESC_enriched,9,0.9911399360114572,promoter,Ccdc183,NM_029859,-,Ccdc183,-3187.0
1967,chr2,25685000,25689000,ESC_enriched,4,0.988809472624906,promoter,Kcnt1,NM_001145403,+,Kcnt1,1197.0
1968,chr2,25699000,25702000,ESC_enriched,3,0.9940871334249476,gene_body,Kcnt1,NM_001145403,+,Kcnt1,14697.0
1969,chr2,25913000,25916000,ESC_enriched,3,0.9760212940921196,promoter,Nacc2,NM_001037098,-,Nacc2,95.0
1970,chr2,25943000,25945000,ESC_enriched,2,0.9992695546446532,intergenic,,,,Tmem250-ps,-18515.0
1971,chr2,26138000,26142000,ESC_enriched,4,0.980288490503426,promoter,Gpsm1,NM_001199146,+,Gpsm1,2459.0
1972,chr2,27498000,27501000,ESC_enriched,3,0.9912992940015838,promoter,Rxra,NM_011305,+,Rxra,291.0
1973,chr2,28268000,28271000,ESC_enriched,3,0.9852764084432114,promoter,Ppp1r26,NM_001005420,+,Ppp1r26,646.0
1974,chr2,28730000,28742000,ESC_enriched,12,0.9991987164504694,promoter,Barhl1,NM_001355434,-,Barhl1,-2677.0
1975,chr2,29017000,29019000,ESC_enriched,2,0.9869052651144984,gene_body,Ntng2,NM_133501,-,Ntng2,-52108.0
1976,chr2,29071000,29082000,ESC_enriched,11,0.9956011455587418,promoter,6530402F18Rik,NR_029460,-,6530402F18Rik,1498.0
1977,chr2,29665000,29671000,ESC_enriched,6,0.9932222560531876,promoter,Mir219a-2,NR_029838,-,Mir219a-2,264.0
1978,chr2,30427000,30431000,ESC_enriched,4,0.9963924819937308,gene_body,Cstad,NM_030137,+,Cstad,11948.0
1979,chr2,30437000,30440000,ESC_enriched,3,0.985987013907223,intergenic,,,,Cstad,21448.0
1980,chr2,30498000,30501000,ESC_enriched,3,0.9969866548434206,promoter,Gm14486,NR_136917,-,Gm14486,-520.0
1981,chr2,30547000,30549000,ESC_enriched,2,0.966890560338385,intergenic,,,,Mir3089,4782.0
1982,chr2,30592000,30594000,ESC_enriched,2,0.9946463647865738,intergenic,,,,1700001O22Rik,-30746.0
1983,chr2,30622000,30624000,ESC_enriched,2,0.993711877368718,promoter,1700001O22Rik,NM_198000,-,1700001O22Rik,-746.0
1984,chr2,31065000,31070000,ESC_enriched,5,0.989271875742542,promoter,Ncs1,NM_019681,+,Ncs1,-431.0
1985,chr2,31267000,31270000,NPC_enriched,3,0.9705139295481228,gene_body,Hmcn2,NM_001370902,+,Ass1,-23778.0
1986,chr2,31709000,31711000,ESC_enriched,2,0.9927942646869544,promoter,Lamc3,NM_011836,+,Lamc3,711.0
1987,chr2,31746000,31748000,ESC_enriched,2,0.9597241740221688,gene_body,Lamc3,NM_011836,+,Aif1l,-25311.0
1988,chr2,31760000,31761000,ESC_enriched,1,0.9619423351150648,gene_body,Lamc3,NM_011836,+,Aif1l,-11811.0
1989,chr2,31772000,31775000,ESC_enriched,3,0.976444626439447,promoter,Aif1l,NM_145144,+,Aif1l,1189.0
1990,chr2,31910000,31911000,ESC_enriched,1,0.9541348380259332,intergenic,,,,Fam78a,4786.0
1991,chr2,33365000,33369000,ESC_enriched,4,0.9947712775269388,intergenic,,,,Zbtb43,76459.0
1992,chr2,33382000,33473000,ESC_enriched,91,0.9992211266557338,promoter,Lmx1b,NM_010725,-,Lmx1b,-35607.0
1993,chr2,33788000,33790000,ESC_enriched,2,0.9888702083572558,intergenic,,,,Gm13403,24860.0
1994,chr2,34393000,34396000,ESC_enriched,3,0.9882625024316974,gene_body,Mapkap1,NM_177345,+,Mapkap1,165641.0
1995,chr2,35077000,35080000,ESC_enriched,3,0.9964093640816948,intergenic,,,,Gsn,-25888.0
1996,chr2,35103000,35105000,ESC_enriched,2,0.9983036960136435,promoter,Gsn,NM_146120,+,Gsn,-388.0
1997,chr2,35373000,35380000,ESC_enriched,7,0.9887940690341918,promoter,Dab2ip,NM_001114125,+,Dab2ip,-3966.0
1998,chr2,35403000,35414000,ESC_enriched,11,0.9943988373609698,gene_body,Dab2ip,NM_001114125,+,Gm13446,27789.0
1999,chr2,35575000,35582000,ESC_enriched,7,0.980641521987534,gene_body,Ttll11,NM_029774,-,9030204H09Rik,-62698.0
2000,chr2,35702000,35703000,ESC_enriched,1,0.9828359458370678,gene_body,Ttll11,NM_029774,-,Gm35396,-3154.0
2001,chr2,35716000,35722000,ESC_enriched,6,0.9868953934901676,gene_body,Gm35396,NR_168304,+,Gm35396,13346.0
2002,chr2,35833000,35836000,ESC_enriched,3,0.989682725147754,intergenic,,,,Ttll11,32671.0
2003,chr2,35923000,35925000,ESC_enriched,2,0.9979317979701616,gene_body,Lhx6,NM_001083125,-,Lhx6,-3417.0
2004,chr2,36017000,36035000,ESC_enriched,18,0.9950096063512848,intergenic,,,,Gm46735,12046.0
2005,chr2,37599000,37601000,ESC_enriched,2,0.97813576891577,promoter,Crb2,NM_001163566,+,Crb2,1743.0
2006,chr2,37605000,37620000,ESC_enriched,15,0.994280147137573,gene_body,Crb2,NM_001163566,+,Crb2,14243.0
2007,chr2,38157000,38163000,ESC_enriched,6,0.9860299160669164,intergenic,,,,Lhx2,-13316.0
2008,chr2,38169000,38187000,ESC_enriched,18,0.999078387936183,promoter,Lhx2,NM_010710,+,Lhx2,4684.0
2009,chr2,38189000,38202000,ESC_enriched,13,0.9930683918727976,gene_body,Lhx2,NM_010710,+,Lhx2,22184.0
2010,chr2,38480000,38481000,ESC_enriched,1,0.9738725124583316,intergenic,,,,Psmb7,14585.0
2011,chr2,38514000,38538000,ESC_enriched,24,0.997082253593106,promoter,Nr5a1,NM_001316687,-,Nr5a1,-8243.0
2012,chr2,42474000,42476000,ESC_enriched,2,0.9999840787512662,promoter,Lrp1b,NM_053011,-,Lrp1b,-607.0
2013,chr2,44356000,44359000,ESC_enriched,3,0.9793797221184398,intergenic,,,,Gtdc1,-392226.0
2014,chr2,44378000,44383000,ESC_enriched,5,0.9936645948862236,intergenic,,,,Gtdc1,-369226.0
2015,chr2,44810000,44812000,ESC_enriched,2,0.9878273170361044,gene_body,Zeb2,NM_001355291,-,Mir5129,-34186.0
2016,chr2,44927000,44939000,ESC_enriched,12,0.9968020025455142,promoter,Zeb2os,NR_110572,+,Zeb2os,-146.0
2017,chr2,49394000,49398000,NPC_enriched,4,0.9851439172373764,intergenic,,,,Kif5c,-45294.0
2018,chr2,49451000,49457000,NPC_enriched,6,0.9807961648906782,gene_body,Kif5c,NM_008449,+,Kif5c,12706.0
2019,chr2,49459000,49485000,NPC_enriched,26,0.9979312678423604,gene_body,Kif5c,NM_008449,+,Kif5c,30706.0
2020,chr2,49608000,49612000,ESC_enriched,4,0.98999019974304,promoter,Lypd6b,NM_001379387,+,Lypd6b,309.0
2021,chr2,50086000,50087000,ESC_enriched,1,0.9553638617812042,intergenic,,,,Mmadhc,-32310.0
2022,chr2,51756000,51758000,ESC_enriched,2,0.999323138808171,promoter,Rbm43,NM_001355608,-,Rbm43,-172.0
2023,chr2,51794000,51795000,ESC_enriched,1,0.9594734370147014,promoter,Nmi,NM_001141948,-,Nmi,-717.0
2024,chr2,52188000,52190000,ESC_enriched,2,0.9788503303675072,intergenic,,,,Gm13522,-11602.0
2025,chr2,52496000,52501000,ESC_enriched,5,0.9805993456746755,promoter,Cacnb4,NM_001037099,-,Cacnb4,-118.0
2026,chr2,53900000,53901000,ESC_enriched,1,0.9951547759425212,promoter,Rprm,NM_023396,-,Rprm,-438.0
2027,chr2,54049000,54052000,NPC_enriched,3,0.9922851682116004,intergenic,,,,Rprm,149562.0
2028,chr2,55250000,55254000,ESC_enriched,4,0.9995605471349844,promoter,Kcnj3,NM_001355118,+,Kcnj3,645.0
2029,chr2,56915000,56933000,ESC_enriched,18,0.9980286849054564,gene_body,Nr4a2,NM_001139509,-,Nr4a2,-15389.0
2030,chr2,58172000,58175000,ESC_enriched,3,0.9864193912199432,promoter,Acvr1c,NM_001111030,-,Acvr1c,356.0
2031,chr2,60083000,60087000,ESC_enriched,4,0.98785885614967,promoter,Cd302,NM_025422,-,Cd302,-323.0
2032,chr2,61456000,61459000,ESC_enriched,3,0.9932495780697592,intergenic,,,,Psmd14,-55032.0
2033,chr2,61460000,61461000,ESC_enriched,1,0.9523396643100756,intergenic,,,,Psmd14,-52032.0
2034,chr2,61604000,61617000,ESC_enriched,13,0.9998332547184569,promoter,Tbr1,NM_009322,+,Tbr1,5209.0
2035,chr2,62212000,62214000,ESC_enriched,2,0.9896404783286888,promoter,Dpp4,NM_010074,-,Dpp4,-70.0
2036,chr2,64821000,64824000,ESC_enriched,3,0.9907853842343436,promoter,Grb14,NM_016719,-,Grb14,-1105.0
2037,chr2,65038000,65041000,ESC_enriched,3,0.9956279873480948,promoter,Cobll1,NM_001363077,-,Cobll1,-130.0
2038,chr2,68269000,68274000,ESC_enriched,5,0.9809917309767656,promoter,Stk39,NM_016866,-,Stk39,-1320.0
2039,chr2,68882000,68894000,NPC_enriched,12,0.9906841451735628,gene_body,Cers6,NM_172856,+,Nostrin,-48638.0
2040,chr2,70272000,70279000,ESC_enriched,7,0.9999788647876172,promoter,Sp5,NM_022435,+,Sp5,-261.0
2041,chr2,70291000,70292000,ESC_enriched,1,0.9936783910529592,gene_body,Gad1os,NR_040496,-,Sp5,15739.0
2042,chr2,70364000,70375000,ESC_enriched,11,0.996814346627606,promoter,Gad1os,NR_040496,-,Gad1os,5304.0
2043,chr2,70918000,70922000,ESC_enriched,4,0.9950398214590346,promoter,Cybrd1,NM_028593,+,Cybrd1,1108.0
2044,chr2,71324000,71355000,ESC_enriched,31,0.9956070174679904,promoter,Dlx1as,NR_002854,-,Dlx1as,770.0
2045,chr2,71780000,71783000,ESC_enriched,3,0.988868652917534,promoter,Rapgef4,NM_019688,+,Rapgef4,-553.0
2046,chr2,72300000,72302000,ESC_enriched,2,0.9970945546567362,intergenic,,,,Cdca7,23943.0
2047,chr2,73064000,73083000,ESC_enriched,19,0.9996596761022326,promoter,Sp9,NM_001005343,+,Sp9,736.0
2048,chr2,73396000,73398000,ESC_enriched,2,0.9915091131630204,promoter,Chn1os3,NR_040623,+,Chn1os3,-364.0
2049,chr2,74229000,74233000,NPC_enriched,4,0.9737528123636816,intergenic,,,,4930441J16Rik,122444.0
2050,chr2,74475000,74477000,ESC_enriched,2,0.9991500871344814,promoter,Hoxd12,NM_008274,+,Hoxd12,149.0
2051,chr2,74497000,74507000,ESC_enriched,10,0.9912608012673232,promoter,Hoxd9,NM_013555,+,Hoxd9,3399.0
2052,chr2,74514000,74520000,ESC_enriched,6,0.9811976869807296,promoter,Hoxd3os1,NR_027899,-,Hoxd3os1,31.0
2053,chr2,74521000,74557000,ESC_enriched,36,0.9955619177785514,promoter,Mir10b,NR_029566,+,Mir10b,12092.0
2054,chr2,76138000,76141000,ESC_enriched,3,0.9978060172245856,promoter,Pde11a,NM_001081033,-,Pde11a,-277.0
2055,chr2,76206000,76209000,ESC_enriched,3,0.9801993504655464,promoter,Osbpl6,NM_001290734,+,Osbpl6,154.0
2056,chr2,79056000,79058000,ESC_enriched,2,0.9954096329496488,promoter,Itga4,NM_010576,+,Itga4,736.0
2057,chr2,79256000,79262000,ESC_enriched,6,0.9982990232233954,promoter,Neurod1,NM_010894,-,Neurod1,1525.0
2058,chr2,80246000,80249000,ESC_enriched,3,0.998906543988405,promoter,Frzb,NM_011356,-,Frzb,-735.0
2059,chr2,83613000,83614000,ESC_enriched,1,0.9591677208699956,promoter,Fam171b,NM_175514,+,Fam171b,50.0
2060,chr2,84635000,84643000,ESC_enriched,8,0.9909926237501424,promoter,Slc43a1,NM_001081349,+,Slc43a1,-1246.0
2061,chr2,84667000,84690000,ESC_enriched,23,0.9952995667651214,promoter,Rtn4rl2,NM_199223,-,Rtn4rl2,-9031.0
2062,chr2,90378000,90381000,ESC_enriched,3,0.9919034962352464,promoter,Ptprj,NM_008982,-,Ptprj,-1934.0
2063,chr2,90684000,90687000,ESC_enriched,3,0.9623918934462172,promoter,C1qtnf4,NM_026161,+,C1qtnf4,-1124.0
2064,chr2,90689000,90693000,ESC_enriched,4,0.9991355989359798,gene_body,C1qtnf4,NM_026161,+,C1qtnf4,4376.0
2065,chr2,90879000,90889000,ESC_enriched,10,0.9924033054494856,intergenic,,,,Gm39874,12811.0
2066,chr2,90897000,90899000,ESC_enriched,2,0.9860859543018928,promoter,Spi1,NM_011355,+,Spi1,484.0
2067,chr2,90932000,90935000,ESC_enriched,3,0.980352752254072,gene_body,Mybpc3,NM_008653,+,Mybpc3,14518.0
2068,chr2,90991000,90995000,ESC_enriched,4,0.9887001722340516,promoter,Nr1h3,NM_001355279,-,Nr1h3,-2955.0
2069,chr2,91055000,91058000,ESC_enriched,3,0.9837565129113376,promoter,Pacsin3,NM_030880,+,Pacsin3,-1151.0
2070,chr2,91259000,91261000,ESC_enriched,2,0.9755784063906352,promoter,Lrp4,NM_172668,+,Lrp4,1631.0
2071,chr2,91721000,91730000,ESC_enriched,9,0.9989573708393936,promoter,Chrm4,NM_007699,+,Chrm4,2473.0
2072,chr2,91775000,91778000,ESC_enriched,3,0.9958107109087928,intergenic,,,,Dgkz,12098.0
2073,chr2,91855000,91857000,ESC_enriched,2,0.9601758583467608,intergenic,,,,Creb3l1,30991.0
2074,chr2,91859000,91862000,ESC_enriched,3,0.986756718876736,intergenic,,,,Creb3l1,35491.0
2075,chr2,92260000,92262000,ESC_enriched,2,0.979882727114806,promoter,Slc35c1,NM_211358,-,Slc35c1,367.0
2076,chr2,92413000,92416000,ESC_enriched,3,0.9942435293855048,gene_body,Chst1,NM_001356553,+,Chst1,12545.0
2077,chr2,92775000,92778000,ESC_enriched,3,0.9966179906435344,gene_body,Prdm11,NM_001368849,-,4631405J19Rik,-53686.0
2078,chr2,93261000,93263000,ESC_enriched,2,0.976509989300526,promoter,Cd82,NM_001271461,-,Cd82,-690.0
2079,chr2,93439000,93451000,ESC_enriched,12,0.9971587699686574,promoter,Alx4,NM_007442,+,Alx4,1728.0
2080,chr2,93755000,93760000,ESC_enriched,5,0.9995657537706631,promoter,Gm13889,NM_001145034,-,Gm13889,-439.0
2081,chr2,94036000,94052000,ESC_enriched,16,0.9927797294393708,promoter,Mir129-2,NR_029752,-,Mir129-2,1708.0
2082,chr2,94065000,94068000,ESC_enriched,3,0.963251981834772,intergenic,,,,Mir670,4262.0
2083,chr2,94073000,94077000,ESC_enriched,4,0.9892723589067804,intergenic,,,,Mir670,12762.0
2084,chr2,99037000,99041000,NPC_enriched,4,0.9622232331263688,intergenic,,,,Lrrc4c,1770505.0
2085,chr2,100970000,100973000,NPC_enriched,3,0.992873548211478,intergenic,,,,Iftap,-450385.0
2086,chr2,100974000,100981000,NPC_enriched,7,0.9935651308107882,intergenic,,,,Iftap,-444385.0
2087,chr2,101596000,101599000,ESC_enriched,3,0.9988372309166657,gene_body,Prr5l,NM_001110849,-,Prr5l,-42319.0
2088,chr2,102250000,102252000,ESC_enriched,2,0.9986904762084804,promoter,Fjx1,NM_010218,-,Fjx1,-1631.0
2089,chr2,102458000,102462000,ESC_enriched,4,0.9917907247448414,promoter,Slc1a2,NM_001077514,+,Slc1a2,473.0
2090,chr2,102701000,102703000,ESC_enriched,2,0.9912284913279495,promoter,Cd44,NM_001039151,-,Cd44,-504.0
2091,chr2,103367000,103369000,ESC_enriched,2,0.9962152126531904,promoter,Abtb2,NM_178890,+,Abtb2,852.0
2092,chr2,103682000,103684000,ESC_enriched,2,0.9712200766008384,intergenic,,,,Lincred1,-18789.0
2093,chr2,103770000,103774000,ESC_enriched,4,0.9986271006802508,promoter,Lmo2,NM_001142335,+,Lmo2,875.0
2094,chr2,104482000,104483000,ESC_enriched,1,0.9802782363285908,gene_body,Tcp11l1,NM_177190,-,Gm6306,-28645.0
2095,chr2,104923000,104939000,ESC_enriched,16,0.998811485391216,promoter,Wt1,NM_144783,+,Wt1,3633.0
2096,chr2,105025000,105026000,ESC_enriched,1,0.9734636103465654,promoter,Them7,NM_028747,+,Them7,320.0
2097,chr2,105172000,105175000,ESC_enriched,3,0.9700170016320212,gene_body,Them7,NM_028747,+,Rcn1,-26658.0
2098,chr2,105457000,105491000,ESC_enriched,34,0.9979918651082178,promoter,Pax6os1,NR_002867,-,Pax6os1,2831.0
2099,chr2,106496000,106498000,ESC_enriched,2,0.982268792697758,gene_body,Mpped2,NM_001143683,+,Mpped2,2981.0
2100,chr2,109494000,109496000,ESC_enriched,2,0.996870252229876,gene_body,Bdnf,NM_007540,+,Bdnf,19462.0
2101,chr2,110894000,110897000,NPC_enriched,3,0.985310971655964,gene_body,A26c3,NM_001378593,-,A26c3,-134942.0
2102,chr2,110932000,110935000,NPC_enriched,3,0.985547383576204,gene_body,A26c3,NM_001378593,-,A26c3,-96942.0
2103,chr2,110945000,110948000,NPC_enriched,3,0.9873783982320704,gene_body,A26c3,NM_001378593,-,A26c3,-83942.0
2104,chr2,111033000,111036000,NPC_enriched,3,0.9966375368654838,promoter,Olfr1275,NM_001011795,-,Olfr1275,1870.0
2105,chr2,113017000,113019000,ESC_enriched,2,0.9811717345796932,promoter,Ryr3,NM_001319156,-,Ryr3,78.0
2106,chr2,115542000,115554000,ESC_enriched,12,0.9926492581572588,gene_body,Meis2,NM_010825,-,Meis2,-208499.0
2107,chr2,115748000,115750000,ESC_enriched,2,0.9753912121449154,gene_body,Meis2,NM_010825,-,Meis2,-7499.0
2108,chr2,115751000,115770000,ESC_enriched,19,0.998547020380415,promoter,G630016G05Rik,NR_153841,+,G630016G05Rik,1835.0
2109,chr2,116244000,116251000,ESC_enriched,7,0.9970364653905752,intergenic,,,,Tmco5,-322645.0
2110,chr2,117032000,117036000,ESC_enriched,4,0.998337538662176,promoter,Rasgrp1,NM_011246,-,Rasgrp1,-318.0
2111,chr2,118062000,118068000,ESC_enriched,6,0.9949654351002194,promoter,Gpr176,NM_201367,-,Gpr176,140.0
2112,chr2,118366000,118375000,ESC_enriched,9,0.9913849777889616,gene_body,Pak6,NM_001033254,+,Pak6,15483.0
2113,chr2,118387000,118412000,ESC_enriched,25,0.9973705008094432,promoter,Ankrd63,NM_001081971,-,Ankrd63,4096.0
2114,chr2,118414000,118418000,ESC_enriched,4,0.9741627808186336,gene_body,Plcb2,NM_177568,-,Plcb2,-3879.0
2115,chr2,118435000,118442000,ESC_enriched,7,0.997751497784538,promoter,Inafm2,NM_001301269,+,Inafm2,1302.0
2116,chr2,118448000,118455000,ESC_enriched,7,0.9942255313132328,promoter,Ccdc9b,NM_001001982,-,Ccdc9b,-2602.0
2117,chr2,118480000,118484000,ESC_enriched,4,0.9976422432392376,gene_body,Disp2,NM_170593,+,Disp2,10841.0
2118,chr2,118579000,118596000,ESC_enriched,17,0.9969615906470024,promoter,Bahd1,NM_001045523,+,Bahd1,-5555.0
2119,chr2,118607000,118608000,ESC_enriched,1,0.9811422558437634,gene_body,Bahd1,NM_001045523,+,Chst14,-10437.0
2120,chr2,118664000,118671000,ESC_enriched,7,0.996303567813168,intergenic,,,,Chst14,49563.0
2121,chr2,119014000,119016000,ESC_enriched,2,0.975034065174623,gene_body,Gm14207,NR_030683,-,Dll4,-2224.0
2122,chr2,119434000,119438000,ESC_enriched,4,0.992382046658853,promoter,Itpka,NM_146125,+,Itpka,2223.0
2123,chr2,119450000,119453000,ESC_enriched,3,0.9921266899758432,promoter,Ltk,NM_206942,-,Ltk,-372.0
2124,chr2,119769000,119773000,ESC_enriched,4,0.9748039862110236,gene_body,Sptbn5,NM_001370938,-,Sptbn5,-9354.0
2125,chr2,119936000,119937000,ESC_enriched,1,0.9906256207961308,promoter,Pla2g4e,NM_177845,-,Pla2g4e,-276.0
2126,chr2,120987000,120993000,ESC_enriched,6,0.9834446804403548,gene_body,Map1a,NM_032393,+,Map1a,8958.0
2127,chr2,121048000,121051000,NPC_enriched,3,0.9855614652834292,promoter,Ckmt1,NM_009897,+,Ckmt1,-550.0
2128,chr2,121982000,122000000,ESC_enriched,18,0.9950240552863628,promoter,Duoxa2,NM_025777,+,Duoxa2,660.0
2129,chr2,122003000,122011000,ESC_enriched,8,0.984019102392658,promoter,Duox1,NM_001099297,+,Duox1,-112.0
2130,chr2,122159000,122160000,ESC_enriched,1,0.9646793396520198,promoter,Bambi-ps1,NR_027919,-,Bambi-ps1,262.0
2131,chr2,122300000,122303000,ESC_enriched,3,0.9809982057697294,promoter,Gatm,NM_025961,-,Gatm,-1218.0
2132,chr2,123781000,123783000,ESC_enriched,2,0.9999929967428608,intergenic,,,,4930517E11Rik,-39397.0
2133,chr2,124300000,124304000,ESC_enriched,4,0.9957288722243526,intergenic,,,,Sema6d,-43021.0
2134,chr2,125196000,125199000,ESC_enriched,3,0.9996807338767306,promoter,Fbn1,NM_007993,-,Fbn1,-379.0
2135,chr2,125364000,125365000,ESC_enriched,1,0.9679239484129788,promoter,Eid1,NM_025613,+,Eid1,-40.0
2136,chr2,125410000,125425000,ESC_enriched,15,0.9961482861098772,promoter,Shc4,NM_199022,-,Shc4,1911.0
2137,chr2,127019000,127030000,ESC_enriched,11,0.9908955492696592,promoter,Dusp2,NM_010090,+,Dusp2,-3099.0
2138,chr2,127116000,127119000,ESC_enriched,3,0.9863771127799752,promoter,Gpat2,NM_001081089,+,Gpat2,861.0
2139,chr2,127171000,127180000,ESC_enriched,9,0.9979889783243946,gene_body,Kcnip3,NM_001291005,-,Kcnip3,-37333.0
2140,chr2,127194000,127199000,ESC_enriched,5,0.9799217605534316,gene_body,Kcnip3,NM_001291005,-,Kcnip3,-16333.0
2141,chr2,127202000,127205000,ESC_enriched,3,0.9885526888092846,gene_body,Kcnip3,NM_001291005,-,Kcnip3,-9333.0
2142,chr2,127213000,127214000,ESC_enriched,1,0.9922288166058688,promoter,Kcnip3,NM_001291005,-,Kcnip3,667.0
2143,chr2,127231000,127233000,ESC_enriched,2,0.9994314463111356,promoter,Prom2,NM_178047,-,Prom2,-858.0
2144,chr2,127421000,127423000,ESC_enriched,2,0.9622482045724574,promoter,Mall,NM_145532,-,Mall,662.0
2145,chr2,127814000,127817000,ESC_enriched,3,0.992897071628694,promoter,Bcl2l11,NM_207680,+,Bcl2l11,-1978.0
2146,chr2,128554000,128558000,ESC_enriched,4,0.996761306193082,promoter,Fbln7,NM_024237,+,Fbln7,628.0
2147,chr2,128564000,128567000,ESC_enriched,3,0.9890031233938396,gene_body,Fbln7,NM_024237,+,Fbln7,10128.0
2148,chr2,128728000,128733000,ESC_enriched,5,0.9923867028636666,gene_body,Vinac1,NM_001370941,-,Vinac1,-26850.0
2149,chr2,129282000,129287000,ESC_enriched,5,0.9934891505122774,promoter,Sirpa,NM_001291022,+,Sirpa,-109.0
2150,chr2,129985000,130000000,ESC_enriched,15,0.9955240431943596,promoter,Ebf4,NM_001110513,+,Ebf4,5121.0
2151,chr2,130051000,130059000,ESC_enriched,8,0.9978633555030542,gene_body,Ebf4,NM_001110513,+,Cpxm1,-34070.0
2152,chr2,130265000,130277000,ESC_enriched,12,0.9941783941619574,promoter,Avp,NM_009732,-,Avp,-3029.0
2153,chr2,130325000,130334000,ESC_enriched,9,0.9940815334677594,promoter,Lzts3,NM_197945,-,Lzts3,-4785.0
2154,chr2,130728000,130736000,ESC_enriched,8,0.991812451065604,promoter,Mir6973b,NR_105969,-,Mir6973b,161.0
2155,chr2,130744000,130749000,ESC_enriched,5,0.9917057372985052,gene_body,Adam33,NM_001163529,-,Adam33,-8755.0
2156,chr2,130753000,130758000,ESC_enriched,5,0.9913569807517096,promoter,Adam33,NM_001163529,-,Adam33,245.0
2157,chr2,130764000,130768000,ESC_enriched,4,0.9905350256764116,gene_body,Siglec1,NM_011426,-,Adam33,10745.0
2158,chr2,130817000,130820000,ESC_enriched,3,0.9861570744724388,promoter,Hspa12b,NM_028306,+,Hspa12b,-352.0
2159,chr2,130833000,130837000,ESC_enriched,4,0.9980205587575308,gene_body,Hspa12b,NM_028306,+,Hspa12b,16148.0
2160,chr2,130863000,130865000,ESC_enriched,2,0.9886030231100617,gene_body,Spef1,NM_027641,-,Spef1,-2251.0
2161,chr2,131184000,131186000,ESC_enriched,2,0.988212886951327,promoter,Smox,NM_001177835,+,Smox,1698.0
2162,chr2,131211000,131214000,ESC_enriched,3,0.989109113012116,gene_body,Smox,NM_001177835,+,Smox,29198.0
2163,chr2,131237000,131245000,ESC_enriched,8,0.9987803396167,gene_body,Adra1d,NM_013460,-,Adra1d,-12938.0
2164,chr2,131250000,131254000,ESC_enriched,4,0.998250144762864,promoter,Adra1d,NM_013460,-,Adra1d,-1938.0
2165,chr2,131644000,131645000,ESC_enriched,1,0.9855842791795952,gene_body,Prnd,NM_001278257,+,Prnd,2199.0
2166,chr2,131719000,131724000,ESC_enriched,5,0.999167339519184,promoter,Rassf2,NM_001362866,-,Rassf2,-265.0
2167,chr2,133243000,133253000,ESC_enriched,10,0.988953236397632,promoter,Bmp2,NM_007553,+,Bmp2,4401.0
2168,chr2,135742000,135744000,ESC_enriched,2,0.9818529625114918,intergenic,,,,Lamp5,-6188.0
2169,chr2,135750000,135752000,ESC_enriched,2,0.999590081519499,promoter,Lamp5,NM_029530,+,Lamp5,1812.0
2170,chr2,136806000,136808000,ESC_enriched,2,0.9976748022837384,promoter,Jag1,NM_013822,-,Jag1,-961.0
2171,chr2,139294000,139299000,NPC_enriched,5,0.9908269918293712,gene_body,Sptlc3,NM_175467,+,Ism1,-73118.0
2172,chr2,139368000,139370000,ESC_enriched,2,0.9694107245477708,promoter,Ism1,NM_001276489,+,Ism1,-618.0
2173,chr2,142131000,142134000,NPC_enriched,3,0.9909227007254616,intergenic,,,,Kif16b,-460405.0
2174,chr2,142387000,142393000,NPC_enriched,6,0.9853419666266416,gene_body,Kif16b,NM_001355123,-,Kif16b,-202905.0
2175,chr2,142396000,142402000,NPC_enriched,6,0.9950226998035038,gene_body,Kif16b,NM_001355123,-,Kif16b,-193905.0
2176,chr2,142425000,142429000,NPC_enriched,4,0.9932353014618748,gene_body,Kif16b,NM_001355123,-,Kif16b,-165905.0
2177,chr2,143552000,143555000,ESC_enriched,3,0.99337970463298,promoter,Bfsp1,NM_009751,-,Bfsp1,-1114.0
2178,chr2,144858000,144861000,ESC_enriched,3,0.9911279220870008,promoter,Slc24a3,NM_001356497,+,Slc24a3,285.0
2179,chr2,145908000,145915000,ESC_enriched,7,0.9885777953356408,promoter,Insm1,NM_016889,+,Insm1,-1937.0
2180,chr2,146518000,146533000,ESC_enriched,15,0.9953283633415722,intergenic,,,,Kiz,-21820.0
2181,chr2,146781000,146786000,NPC_enriched,5,0.9922775266531858,intergenic,,,,Nkx2-4,6714.0
2182,chr2,146865000,146894000,ESC_enriched,29,0.9972675690945918,promoter,6430503K07Rik,NR_108091,+,6430503K07Rik,636.0
2183,chr2,147071000,147074000,NPC_enriched,3,0.9749946130280832,intergenic,,,,Pax1,16066.0
2184,chr2,147140000,147143000,NPC_enriched,3,0.9723696668333788,intergenic,,,,Pax1,85066.0
2185,chr2,147167000,147169000,NPC_enriched,2,0.9779338925959372,intergenic,,,,Pax1,111566.0
2186,chr2,147173000,147177000,NPC_enriched,4,0.9599132819066296,intergenic,,,,Pax1,118566.0
2187,chr2,147184000,147192000,NPC_enriched,8,0.992700215553702,intergenic,,,,Pax1,131566.0
2188,chr2,147220000,147230000,NPC_enriched,10,0.9971210086109156,intergenic,,,,Pax1,168566.0
2189,chr2,147351000,147355000,NPC_enriched,4,0.9924090144119426,intergenic,,,,A530006G24Rik,-49133.0
2190,chr2,147719000,147741000,ESC_enriched,22,0.9990573662182128,promoter,Foxa2,NM_001291065,-,Foxa2,-7389.0
2191,chr2,148086000,148090000,ESC_enriched,4,0.998379341130724,promoter,Sstr4,NM_009219,+,Sstr4,1183.0
2192,chr2,148097000,148100000,ESC_enriched,3,0.996504405869812,promoter,Thbd,NM_009378,-,Thbd,-1129.0
2193,chr2,151284000,151289000,ESC_enriched,5,0.9907047184905377,gene_body,Snph,NM_001291076,-,Sdcbp2,22437.0
2194,chr2,151292000,151293000,ESC_enriched,1,0.9512524991561264,gene_body,Snph,NM_001291076,-,Sdcbp2,28437.0
2195,chr2,151323000,151326000,ESC_enriched,3,0.9886232440384484,promoter,Snph,NM_001291076,-,Snph,466.0
2196,chr2,151392000,151401000,ESC_enriched,9,0.9914324093095244,promoter,Tmem74b,NM_001160363,+,Tmem74b,3052.0
2197,chr2,151604000,151608000,ESC_enriched,4,0.9820561646171048,gene_body,Angpt4,NM_009641,+,Angpt4,3353.0
2198,chr2,152318000,152321000,ESC_enriched,3,0.969737084179421,promoter,Rem1,NM_009047,+,Rem1,1052.0
2199,chr2,152324000,152329000,ESC_enriched,5,0.9927777266558796,gene_body,Rem1,NM_009047,+,Rem1,8052.0
2200,chr2,152825000,152831000,NPC_enriched,6,0.9846539674447508,gene_body,Hck,NM_010407,+,Tm9sf4,-24741.0
2201,chr2,153134000,153140000,ESC_enriched,6,0.9796860155290376,gene_body,Nol4l,NM_001134300,-,Nol4l,-84412.0
2202,chr2,153222000,153225000,ESC_enriched,3,0.9619768431904632,promoter,Nol4l,NM_001134300,-,Nol4l,2088.0
2203,chr2,154091000,154096000,NPC_enriched,5,0.9961528670846156,gene_body,Snta1,NM_009228,-,Snta1,-6025.0
2204,chr2,154241000,154245000,ESC_enriched,4,0.9862090316128596,promoter,Actl10,NM_001171640,+,Actl10,-216.0
2205,chr2,155197000,155198000,ESC_enriched,1,0.9689006976089892,gene_body,Ggt7,NM_001362898,-,Ggt7,-8787.0
2206,chr2,155319000,155326000,ESC_enriched,7,0.9972364803205648,gene_body,Myh7b,NM_001085378,+,Mir499,8180.0
2207,chr2,155736000,155741000,ESC_enriched,5,0.9876634782698208,gene_body,Fer1l4,NM_001136556,-,Fer1l4,-5934.0
2208,chr2,155756000,155758000,ESC_enriched,2,0.9839232208032238,promoter,Spag4,NM_139151,+,Spag4,347.0
2209,chr2,156467000,156468000,ESC_enriched,1,0.9953248239306668,promoter,Myl9,NM_172118,+,Myl9,596.0
2210,chr2,156731000,156733000,ESC_enriched,2,0.9757938809941584,gene_body,Soga1,NM_001164663,-,Dsn1,33484.0
2211,chr2,156768000,156770000,ESC_enriched,2,0.9920930538645508,promoter,Soga1,NM_001164663,-,Soga1,-1706.0
2212,chr2,156771000,156775000,ESC_enriched,4,0.9995166783299324,promoter,Soga1,NM_001164663,-,Soga1,2294.0
2213,chr2,157197000,157200000,ESC_enriched,3,0.9616858648911492,intergenic,,,,Nnat,-53018.0
2214,chr2,157592000,157593000,ESC_enriched,1,0.9838304596242772,intergenic,,,,Vstm2l,-13593.0
2215,chr2,158301000,158307000,ESC_enriched,6,0.998854154060242,promoter,Slc32a1,NM_009508,+,Slc32a1,1802.0
2216,chr2,158359000,158362000,ESC_enriched,3,0.9931409723872728,promoter,Ppp1r16b,NM_153089,+,Ppp1r16b,2327.0
2217,chr2,158756000,158762000,ESC_enriched,6,0.9934630524960448,intergenic,,,,Dhx35,272753.0
2218,chr2,160050000,160059000,ESC_enriched,9,0.996592880964274,promoter,Mafb,NM_010658,-,Mafb,-4006.0
2219,chr2,160228000,160229000,ESC_enriched,1,0.9570518949902188,intergenic,,,,LOC115489488,-83008.0
2220,chr2,160471000,160474000,ESC_enriched,3,0.9939110280880188,gene_body,Zhx3,NM_177263,-,Plcg1,49750.0
2221,chr2,160599000,160606000,ESC_enriched,7,0.9985451715789546,promoter,Emilin3,NM_182840,-,Emilin3,-1280.0
2222,chr2,161257000,161269000,NPC_enriched,12,0.9857627840386524,gene_body,Ptprt,NM_021464,-,Chd6,462473.0
2223,chr2,161349000,161363000,NPC_enriched,14,0.9983525310410346,gene_body,Ptprt,NM_021464,-,Chd6,555473.0
2224,chr2,162893000,162898000,ESC_enriched,5,0.9970810416208596,promoter,Tox2,NM_001372575,+,Tox2,933.0
2225,chr2,163066000,163069000,ESC_enriched,3,0.9998337400082482,gene_body,Jph2,NM_021566,-,Jph2,-21914.0
2226,chr2,163632000,163633000,ESC_enriched,1,0.963541170789613,intergenic,,,,Rims4,22086.0
2227,chr2,163854000,163863000,ESC_enriched,9,0.9948809291137432,promoter,Kcns1,NM_008435,-,Kcns1,-4054.0
2228,chr2,164082000,164099000,ESC_enriched,17,0.9958940900551362,promoter,Rbpjl,NM_009036,+,Rbpjl,-3898.0
2229,chr2,164105000,164107000,ESC_enriched,2,0.9896692827527372,gene_body,Rbpjl,NM_009036,+,Matn4,9977.0
2230,chr2,164177000,164179000,ESC_enriched,2,0.9999702932094714,promoter,Dbndd2,NM_026797,+,Dbndd2,341.0
2231,chr2,164467000,164470000,ESC_enriched,3,0.9958403678292864,promoter,Tnnc2,NM_009394,-,Tnnc2,-2439.0
2232,chr2,164549000,164553000,NPC_enriched,4,0.988262268310486,promoter,Pltp,NM_011125,-,Pltp,2087.0
2233,chr2,164640000,164642000,ESC_enriched,2,0.9996191832494504,promoter,Mmp9,NM_013599,+,Mmp9,1577.0
2234,chr2,164685000,164690000,ESC_enriched,5,0.9941794308447088,gene_body,Slc12a5,NM_001355481,+,Slc12a5,35450.0
2235,chr2,164800000,164808000,ESC_enriched,8,0.989634012955508,gene_body,Cdh22,NM_174988,-,1700025C18Rik,22045.0
2236,chr2,164832000,164838000,ESC_enriched,6,0.9900428171509028,gene_body,Cdh22,NM_174988,-,1700025C18Rik,53045.0
2237,chr2,164855000,164873000,ESC_enriched,18,0.9930831690046557,gene_body,Cdh22,NM_174988,-,Cdh22,-61942.0
2238,chr2,164885000,164889000,ESC_enriched,4,0.9944332839722944,gene_body,Cdh22,NM_174988,-,Cdh22,-38942.0
2239,chr2,164904000,164908000,ESC_enriched,4,0.9696644168320904,gene_body,Cdh22,NM_174988,-,Cdh22,-19942.0
2240,chr2,164920000,164931000,ESC_enriched,11,0.990848865053154,promoter,Cdh22,NM_174988,-,Cdh22,-442.0
2241,chr2,165163000,165165000,ESC_enriched,2,0.9934246733839772,promoter,Slc13a3,NM_054055,-,Slc13a3,-402.0
2242,chr2,165194000,165197000,ESC_enriched,3,0.997936241998036,promoter,Slc2a10,NM_130451,+,Slc2a10,399.0
2243,chr2,166795000,166798000,ESC_enriched,3,0.9839194133713683,gene_body,Kcnb1,NM_008420,-,Snord12,40003.0
2244,chr2,166836000,166840000,ESC_enriched,4,0.9795666316074566,gene_body,Kcnb1,NM_008420,-,Kcnb1,-42023.0
2245,chr2,166878000,166883000,ESC_enriched,5,0.9942532137660182,promoter,Kcnb1,NM_008420,-,Kcnb1,477.0
2246,chr2,167218000,167235000,ESC_enriched,17,0.9853362329239213,promoter,Snai1,NM_011427,+,Snai1,-2899.0
2247,chr2,167251000,167257000,ESC_enriched,6,0.992124022361752,intergenic,,,,Snai1,24601.0
2248,chr2,167771000,167775000,NPC_enriched,4,0.9668934297364032,promoter,Pard6b,NM_021409,+,Pard6b,792.0
2249,chr2,167952000,167955000,ESC_enriched,3,0.9833895904703877,gene_body,Kcng1,NM_001379458,-,Kcng1,-19238.0
2250,chr2,167959000,167961000,ESC_enriched,2,0.9755748214454548,gene_body,Kcng1,NM_001379458,-,Kcng1,-12738.0
2251,chr2,167967000,167972000,ESC_enriched,5,0.9870615153699832,promoter,Kcng1,NM_001379458,-,Kcng1,-3238.0
2252,chr2,168453000,168462000,NPC_enriched,9,0.9935329604607614,promoter,Gm14261,NR_166178,+,Gm14261,153.0
2253,chr2,169576000,169580000,ESC_enriched,4,0.9892321485562452,gene_body,Tshz2,NM_177659,+,AY702102,-76392.0
2254,chr2,170014000,170019000,ESC_enriched,5,0.9883142184505144,intergenic,,,,Bcas1os2,-31065.0
2255,chr2,170101000,170103000,ESC_enriched,2,0.9926772423404664,gene_body,Bcas1,NM_029815,-,Bcas1,-17050.0
2256,chr2,170177000,170191000,ESC_enriched,14,0.9943298663827014,promoter,Cyp24a1,NM_009996,-,Cyp24a1,-4350.0
2257,chr2,170423000,170425000,ESC_enriched,2,0.9946681499624724,promoter,Dok5,NM_029761,+,Dok5,989.0
2258,chr2,170465000,170467000,ESC_enriched,2,0.9801927711461652,gene_body,Dok5,NM_029761,+,Dok5,42989.0
2259,chr2,170556000,170557000,ESC_enriched,1,0.9991109889807428,gene_body,Dok5,NM_029761,+,Dok5,133489.0
2260,chr2,172369000,172384000,ESC_enriched,15,0.99150511341598,intergenic,,,,Tfap2c,135703.0
2261,chr2,172385000,172386000,ESC_enriched,1,0.9593548575400116,intergenic,,,,Tfap2c,144703.0
2262,chr2,172432000,172433000,ESC_enriched,1,0.952554995312588,intergenic,,,,Bmp7,-150760.0
2263,chr2,172577000,172581000,ESC_enriched,4,0.9908614816696284,gene_body,Bmp7,NM_007557,-,Bmp7,-4260.0
2264,chr2,172761000,172764000,ESC_enriched,3,0.9901992931398376,promoter,Ctcfl,NM_001081387,-,Ctcfl,36.0
2265,chr2,172814000,172816000,ESC_enriched,2,0.9999849425532864,intergenic,,,,Pck1,18989.0
2266,chr2,173158000,173160000,ESC_enriched,2,0.9965509441936328,intergenic,,,,1700021F07Rik,-6530.0
2267,chr2,173227000,173231000,ESC_enriched,4,0.9862356985741664,gene_body,Ppp4r1l-ps,NR_027957,-,Ankrd60,7788.0
2268,chr2,173969000,173973000,ESC_enriched,4,0.987907095498702,promoter,Gm30189,NR_166447,-,Gm30189,674.0
2269,chr2,174287000,174289000,ESC_enriched,2,0.957828767213678,promoter,Zfp831,NM_001099328,+,Zfp831,1528.0
2270,chr2,174402000,174405000,ESC_enriched,3,0.9970252316998054,promoter,Edn3,NM_007903,+,Edn3,-57.0
2271,chr2,174495000,174498000,ESC_enriched,3,0.9721190614615672,promoter,Gm14616,NR_166457,+,Gm14616,-2342.0
2272,chr2,178050000,178052000,ESC_enriched,2,0.9902740731783914,gene_body,Phactr3,NM_001177790,+,Phactr3,2618.0
2273,chr2,178260000,178271000,NPC_enriched,11,0.9927055922501412,gene_body,Phactr3,NM_001177790,+,Sycp2,-71566.0
2274,chr2,178282000,178289000,NPC_enriched,7,0.9942961900549884,gene_body,Sycp2,NM_177191,-,Sycp2,-51566.0
2275,chr2,178290000,178295000,NPC_enriched,5,0.9955103599671418,gene_body,Sycp2,NM_177191,-,Sycp2,-44566.0
2276,chr2,178301000,178305000,NPC_enriched,4,0.9879306650487968,gene_body,Sycp2,NM_177191,-,Sycp2,-34066.0
2277,chr2,178310000,178317000,NPC_enriched,7,0.9984519459451284,gene_body,Sycp2,NM_177191,-,Sycp2,-23566.0
2278,chr2,178319000,178325000,NPC_enriched,6,0.9982954312268104,gene_body,Sycp2,NM_177191,-,Sycp2,-15066.0
2279,chr2,178327000,178329000,NPC_enriched,2,0.9759126505459612,gene_body,Sycp2,NM_177191,-,Sycp2,-9066.0
2280,chr2,178331000,178334000,NPC_enriched,3,0.9957379297845556,gene_body,Sycp2,NM_177191,-,Sycp2,-4566.0
2281,chr2,178341000,178346000,ESC_enriched,5,0.9903853173384872,promoter,Ppp1r3d,NM_001085501,-,Ppp1r3d,-371.0
2282,chr2,179370000,179376000,ESC_enriched,6,0.9957382789523628,promoter,Cdh4,NM_009867,+,Cdh4,1162.0
2283,chr2,179761000,179766000,ESC_enriched,5,0.9867052824328312,gene_body,Cdh4,NM_009867,+,Taf4,-142554.0
2284,chr2,179949000,179954000,ESC_enriched,5,0.9923111883458936,promoter,Lsm14b,NM_001372364,+,Lsm14b,-2894.0
2285,chr2,180429000,180432000,ESC_enriched,3,0.9939510834718585,promoter,Ntsr1,NM_018766,+,Ntsr1,1117.0
2286,chr2,180526000,180532000,ESC_enriched,6,0.9909236734402156,promoter,Col9a3,NM_009936,+,Col9a3,1371.0
2287,chr2,181085000,181088000,ESC_enriched,3,0.9931611848193276,promoter,Eef1a2,NM_007906,-,Eef1a2,78.0
2288,chr2,181140000,181143000,ESC_enriched,3,0.9977513212525126,promoter,Srms,NM_011481,-,Srms,-1078.0
2289,chr2,181235000,181237000,ESC_enriched,2,0.9949392966709484,gene_body,Stmn3,NM_009133,-,Stmn3,-7907.0
2290,chr2,181386000,181395000,ESC_enriched,9,0.99267922628716,intergenic,,,,Abhd16b,-32112.0
2291,chr2,181625000,181627000,ESC_enriched,2,0.9854088584614704,promoter,Lkaaear1,NM_199023,-,Lkaaear1,-1848.0
2292,chr3,5198000,5203000,ESC_enriched,5,0.9818692572810868,promoter,2700069I18Rik,NR_045905,-,2700069I18Rik,-3396.0
2293,chr3,5736000,5742000,NPC_enriched,6,0.995799784693814,intergenic,,,,Pex2,179679.0
2294,chr3,8489000,8499000,NPC_enriched,10,0.9958958543426264,promoter,Stmn2,NM_025285,+,Stmn2,1401.0
2295,chr3,8648000,8650000,ESC_enriched,2,0.9855857991591714,promoter,Hey1,NM_010423,-,Hey1,-1111.0
2296,chr3,8750000,8754000,ESC_enriched,4,0.9951480117601168,intergenic,,,,Gm32561,76019.0
2297,chr3,9995000,9996000,ESC_enriched,1,0.9695062757699484,promoter,Fabp5,NM_001272097,+,Fabp5,384.0
2298,chr3,13462000,13466000,NPC_enriched,4,0.9961215909136516,gene_body,Ralyl,NM_001357034,+,Ralyl,8670.0
2299,chr3,14863000,14865000,ESC_enriched,2,0.9816887498055008,promoter,Car2,NM_009801,+,Car2,969.0
2300,chr3,17515000,17523000,NPC_enriched,8,0.9916271623666216,intergenic,,,,Mir124-2hg,-463071.0
2301,chr3,17810000,17816000,NPC_enriched,6,0.9974110005576744,intergenic,,,,Mir124-2hg,-169071.0
2302,chr3,17978000,17981000,ESC_enriched,3,0.998608033627284,intergenic,,,,Mir124-2hg,-2571.0
2303,chr3,18013000,18016000,NPC_enriched,3,0.9689729367667756,intergenic,,,,Mir124a-2,26688.0
2304,chr3,20345000,20348000,ESC_enriched,3,0.9835006222334978,promoter,Gyg,NM_013755,-,Gyg,-666.0
2305,chr3,26344000,26345000,ESC_enriched,1,0.965649805350621,gene_body,Nlgn1,NM_138666,-,Nlgn1,-178482.0
2306,chr3,26522000,26526000,ESC_enriched,4,0.9971050168402268,promoter,Nlgn1,NM_138666,-,Nlgn1,1018.0
2307,chr3,27563000,27564000,ESC_enriched,1,0.998227725190086,promoter,Ghsr,NM_177330,+,Ghsr,1077.0
2308,chr3,28129000,28131000,ESC_enriched,2,0.984765743135794,promoter,Pld1,NM_001164056,+,Pld1,248.0
2309,chr3,28452000,28456000,ESC_enriched,4,0.9926944694501398,promoter,Tnik,NM_001163008,+,Tnik,-286.0
2310,chr3,30695000,30707000,ESC_enriched,12,0.9987527013323388,promoter,Mecom,NM_001361034,-,Mecom,403.0
2311,chr3,31339000,31342000,ESC_enriched,3,0.994684340761752,promoter,Cldn11,NM_008770,+,Cldn11,-297.0
2312,chr3,34831000,34834000,ESC_enriched,3,0.9991050139863388,promoter,Mir1897,NR_035433,+,Mir1897,2488.0
2313,chr3,36412000,36417000,ESC_enriched,5,0.9923855471664208,promoter,Qrfpr,NM_198192,-,Qrfpr,676.0
2314,chr3,36711000,36716000,ESC_enriched,5,0.9882068016589278,promoter,Smim43,NM_001384269,-,Smim43,539.0
2315,chr3,36881000,36884000,ESC_enriched,3,0.9985647275534694,promoter,Trpc3,NM_019510,-,Trpc3,784.0
2316,chr3,37254000,37256000,ESC_enriched,2,0.974933924824041,promoter,Adad1,NM_009350,+,Adad1,-204.0
2317,chr3,37540000,37542000,ESC_enriched,2,0.9971126516915276,promoter,Fgf2,NM_008006,+,Fgf2,799.0
2318,chr3,39076000,39082000,ESC_enriched,6,0.997208131667619,promoter,Fat4,NM_183221,+,Fat4,512.0
2319,chr3,40721000,40724000,ESC_enriched,3,0.9922984879517376,intergenic,,,,1700017G19Rik,8039.0
2320,chr3,40804000,40807000,ESC_enriched,3,0.9869038263843825,promoter,Slc25a31,NM_178386,+,Slc25a31,81.0
2321,chr3,45472000,45479000,ESC_enriched,7,0.9947574703717076,promoter,Pcdh10,NM_001098170,+,Pcdh10,908.0
2322,chr3,49852000,49854000,ESC_enriched,2,0.9900285615207836,promoter,Pcdh18,NM_130448,-,Pcdh18,-511.0
2323,chr3,51650000,51653000,ESC_enriched,3,0.9898615648844789,gene_body,5031434O11Rik,NR_033624,+,Setd7,2748.0
2324,chr3,51788000,51790000,ESC_enriched,2,0.9715091617049773,gene_body,Maml3,NM_001004176,-,Mgst2,39893.0
2325,chr3,52094000,52095000,ESC_enriched,1,0.9601367504963984,gene_body,Maml3,NM_001004176,-,Maml3,-98435.0
2326,chr3,52124000,52126000,ESC_enriched,2,0.972324899812645,gene_body,Maml3,NM_001004176,-,Maml3,-67935.0
2327,chr3,52191000,52193000,ESC_enriched,2,0.9957221224081668,promoter,Maml3,NM_001004176,-,Maml3,-935.0
2328,chr3,52299000,52301000,ESC_enriched,2,0.9720680252639726,intergenic,,,,Foxo1,-56265.0
2329,chr3,53129000,53132000,ESC_enriched,3,0.9972108572161694,promoter,Lhfp,NM_175386,+,Lhfp,1025.0
2330,chr3,53740000,53744000,ESC_enriched,4,0.9962129276143266,gene_body,Frem2,NM_172862,-,Frem2,-3284.0
2331,chr3,54721000,54723000,ESC_enriched,2,0.9905424082359202,intergenic,,,,Supt20,-61051.0
2332,chr3,54840000,54849000,ESC_enriched,9,0.9855842976902698,promoter,Smad9,NM_019483,+,Smad9,990.0
2333,chr3,54885000,54886000,ESC_enriched,1,0.97634073599953,gene_body,Smad9,NM_019483,+,Rfxap,-10220.0
2334,chr3,55867000,55875000,ESC_enriched,8,0.9993234781985764,promoter,Mab21l1,NM_010750,+,Mab21l1,562.0
2335,chr3,58778000,58782000,ESC_enriched,4,0.9969014947341296,promoter,Siah2,NM_009174,-,Siah2,-317.0
2336,chr3,58899000,58904000,ESC_enriched,5,0.9726111358526824,intergenic,,,,Clrn1,-71641.0
2337,chr3,61091000,61093000,ESC_enriched,2,0.9872876582330744,promoter,P2ry1,NM_001282016,+,P2ry1,1287.0
2338,chr3,62427000,62429000,ESC_enriched,2,0.9999741315594104,promoter,Arhgef26,NM_001081295,+,Arhgef26,1295.0
2339,chr3,62690000,62693000,ESC_enriched,3,0.9906104398619048,promoter,Gpr149,NM_177346,-,Gpr149,-1569.0
2340,chr3,65195000,65198000,ESC_enriched,3,0.9954599812901532,gene_body,Kcnab1,NM_001357358,+,Kcnab1,159360.0
2341,chr3,66307000,66312000,ESC_enriched,5,0.9901739640455648,promoter,Ptx3,NM_008987,+,Ptx3,1685.0
2342,chr3,67029000,67033000,NPC_enriched,4,0.9788849849024636,intergenic,,,,Shox2,-38700.0
2343,chr3,67066000,67069000,ESC_enriched,3,0.9879746259544392,promoter,Shox2,NM_013665,-,Shox2,-2200.0
2344,chr3,67462000,67464000,ESC_enriched,2,0.9803398179747423,promoter,Mlf1,NM_001039543,+,Mlf1,975.0
2345,chr3,67602000,67605000,ESC_enriched,3,0.993527548743848,promoter,Rarres1,NM_001164763,-,Rarres1,48.0
2346,chr3,68154000,68159000,NPC_enriched,5,0.9956910840087596,gene_body,Schip1,NM_001113421,+,Schip1,3770.0
2347,chr3,69405000,69407000,ESC_enriched,2,0.9998996953066004,promoter,Ppm1l,NM_178726,+,Ppm1l,1154.0
2348,chr3,69948000,69950000,ESC_enriched,2,0.9915490436920796,promoter,Sptssb,NM_001286959,-,Sptssb,1177.0
2349,chr3,73140000,73144000,ESC_enriched,4,0.999666767842492,promoter,Slitrk3,NM_001357851,-,Slitrk3,-1729.0
2350,chr3,76041000,76044000,ESC_enriched,3,0.986742920151094,promoter,Golim4,NM_001291069,-,Golim4,-376.0
2351,chr3,77027000,77032000,NPC_enriched,5,0.9884219203708272,intergenic,,,,Fstl5,869013.0
2352,chr3,77036000,77037000,NPC_enriched,1,0.9512715322370662,intergenic,,,,Fstl5,876013.0
2353,chr3,80886000,80889000,ESC_enriched,3,0.9975309783625176,promoter,Gria2,NM_001357924,-,Gria2,-1120.0
2354,chr3,80999000,81001000,ESC_enriched,2,0.9908281326201333,promoter,Glrb,NM_001345955,-,Glrb,413.0
2355,chr3,82160000,82161000,ESC_enriched,1,0.9748140043730088,promoter,Gucy1b1,NM_017469,-,Gucy1b1,-138.0
2356,chr3,82230000,82232000,ESC_enriched,2,0.999193757359632,promoter,Gucy1a1,NM_021896,-,Gucy1a1,-873.0
2357,chr3,82633000,82635000,ESC_enriched,2,0.9999984837852788,promoter,Npy2r,NM_001205099,-,Npy2r,-12.0
2358,chr3,83214000,83217000,ESC_enriched,3,0.9970920866519424,promoter,Gm10710,NM_001358023,-,Gm10710,327.0
2359,chr3,83597000,83598000,NPC_enriched,1,0.9531952884965356,intergenic,,,,1700028M03Rik,-62545.0
2360,chr3,83849000,83855000,ESC_enriched,6,0.9938777388513248,promoter,Sfrp2,NM_009144,+,Sfrp2,-247.0
2361,chr3,84390000,84391000,ESC_enriched,1,0.9545598638181396,intergenic,,,,Trim2,33790.0
2362,chr3,84564000,84569000,ESC_enriched,5,0.997721820121796,promoter,Fhdc1,NM_001033301,-,Fhdc1,134.0
2363,chr3,85972000,85974000,ESC_enriched,2,0.9809865958208226,promoter,Glt28d2,NM_177130,-,Glt28d2,-445.0
2364,chr3,86632000,86635000,ESC_enriched,3,0.9840918804841386,promoter,Mab21l2,NM_011839,-,Mab21l2,-710.0
2365,chr3,87831000,87845000,ESC_enriched,14,0.9963511248642783,promoter,Lrrc71,NM_028971,-,Lrrc71,3450.0
2366,chr3,87850000,87855000,ESC_enriched,5,0.9813701192196708,promoter,Pear1,NM_152799,-,Pear1,-2380.0
2367,chr3,87863000,87869000,ESC_enriched,6,0.99547034676935,gene_body,Ntrk1,NM_001033124,-,Pear1,11120.0
2368,chr3,87883000,87902000,ESC_enriched,19,0.9923828106999174,promoter,Insrr,NM_011832,+,Insrr,9623.0
2369,chr3,87935000,87937000,ESC_enriched,2,0.9963628132660964,gene_body,Sh2d2a,NM_001025571,+,Sh2d2a,3319.0
2370,chr3,88033000,88046000,ESC_enriched,13,0.9899409242811642,promoter,Crabp2,NM_007759,+,Crabp2,4881.0
2371,chr3,88056000,88060000,ESC_enriched,4,0.9982776419435944,promoter,Nes,NM_016701,+,Nes,981.0
2372,chr3,88061000,88073000,ESC_enriched,12,0.9972279705013896,gene_body,Nes,NM_016701,+,Nes,9981.0
2373,chr3,88076000,88091000,ESC_enriched,15,0.9963453057243308,promoter,Bcan,NM_007529,-,Bcan,-2783.0
2374,chr3,88108000,88112000,ESC_enriched,4,0.9953349766712032,gene_body,Hapln2,NM_022031,-,Hapln2,-3438.0
2375,chr3,88283000,88307000,ESC_enriched,24,0.997923746435654,promoter,Gm3764,NR_168091,+,Gm3764,-5408.0
2376,chr3,88324000,88329000,ESC_enriched,5,0.9959264357905422,gene_body,Rhbg,NM_021375,-,Rhbg,-14111.0
2377,chr3,88339000,88342000,ESC_enriched,3,0.9994660382702364,promoter,Rhbg,NM_021375,-,Rhbg,-111.0
2378,chr3,88451000,88453000,ESC_enriched,2,0.9900344766793434,promoter,Paqr6,NM_198410,+,Paqr6,1485.0
2379,chr3,89174000,89176000,ESC_enriched,2,0.997231219105054,gene_body,Rusc1,NM_028188,-,Rusc1,-4290.0
2380,chr3,89231000,89236000,ESC_enriched,5,0.9868541491630726,gene_body,Pklr,NM_013631,+,Pklr,11432.0
2381,chr3,89321000,89326000,ESC_enriched,5,0.9940672184341696,gene_body,Trim46,NM_183037,-,Trim46,-8324.0
2382,chr3,89404000,89409000,ESC_enriched,5,0.9994085595830704,promoter,Efna3,NM_001377116,-,Efna3,-2366.0
2383,chr3,90548000,90553000,ESC_enriched,5,0.9819980126258422,promoter,Npr1,NM_008727,-,Npr1,-1293.0
2384,chr3,92165000,92171000,ESC_enriched,6,0.994998478258371,promoter,Lor,NM_008508,-,Lor,-1069.0
2385,chr3,94447000,94451000,ESC_enriched,4,0.9981265442512646,promoter,C2cd4d,NM_001136117,+,C2cd4d,1153.0
2386,chr3,94457000,94459000,ESC_enriched,2,0.96544200859546,promoter,Rorc,NM_011281,+,Rorc,-197.0
2387,chr3,94472000,94477000,ESC_enriched,5,0.9685407939559127,gene_body,Rorc,NM_011281,+,Lingo4,-10122.0
2388,chr3,94483000,94492000,ESC_enriched,9,0.9944696208081168,promoter,Lingo4,NM_177250,+,Lingo4,2878.0
2389,chr3,94497000,94499000,ESC_enriched,2,0.9948721317001958,promoter,1700040D17Rik,NR_152121,-,1700040D17Rik,-359.0
2390,chr3,94564000,94567000,ESC_enriched,3,0.974522610842238,promoter,Celf3,NM_172434,+,Celf3,1631.0
2391,chr3,95256000,95260000,ESC_enriched,4,0.9945949984469492,gene_body,Sema6c,NM_011351,+,Sema6c,8258.0
2392,chr3,95645000,95646000,ESC_enriched,1,0.9558742360093944,promoter,Hormad1,NM_001373886,+,Hormad1,418.0
2393,chr3,95988000,95990000,ESC_enriched,2,0.9815635885760212,promoter,Car14,NM_011797,-,Car14,-1090.0
2394,chr3,96058000,96063000,ESC_enriched,5,0.9846185235564942,intergenic,,,,Gm9054,-10414.0
2395,chr3,96075000,96083000,ESC_enriched,8,0.99494340968843,promoter,Plekho1,NM_023320,-,Plekho1,-2244.0
2396,chr3,96270000,96272000,ESC_enriched,2,0.9797062121223528,gene_body,Sv2a,NM_022030,+,Sv2a,4369.0
2397,chr3,96560000,96561000,ESC_enriched,1,0.9720321589879124,intergenic,,,,BC107364,22789.0
2398,chr3,96612000,96614000,ESC_enriched,2,0.9624224729054458,gene_body,Hjv,NM_027126,+,Hjv,2411.0
2399,chr3,96683000,96685000,ESC_enriched,2,0.9922071001644606,promoter,Ankrd34a,NM_001024851,+,Ankrd34a,1960.0
2400,chr3,97951000,97955000,ESC_enriched,4,0.973917526478674,gene_body,Pde4dip,NM_001039376,-,Pde4dip,-21112.0
2401,chr3,98467000,98471000,ESC_enriched,4,0.9881705721355084,promoter,Zfp697,NM_172863,+,Zfp697,1115.0
2402,chr3,98512000,98515000,ESC_enriched,3,0.9999610993702184,gene_body,Zfp697,NM_172863,+,Gm4450,-29031.0
2403,chr3,99364000,99366000,ESC_enriched,2,0.9979318065172412,intergenic,,,,Tbx15,-17820.0
2404,chr3,99368000,99391000,ESC_enriched,23,0.999801174956982,promoter,Tbx15,NM_009323,+,Tbx15,-3320.0
2405,chr3,102052000,102053000,ESC_enriched,1,0.9559360975779222,promoter,Slc22a15,NM_001039371,-,Slc22a15,-1014.0
2406,chr3,102139000,102147000,ESC_enriched,8,0.9961393611650496,promoter,Nhlh2,NM_178777,+,Nhlh2,3795.0
2407,chr3,102600000,102604000,ESC_enriched,4,0.9814685123221568,gene_body,Ngf,NM_013609,+,Ngf,3021.0
2408,chr3,102863000,102866000,ESC_enriched,3,0.9997119274033548,promoter,Tspan2os,NR_040588,-,Tspan2os,22.0
2409,chr3,103064000,103067000,ESC_enriched,3,0.9854764829699127,promoter,Sycp1,NM_011516,-,Sycp1,339.0
2410,chr3,103705000,103709000,ESC_enriched,4,0.9971626942363708,promoter,Syt6,NM_001276680,+,Syt6,1814.0
2411,chr3,103863000,103865000,ESC_enriched,2,0.9791393338831864,gene_body,Olfml3,NM_133859,-,Olfml3,-3062.0
2412,chr3,104902000,104905000,ESC_enriched,3,0.9611005286320784,promoter,Tafa3,NM_183224,-,Tafa3,-2103.0
2413,chr3,105087000,105096000,ESC_enriched,9,0.9956418345727684,promoter,Wnt2b,NM_009520,-,Wnt2b,1735.0
2414,chr3,105579000,105588000,ESC_enriched,9,0.9989398220859874,promoter,Kcnd3os,NR_040759,-,Kcnd3os,2489.0
2415,chr3,106137000,106147000,NPC_enriched,10,0.9784860612602998,promoter,Pifo,NM_001200028,-,Pifo,-702.0
2416,chr3,106289000,106294000,NPC_enriched,5,0.9933986543260184,gene_body,Chil3,NM_009892,-,Chil3,-4120.0
2417,chr3,106331000,106333000,NPC_enriched,2,0.9568441603366228,gene_body,Chil4,NM_145126,-,Chil4,-15535.0
2418,chr3,106337000,106341000,NPC_enriched,4,0.9870584881683488,gene_body,Chil4,NM_145126,-,Chil4,-8535.0
2419,chr3,106354000,106358000,NPC_enriched,4,0.992213291039705,intergenic,,,,Chil4,8465.0
2420,chr3,106585000,106589000,NPC_enriched,4,0.9932085610645712,intergenic,,,,Dennd2d,-23486.0
2421,chr3,107230000,107232000,ESC_enriched,2,0.9959414758573222,promoter,Kcna2,NM_008417,+,Kcna2,1378.0
2422,chr3,107713000,107716000,ESC_enriched,3,0.9746430691210888,intergenic,,,,Alx3,-8586.0
2423,chr3,107721000,107729000,ESC_enriched,8,0.9989915214878714,promoter,Alx3,NM_007441,+,Alx3,1914.0
2424,chr3,107887000,107889000,ESC_enriched,2,0.9994194454676172,promoter,Csf1,NM_001113529,-,Csf1,-525.0
2425,chr3,108023000,108025000,ESC_enriched,2,0.9726288443819228,promoter,Gstm5,NM_010360,+,Gstm5,91.0
2426,chr3,108520000,108532000,ESC_enriched,12,0.9924493698889532,gene_body,Celsr2,NM_001004177,-,Psrc1,14107.0
2427,chr3,108534000,108537000,ESC_enriched,3,0.9915131071654538,gene_body,Celsr2,NM_001004177,-,Celsr2,-8135.0
2428,chr3,108542000,108547000,ESC_enriched,5,0.9896709259180186,promoter,Celsr2,NM_001004177,-,Celsr2,865.0
2429,chr3,109068000,109070000,ESC_enriched,2,0.9996046878269615,promoter,Henmt1,NM_001078646,+,Henmt1,388.0
2430,chr3,109155000,109156000,ESC_enriched,1,0.9743325330257848,promoter,Fam102b,NM_001163567,-,Fam102b,-163.0
2431,chr3,109250000,109252000,ESC_enriched,2,0.9746006055188072,promoter,Slc25a24,NM_172685,+,Slc25a24,-204.0
2432,chr3,109468000,109473000,ESC_enriched,5,0.9881822789262962,promoter,Vav3,NM_020505,+,Vav3,1762.0
2433,chr3,114689000,114691000,NPC_enriched,2,0.9827929963591724,intergenic,,,,Olfm3,-206081.0
2434,chr3,116245000,116246000,ESC_enriched,1,0.9948799061888404,promoter,Gpr88,NM_022427,-,Gpr88,12.0
2435,chr3,116321000,116322000,ESC_enriched,1,0.9691045264280234,gene_body,Cdc14a,NM_001080818,-,Gpr88,76012.0
2436,chr3,117351000,117354000,ESC_enriched,3,0.9675741097188536,promoter,Plppr4,NM_177664,-,Plppr4,-380.0
2437,chr3,121253000,121256000,ESC_enriched,3,0.9761543823476736,promoter,Tlcd4,NM_001355678,-,Tlcd4,-690.0
2438,chr3,123438000,123440000,ESC_enriched,2,0.9792672438218032,promoter,Prss12,NM_008939,+,Prss12,66.0
2439,chr3,124313000,124314000,ESC_enriched,1,0.97474580909183,promoter,Tram1l1,NM_146140,+,Tram1l1,442.0
2440,chr3,126355000,126357000,ESC_enriched,2,0.9992953760619304,promoter,Arsj,NM_173451,+,Arsj,127.0
2441,chr3,127152000,127155000,ESC_enriched,3,0.9886653385572992,promoter,Gm16958,NR_105029,+,Gm16958,174.0
2442,chr3,127781000,127784000,ESC_enriched,3,0.9957668791599806,promoter,Tifa,NM_001356430,+,Tifa,-178.0
2443,chr3,129193000,129204000,ESC_enriched,11,0.9931552198495668,gene_body,Pitx2,NM_011098,+,Pitx2,6601.0
2444,chr3,129206000,129219000,ESC_enriched,13,0.9971315589634138,gene_body,Pitx2,NM_011098,+,Pitx2,20601.0
2445,chr3,129961000,129963000,ESC_enriched,2,0.974979057563932,promoter,Mcub,NM_025779,-,Mcub,-228.0
2446,chr3,130168000,130171000,ESC_enriched,3,0.9903497687849656,promoter,Col25a1,NM_198711,+,Col25a1,-499.0
2447,chr3,130934000,130936000,ESC_enriched,2,0.9976413872112688,intergenic,,,,Lef1,-164477.0
2448,chr3,131094000,131106000,ESC_enriched,12,0.9975176657910908,promoter,Lef1,NM_001379059,+,Lef1,523.0
2449,chr3,131133000,131135000,ESC_enriched,2,0.9562565444026802,gene_body,Lef1,NM_001379059,+,Lef1,34523.0
2450,chr3,132022000,132025000,ESC_enriched,3,0.9998028602038992,promoter,Dkk2,NM_020265,+,Dkk2,903.0
2451,chr3,132800000,132802000,ESC_enriched,2,0.996806421168286,gene_body,Gm29811,NR_102298,-,Gm29811,-14902.0
2452,chr3,132886000,132889000,ESC_enriched,3,0.9811340574769742,promoter,Npnt,NM_033525,-,Npnt,-97.0
2453,chr3,134173000,134179000,ESC_enriched,6,0.996500912938321,promoter,Mir1895,NR_035435,-,Mir1895,-1970.0
2454,chr3,134330000,134332000,NPC_enriched,2,0.9684042084736892,intergenic,,,,4930539C22Rik,-30022.0
2455,chr3,134766000,134768000,ESC_enriched,2,0.9974563372016844,promoter,Tacr3,NM_021382,+,Tacr3,607.0
2456,chr3,135762000,135768000,ESC_enriched,6,0.9967058042999448,promoter,Slc39a8,NM_026228,+,Slc39a8,2335.0
2457,chr3,137560000,137562000,ESC_enriched,2,0.9823949143123832,promoter,Ddit4l,NM_030143,+,Ddit4l,-58.0
2458,chr3,138002000,138008000,ESC_enriched,6,0.99577040891589,promoter,Gm5105,NR_037975,-,Gm5105,225.0
2459,chr3,138678000,138680000,ESC_enriched,2,0.9894779881246344,promoter,Tspan5,NM_019571,+,Tspan5,-594.0
2460,chr3,141402000,141405000,ESC_enriched,3,0.9977263737598164,promoter,Unc5c,NM_009472,+,Unc5c,550.0
2461,chr3,144136000,144140000,ESC_enriched,4,0.9875629142873936,promoter,Lmo4,NM_001161769,-,Lmo4,-1782.0
2462,chr3,144333000,144335000,ESC_enriched,2,0.9974778020370584,intergenic,,,,Hs2st1,-173602.0
2463,chr3,145230000,145232000,ESC_enriched,2,0.9918895884446266,promoter,Col24a1,NM_027770,+,Col24a1,1143.0
2464,chr3,145570000,145572000,ESC_enriched,2,0.9836862900521438,intergenic,,,,Ccn1,-16371.0
2465,chr3,145587000,145591000,ESC_enriched,4,0.993229026042966,promoter,Ccn1,NM_010516,-,Ccn1,1629.0
2466,chr3,145695000,145698000,ESC_enriched,3,0.992019732916504,promoter,Ddah1,NM_026993,+,Ddah1,423.0
2467,chr3,146054000,146056000,ESC_enriched,2,0.999852082882748,intergenic,,,,Mcoln3,-4176.0
2468,chr3,146087000,146089000,ESC_enriched,2,0.9854007382611912,promoter,Mcoln2,NM_026656,+,Mcoln2,782.0
2469,chr3,146622000,146624000,ESC_enriched,2,0.9998912615556336,intergenic,,,,4930503B20Rik,2350.0
2470,chr3,148190000,148192000,NPC_enriched,2,0.9773894942953169,intergenic,,,,Adgrl2,-701021.0
2471,chr3,152043000,152046000,ESC_enriched,3,0.9823557396837224,gene_body,Gipc2,NM_016867,-,Gipc2,-58786.0
2472,chr3,152103000,152106000,ESC_enriched,3,0.9911663531296248,promoter,Gipc2,NM_016867,-,Gipc2,1214.0
2473,chr3,152606000,152607000,ESC_enriched,1,0.96507343392212,promoter,Ak5,NM_001081277,-,Ak5,754.0
2474,chr3,153911000,153914000,ESC_enriched,3,0.9696753676536672,promoter,Slc44a5,NM_001081263,+,Slc44a5,1679.0
2475,chr3,154699000,154700000,ESC_enriched,1,0.9824359698027016,intergenic,,,,Gm20389,52860.0
2476,chr3,156496000,156500000,ESC_enriched,4,0.9913504889769617,promoter,Negr1,NM_001039094,+,Negr1,914.0
2477,chr3,157502000,157505000,ESC_enriched,3,0.9791969001900636,promoter,Ptger3,NM_011196,+,Ptger3,1332.0
2478,chr3,158495000,158499000,ESC_enriched,4,0.991839598325274,promoter,Lrrc7,NM_001370781,-,Lrrc7,-54.0
2479,chr3,159775000,159777000,ESC_enriched,2,0.9931895744360952,promoter,Wls,NM_001356350,+,Wls,1058.0
2480,chr4,3605000,3608000,ESC_enriched,3,0.9927455402572608,promoter,Lyn,NM_010747,+,Lyn,1233.0
2481,chr4,3824000,3847000,NPC_enriched,23,0.9949666095099896,gene_body,Plag1,NM_019969,-,Plag1,-30052.0
2482,chr4,3848000,3865000,NPC_enriched,17,0.9968747819754604,promoter,Plag1,NM_019969,-,Plag1,-9052.0
2483,chr4,6916000,6919000,ESC_enriched,3,0.9932786037441388,promoter,Tox,NM_145711,-,Tox,-483.0
2484,chr4,9770000,9775000,ESC_enriched,5,0.9989433009133968,promoter,Gdf6,NM_013526,+,Gdf6,982.0
2485,chr4,9785000,9787000,ESC_enriched,2,0.9888205802674276,gene_body,Gdf6,NM_013526,+,Gdf6,14482.0
2486,chr4,11313000,11316000,NPC_enriched,3,0.9746114859983164,promoter,Esrp1,NM_001347052,-,Esrp1,575.0
2487,chr4,11628000,11634000,ESC_enriched,6,0.9880031617149516,promoter,Gem,NM_010276,+,Gem,-593.0
2488,chr4,13060000,13063000,NPC_enriched,3,0.980664905227496,intergenic,,,,Triqk,227517.0
2489,chr4,13524000,13531000,NPC_enriched,7,0.99359113963418,intergenic,,,,Runx1t1,-142948.0
2490,chr4,13536000,13537000,NPC_enriched,1,0.968699667460456,intergenic,,,,Runx1t1,-133948.0
2491,chr4,15075000,15077000,ESC_enriched,2,0.9724946526872892,promoter,Necab1,NM_178617,-,Necab1,-278.0
2492,chr4,17780000,17782000,ESC_enriched,2,0.9823739488600188,promoter,Mmp16,NM_019724,+,Mmp16,389.0
2493,chr4,20868000,20870000,ESC_enriched,2,0.9862025817090364,promoter,Nkain3,NM_001290410,-,Nkain3,-503.0
2494,chr4,21618000,21622000,NPC_enriched,4,0.9668161702851794,intergenic,,,,Prdm13,-156798.0
2495,chr4,22567000,22593000,ESC_enriched,26,0.9961321234839372,promoter,Pou3f2,NM_008899,-,Pou3f2,799.0
2496,chr4,27021000,27022000,NPC_enriched,1,0.9624720313917544,intergenic,,,,4930548K13Rik,225421.0
2497,chr4,32568000,32570000,ESC_enriched,2,0.9820551143936777,intergenic,,,,Bach2,-177047.0
2498,chr4,33357000,33360000,ESC_enriched,3,0.9806987315277864,promoter,4933421O10Rik,NR_036602,-,4933421O10Rik,-1436.0
2499,chr4,34378000,34379000,ESC_enriched,1,0.9540763493372628,promoter,Spaca1,NM_001290443,-,Spaca1,-178.0
2500,chr4,41285000,41288000,ESC_enriched,3,0.991948369541628,promoter,Aqp3,NM_016689,-,Aqp3,-354.0
2501,chr4,41684000,41689000,ESC_enriched,5,0.9899315482541816,gene_body,Myorg,NM_001085515,-,Myorg,-5246.0
2502,chr4,41707000,41712000,ESC_enriched,5,0.9933197177100028,promoter,Fam219aos,NR_045726,+,Fam219aos,3393.0
2503,chr4,41825000,41830000,ESC_enriched,5,0.987936904807044,promoter,Enho,NM_027147,-,Enho,-1473.0
2504,chr4,43391000,43394000,ESC_enriched,3,0.983116499418157,gene_body,Atp8b5,NM_177195,+,Gm46851,31265.0
2505,chr4,43444000,43450000,ESC_enriched,6,0.9949069104754876,promoter,Fam166b,NM_177377,-,Fam166b,-3234.0
2506,chr4,43474000,43477000,ESC_enriched,3,0.9973963215342576,promoter,Cd72,NM_007654,-,Cd72,-226.0
2507,chr4,43544000,43547000,ESC_enriched,3,0.9930539162793468,promoter,Tpm2,NM_001277875,-,Tpm2,846.0
2508,chr4,43652000,43656000,ESC_enriched,4,0.98962361264695,promoter,Npr2,NM_001355466,+,Npr2,966.0
2509,chr4,45673000,45679000,ESC_enriched,6,0.9896205133374796,intergenic,,,,Gm12408,14965.0
2510,chr4,45759000,45761000,ESC_enriched,2,0.9750519889505032,intergenic,,,,Gm12409,-25323.0
2511,chr4,45993000,45995000,ESC_enriched,2,0.9951508149279388,gene_body,Tdrd7,NM_001290475,+,Tdrd7,7566.0
2512,chr4,46001000,46002000,ESC_enriched,1,0.9576874167958468,gene_body,Tdrd7,NM_001290475,+,Tdrd7,15066.0
2513,chr4,46054000,46057000,ESC_enriched,3,0.9835255753362904,gene_body,Tdrd7,NM_001290475,+,Tmod1,-4821.0
2514,chr4,46058000,46060000,ESC_enriched,2,0.9546171792563578,promoter,Tmod1,NM_021883,+,Tmod1,-1321.0
2515,chr4,46370000,46380000,ESC_enriched,10,0.99090188504035,intergenic,,,,Foxe1,10257.0
2516,chr4,46634000,46636000,ESC_enriched,2,0.9785330970292936,gene_body,Tbc1d2,NM_198664,-,Tbc1d2,-36299.0
2517,chr4,47077000,47081000,ESC_enriched,4,0.997805612512698,promoter,Anks6,NM_001024136,-,Anks6,594.0
2518,chr4,47258000,47260000,ESC_enriched,2,0.9739044237402004,gene_body,Col15a1,NM_009928,+,Col15a1,29889.0
2519,chr4,48060000,48075000,ESC_enriched,15,0.994436503776377,promoter,Nr4a3,NM_015743,+,Nr4a3,1096.0
2520,chr4,49080000,49084000,ESC_enriched,4,0.9829749063134882,promoter,Plppr1,NM_178756,+,Plppr1,1439.0
2521,chr4,49865000,49869000,ESC_enriched,4,0.991697127242714,promoter,Grin3a,NM_001276355,-,Grin3a,131.0
2522,chr4,52800000,52804000,NPC_enriched,4,0.9743241432943048,intergenic,,,,4930552N02Rik,-33703.0
2523,chr4,52816000,52822000,NPC_enriched,6,0.996877777304426,intergenic,,,,4930552N02Rik,-16703.0
2524,chr4,52826000,52830000,NPC_enriched,4,0.9826547205597596,intergenic,,,,4930552N02Rik,-7703.0
2525,chr4,52848000,52854000,NPC_enriched,6,0.96100901214378,gene_body,4930552N02Rik,NR_040661,+,Olfr275,4502.0
2526,chr4,52862000,52864000,NPC_enriched,2,0.9888896907395994,intergenic,,,,Olfr273,-14611.0
2527,chr4,52876000,52880000,NPC_enriched,4,0.9934432837549244,promoter,Olfr273,NM_146824,-,Olfr273,389.0
2528,chr4,53900000,53901000,ESC_enriched,1,0.9696693077496776,intergenic,,,,Tmem38b,53356.0
2529,chr4,55670000,55675000,ESC_enriched,5,0.9950487670004764,intergenic,,,,Klf4,118925.0
2530,chr4,57528000,57529000,ESC_enriched,1,0.9699034072769406,promoter,Pakap,NM_001384157,+,Pakap,-28.0
2531,chr4,57660000,57664000,ESC_enriched,4,0.998769573091136,gene_body,Pakap,NM_001384157,+,Pakap,133472.0
2532,chr4,58299000,58305000,ESC_enriched,6,0.990354460518092,promoter,Svep1,NM_022814,-,Svep1,1350.0
2533,chr4,59005000,59008000,ESC_enriched,3,0.989444822876497,promoter,Ecpas,NM_172381,-,Ecpas,-303.0
2534,chr4,59038000,59040000,ESC_enriched,2,0.993767366775054,promoter,Zkscan16,NM_001355408,+,Zkscan16,1319.0
2535,chr4,59532000,59535000,ESC_enriched,3,0.9874608565909592,promoter,Susd1,NM_001163288,-,Susd1,813.0
2536,chr4,60008000,60009000,ESC_enriched,1,0.9553070594011293,promoter,Slc46a2,NM_021053,-,Slc46a2,-610.0
2537,chr4,62162000,62163000,ESC_enriched,1,0.970445468057694,gene_body,Rgs3,NM_134257,+,Gm11210,-47151.0
2538,chr4,64336000,64339000,NPC_enriched,3,0.9918026155313568,intergenic,,,,Pappa,-273034.0
2539,chr4,64727000,64732000,ESC_enriched,5,0.9855573700128908,gene_body,Pappa,NM_021362,+,Pappa,118966.0
2540,chr4,65888000,65893000,ESC_enriched,5,0.9949745630785632,promoter,Astn2,NM_019514,-,Astn2,-344.0
2541,chr4,70019000,70021000,ESC_enriched,2,0.9948384293031608,promoter,Megf9,NM_172694,-,Megf9,-1289.0
2542,chr4,71251000,71256000,NPC_enriched,5,0.9994998899430396,intergenic,,,,Tle1,-433754.0
2543,chr4,71873000,71881000,NPC_enriched,8,0.996175864505204,intergenic,,,,C630043F03Rik,189396.0
2544,chr4,73261000,73263000,ESC_enriched,2,0.9640335500217916,promoter,Rasef,NM_001017427,-,Rasef,167.0
2545,chr4,73484000,73486000,ESC_enriched,2,0.99884521625932,promoter,Frmd3,NM_001163732,+,Frmd3,167.0
2546,chr4,75920000,75923000,ESC_enriched,3,0.9953244093341528,promoter,Gm42303,NR_168523,+,Gm42303,-622.0
2547,chr4,80152000,80155000,NPC_enriched,3,0.961538083267782,intergenic,,,,Tyrp1,-151943.0
2548,chr4,80209000,80211000,NPC_enriched,2,0.994852104141854,intergenic,,,,Tyrp1,-95443.0
2549,chr4,82003000,82005000,ESC_enriched,2,0.9847967988036492,gene_body,Gm11266,NR_137202,+,Gm11266,24781.0
2550,chr4,82006000,82012000,ESC_enriched,6,0.9993991625578342,gene_body,Gm11266,NR_137202,+,Gm11266,29781.0
2551,chr4,84012000,84016000,NPC_enriched,4,0.9866647419689514,gene_body,Bnc2,NM_172870,-,Bnc2,-132634.0
2552,chr4,84104000,84108000,NPC_enriched,4,0.997271546907645,gene_body,Bnc2,NM_172870,-,Bnc2,-40634.0
2553,chr4,84984000,84988000,ESC_enriched,4,0.9886741187813206,intergenic,,,,Sh3gl2,309314.0
2554,chr4,87502000,87504000,ESC_enriched,2,0.9996923713205368,promoter,Mllt3,NM_027326,-,Mllt3,-1638.0
2555,chr4,88403000,88409000,NPC_enriched,6,0.9947912202550864,gene_body,Gm49890,NR_132734,-,Gm49890,-7273.0
2556,chr4,88742000,88755000,ESC_enriched,13,0.993262085756267,gene_body,Cdkn2a,NM_009877,-,Cdkn2a,-17350.0
2557,chr4,88759000,88762000,ESC_enriched,3,0.9962668163358244,gene_body,Cdkn2a,NM_009877,-,Cdkn2a,-5350.0
2558,chr4,88765000,88768000,ESC_enriched,3,0.9990616365793672,promoter,Gm12610,NR_132431,+,Gm12610,90.0
2559,chr4,88771000,88783000,ESC_enriched,12,0.9973045025264572,promoter,Cdkn2b,NM_007670,-,Cdkn2b,-5268.0
2560,chr4,94542000,94544000,ESC_enriched,2,0.9997682639830257,promoter,Jun,NM_010591,-,Jun,-1240.0
2561,chr4,97238000,97251000,ESC_enriched,13,0.991671950280688,gene_body,Nfia,NM_001122952,+,E130114P18Rik,167891.0
2562,chr4,97267000,97270000,ESC_enriched,3,0.9968330528015856,gene_body,Nfia,NM_001122952,+,E130114P18Rik,191891.0
2563,chr4,97272000,97273000,ESC_enriched,1,0.969321047584841,gene_body,Nfia,NM_001122952,+,E130114P18Rik,195891.0
2564,chr4,98311000,98313000,ESC_enriched,2,0.9685360389567212,gene_body,I0C0044D17Rik,NR_151512,-,Kank4,2445.0
2565,chr4,100274000,100279000,ESC_enriched,5,0.9959428603611664,promoter,Cachd1,NM_198037,+,Cachd1,1890.0
2566,chr4,100790000,100794000,ESC_enriched,4,0.9924810165097562,intergenic,,,,Jak1,28786.0
2567,chr4,102257000,102261000,ESC_enriched,4,0.9810366338268576,promoter,Sgip1,NM_001285862,+,Sgip1,934.0
2568,chr4,102475000,102478000,ESC_enriched,3,0.985494943300832,promoter,Tctex1d1,NM_001374706,+,Tctex1d1,-134.0
2569,chr4,103863000,103867000,ESC_enriched,4,0.9873235848137588,gene_body,Dab1,NM_001369047,+,C8b,-399248.0
2570,chr4,105951000,105963000,ESC_enriched,12,0.9876529266274686,promoter,Pcsk9,NM_153565,-,Pcsk9,-5257.0
2571,chr4,106120000,106122000,ESC_enriched,2,0.9999956730020444,promoter,Ttc22,NM_177667,+,Ttc22,620.0
2572,chr4,106302000,106303000,ESC_enriched,1,0.9765169060400312,promoter,Acot11,NM_001347159,-,Acot11,-439.0
2573,chr4,106933000,106939000,ESC_enriched,6,0.9972677575418128,promoter,Glis1,NM_147221,+,Glis1,3350.0
2574,chr4,106956000,106959000,ESC_enriched,3,0.9868036093679512,gene_body,Glis1,NM_147221,+,Glis1,24850.0
2575,chr4,107170000,107185000,ESC_enriched,15,0.9980114434950274,promoter,Dmrtb1,NM_019872,-,Dmrtb1,-4662.0
2576,chr4,107343000,107346000,ESC_enriched,3,0.999348596484502,gene_body,Lrp8,NM_001369051,+,Lrp8os2,23546.0
2577,chr4,107527000,107533000,ESC_enriched,6,0.9944537707731534,promoter,Podn,NM_172874,-,Podn,114.0
2578,chr4,107880000,107882000,ESC_enriched,2,0.9854506748775368,promoter,Shisal2a,NM_001099303,-,Shisal2a,-587.0
2579,chr4,108377000,108379000,ESC_enriched,2,0.9640714843163938,promoter,Rab3b,NM_023537,+,Rab3b,999.0
2580,chr4,108892000,108894000,ESC_enriched,2,0.9937141632211726,intergenic,,,,Ttc39aos1,-11189.0
2581,chr4,108903000,108907000,ESC_enriched,4,0.9907203664975076,promoter,Ttc39a,NM_153392,+,Ttc39a,-31.0
2582,chr4,109155000,109164000,ESC_enriched,9,0.997900840757002,promoter,9630013D21Rik,NR_166455,-,9630013D21Rik,3985.0
2583,chr4,109468000,109487000,ESC_enriched,19,0.9975181351427158,promoter,Dmrta2,NM_172296,+,Dmrta2,1544.0
2584,chr4,114146000,114150000,ESC_enriched,4,0.9858835880886624,intergenic,,,,Gm12830,-171651.0
2585,chr4,114164000,114166000,ESC_enriched,2,0.9957629391558156,intergenic,,,,Gm12830,-154651.0
2586,chr4,114317000,114321000,ESC_enriched,4,0.9935369287552728,promoter,Gm12830,NR_033617,+,Gm12830,-651.0
2587,chr4,114402000,114415000,ESC_enriched,13,0.9982531233688898,promoter,Foxd2os,NR_030721,+,Foxd2os,1312.0
2588,chr4,114421000,114428000,ESC_enriched,7,0.985570672646665,promoter,Foxe3,NM_015758,-,Foxe3,501.0
2589,chr4,114554000,114562000,ESC_enriched,8,0.997523939569506,promoter,Tal1,NM_011527,+,Tal1,3643.0
2590,chr4,115373000,115384000,ESC_enriched,11,0.9972808204113842,promoter,Kncn,NM_001039124,+,Kncn,-3831.0
2591,chr4,115388000,115392000,ESC_enriched,4,0.9869096631178224,promoter,6430628N08Rik,NM_001357060,+,6430628N08Rik,1403.0
2592,chr4,115394000,115400000,ESC_enriched,6,0.9902751668331082,gene_body,6430628N08Rik,NM_001357060,+,6430628N08Rik,8403.0
2593,chr4,115415000,115418000,ESC_enriched,3,0.983183140559135,gene_body,Dmbx1,NM_001025567,-,Dmbx1,-21358.0
2594,chr4,115430000,115434000,ESC_enriched,4,0.9800485740998542,gene_body,Dmbx1,NM_001025567,-,Dmbx1,-5858.0
2595,chr4,115459000,115479000,ESC_enriched,20,0.9948337676736182,intergenic,,,,Dmbx1,31142.0
2596,chr4,117420000,117429000,ESC_enriched,9,0.9934522035568092,promoter,Artn,NM_001284193,-,Artn,-3195.0
2597,chr4,118076000,118081000,ESC_enriched,5,0.9893120473744734,gene_body,Cfap57,NM_026789,-,Tmem125,36842.0
2598,chr4,118998000,119000000,ESC_enriched,2,0.97665125497974,intergenic,,,,Rimkla,8470.0
2599,chr4,119592000,119596000,ESC_enriched,4,0.9923115010271192,gene_body,Hivep3,NM_010657,+,Edn2,-64840.0
2600,chr4,119763000,119768000,ESC_enriched,5,0.9898516263302548,gene_body,Foxo6,NM_194060,-,Foxo6,-19396.0
2601,chr4,120146000,120149000,ESC_enriched,3,0.9684617606465584,intergenic,,,,Cited4,-16697.0
2602,chr4,120167000,120169000,ESC_enriched,2,0.9717549580322166,intergenic,,,,Cited4,3803.0
2603,chr4,120196000,120197000,ESC_enriched,1,0.9528211746759612,gene_body,Kcnq4,NM_001081142,-,Cited4,32303.0
2604,chr4,120229000,120250000,ESC_enriched,21,0.9939176720225577,promoter,Kcnq4,NM_001081142,-,Kcnq4,-5534.0
2605,chr4,120536000,120538000,ESC_enriched,2,0.999040878823264,promoter,Col9a2,NM_007741,+,Col9a2,-200.0
2606,chr4,122451000,122455000,ESC_enriched,4,0.9722414591020404,gene_body,Mfsd2a,NM_029662,-,Mfsd2a,-10491.0
2607,chr4,122459000,122466000,ESC_enriched,7,0.9870720580740976,promoter,Mfsd2a,NM_029662,-,Mfsd2a,-991.0
2608,chr4,122607000,122609000,ESC_enriched,2,0.9999266968241723,promoter,Bmp8b,NM_007559,+,Bmp8b,537.0
2609,chr4,122618000,122619000,ESC_enriched,1,0.982973954340348,promoter,Oxct2b,NM_181859,+,Oxct2b,-50.0
2610,chr4,122691000,122700000,ESC_enriched,9,0.9958985769722988,gene_body,Hpcal4,NM_174998,+,Nt5c1a,-8287.0
2611,chr4,122702000,122705000,ESC_enriched,3,0.9870614835155256,promoter,Nt5c1a,NM_001085502,+,Nt5c1a,-287.0
2612,chr4,122735000,122745000,ESC_enriched,10,0.9832662560397364,promoter,Heyl,NM_013905,+,Heyl,4142.0
2613,chr4,122825000,122827000,ESC_enriched,2,0.9877618350873912,promoter,Oxct2a,NM_022033,-,Oxct2a,18.0
2614,chr4,123492000,123494000,ESC_enriched,2,0.997366985942686,intergenic,,,,Rragc,73265.0
2615,chr4,123680000,123683000,ESC_enriched,3,0.9832291010316666,intergenic,,,,1700021L23Rik,-153523.0
2616,chr4,123691000,123693000,ESC_enriched,2,0.9774959591956596,intergenic,,,,1700021L23Rik,-143023.0
2617,chr4,123779000,123781000,ESC_enriched,2,0.9647389118831724,intergenic,,,,1700021L23Rik,-55023.0
2618,chr4,124075000,124080000,ESC_enriched,5,0.9911974546338518,gene_body,4933407E24Rik,NR_045819,+,4933407E24Rik,6019.0
2619,chr4,124158000,124170000,ESC_enriched,12,0.9982496759977404,promoter,Pou3f1,NM_011141,+,Pou3f1,4052.0
2620,chr4,124387000,124389000,ESC_enriched,2,0.9776470586318022,gene_body,Epha10,NM_001256432,+,Epha10,3912.0
2621,chr4,124785000,124791000,ESC_enriched,6,0.971864500905832,intergenic,,,,Zc3h12a,157815.0
2622,chr4,124814000,124821000,ESC_enriched,7,0.9763600652606772,intergenic,,,,Grik3,-175499.0
2623,chr4,125785000,125791000,ESC_enriched,6,0.9923510258667854,promoter,Col8a2,NM_199473,+,Col8a2,-1097.0
2624,chr4,125796000,125801000,ESC_enriched,5,0.9940446127888078,gene_body,Col8a2,NM_199473,+,Col8a2,9403.0
2625,chr4,125804000,125805000,ESC_enriched,1,0.98759907956007,gene_body,Col8a2,NM_199473,+,Col8a2,15403.0
2626,chr4,125824000,125828000,ESC_enriched,4,0.9938650625468464,promoter,Tekt2,NM_001357263,-,Tekt2,-1950.0
2627,chr4,126035000,126037000,ESC_enriched,2,0.9954580945695856,promoter,Ago4,NM_153177,-,Ago4,238.0
2628,chr4,126122000,126124000,ESC_enriched,2,0.9977304808851492,intergenic,,,,5730409E04Rik,10843.0
2629,chr4,126235000,126241000,ESC_enriched,6,0.995513555448468,promoter,Tfap2e,NM_198960,-,Tfap2e,-573.0
2630,chr4,127472000,127476000,ESC_enriched,4,0.9905651246304754,promoter,CK137956,NM_001134733,-,CK137956,855.0
2631,chr4,127488000,127492000,ESC_enriched,4,0.99993448760243,promoter,Csmd2,NM_001281955,+,Csmd2,-347.0
2632,chr4,128118000,128120000,ESC_enriched,2,0.9841020909128172,promoter,Tlr12,NM_205823,-,Tlr12,-1923.0
2633,chr4,128301000,128308000,ESC_enriched,7,0.9952170323487328,promoter,Zfp362,NM_001081098,-,Zfp362,-3916.0
2634,chr4,128385000,128388000,ESC_enriched,3,0.9863158699185446,promoter,Trim62,NM_001370756,+,Trim62,153.0
2635,chr4,128606000,128612000,ESC_enriched,6,0.9951599445263598,promoter,Tmem54,NM_025452,+,Tmem54,1167.0
2636,chr4,128788000,128793000,ESC_enriched,5,0.986838706377844,promoter,Sync,NM_023485,+,Sync,576.0
2637,chr4,128993000,128995000,ESC_enriched,2,0.9997610198725252,promoter,Fam229a,NM_001085491,+,Fam229a,507.0
2638,chr4,129274000,129276000,ESC_enriched,2,0.9713540949681736,intergenic,,,,Khdrbs1,30393.0
2639,chr4,129466000,129471000,ESC_enriched,5,0.9901824463065044,gene_body,1700003M07Rik,NR_040647,+,1700003M07Rik,5823.0
2640,chr4,129482000,129502000,ESC_enriched,20,0.997595400798702,promoter,Adgrb2,NM_001199696,+,Adgrb2,4827.0
2641,chr4,129509000,129517000,ESC_enriched,8,0.993435644269383,gene_body,Adgrb2,NM_001199696,+,Adgrb2,25827.0
2642,chr4,129580000,129604000,ESC_enriched,24,0.99637398497899,gene_body,Col16a1,NM_028266,+,Pef1,-17859.0
2643,chr4,129644000,129646000,ESC_enriched,2,0.969618267841026,intergenic,,,,Hcrtr1,4145.0
2644,chr4,129664000,129672000,ESC_enriched,8,0.9934756542574712,gene_body,Tinagl1,NM_023476,-,Tinagl1,-9426.0
2645,chr4,130062000,130073000,ESC_enriched,11,0.981979963356968,promoter,Sdc3,NM_011520,+,Sdc3,2888.0
2646,chr4,131091000,131094000,ESC_enriched,3,0.9905190428401388,gene_body,Ptpru,NM_011214,-,Ptpru,-17854.0
2647,chr4,131186000,131197000,ESC_enriched,11,0.99843522329645,promoter,Gm12992,NR_102393,-,Gm12992,-605.0
2648,chr4,131385000,131387000,ESC_enriched,2,0.9984937321411548,gene_body,Oprd1,NM_013622,-,Oprd1,-30562.0
2649,chr4,132065000,132069000,ESC_enriched,4,0.9578145618245684,promoter,Themis2,NM_001033308,-,Themis2,-1440.0
2650,chr4,132485000,132487000,ESC_enriched,2,0.997815355763764,promoter,Gpr3,NM_008154,-,Gpr3,1388.0
2651,chr4,132527000,132530000,ESC_enriched,3,0.9906582041237612,gene_body,Sytl1,NM_031393,-,Sytl1,-6663.0
2652,chr4,133288000,133294000,NPC_enriched,6,0.9914271453366882,promoter,Lin28a,NM_145833,-,Lin28a,108.0
2653,chr4,133519000,133527000,ESC_enriched,8,0.992908444748544,promoter,Grrp1,NM_001099296,-,Grrp1,-3182.0
2654,chr4,133615000,133616000,ESC_enriched,1,0.989684012547182,promoter,Slc30a2,NM_001039677,+,Slc30a2,379.0
2655,chr4,133642000,133645000,ESC_enriched,3,0.9974790469667444,promoter,Extl1,NM_019578,-,Extl1,-1123.0
2656,chr4,133975000,133976000,ESC_enriched,1,0.9965777502901012,promoter,Man1c1,NM_207237,-,Man1c1,-866.0
2657,chr4,134370000,134373000,ESC_enriched,3,0.983222345877008,intergenic,,,,Runx3,-21220.0
2658,chr4,134411000,134413000,ESC_enriched,2,0.9649168232742872,gene_body,Runx3,NM_019732,+,Runx3,19280.0
2659,chr4,134420000,134428000,ESC_enriched,8,0.9954418105932498,gene_body,Runx3,NM_019732,+,Runx3,31280.0
2660,chr4,134444000,134453000,ESC_enriched,9,0.9950774874473408,gene_body,Runx3,NM_019732,+,Runx3,55780.0
2661,chr4,134478000,134479000,ESC_enriched,1,0.9658238145945894,intergenic,,,,Clic4,-66336.0
2662,chr4,135351000,135363000,ESC_enriched,12,0.994333431249475,intergenic,,,,Rpl11,31531.0
2663,chr4,135374000,135378000,ESC_enriched,4,0.988184102360038,intergenic,,,,Gm42329,-38294.0
2664,chr4,135398000,135425000,ESC_enriched,27,0.9954308437024209,promoter,Gm42329,NR_168524,-,Gm42329,-2794.0
2665,chr4,135561000,135564000,ESC_enriched,3,0.997616545408996,gene_body,Zfp46,NM_001370651,+,Zfp46,5749.0
2666,chr4,135909000,135912000,ESC_enriched,3,0.9894520498286816,gene_body,Lactbl1,NM_001243262,+,Lactbl1,15804.0
2667,chr4,136026000,136029000,ESC_enriched,3,0.9863779065278848,gene_body,Ephb2,NM_010142,-,Ephb2,-80588.0
2668,chr4,136567000,136569000,ESC_enriched,2,0.9836546212081544,gene_body,Wnt4,NM_009523,+,Wnt4,18290.0
2669,chr4,136937000,136940000,ESC_enriched,3,0.9889535088853734,intergenic,,,,Rap1gap,-15202.0
2670,chr4,136952000,136954000,ESC_enriched,2,0.999914402110398,promoter,Rap1gap,NM_001256218,+,Rap1gap,-702.0
2671,chr4,137134000,137137000,ESC_enriched,3,0.9960423098237854,intergenic,,,,Ece1,-50133.0
2672,chr4,137523000,137530000,ESC_enriched,7,0.9833458972224256,promoter,Sh2d5,NM_001099631,+,Sh2d5,4014.0
2673,chr4,137535000,137538000,ESC_enriched,3,0.984098128409582,promoter,Kif17,NM_010623,+,Kif17,2174.0
2674,chr4,138345000,138347000,ESC_enriched,2,0.9967715572357084,promoter,Htr6,NM_001377096,-,Htr6,-1646.0
2675,chr4,138360000,138368000,ESC_enriched,8,0.9887279513548096,promoter,Nbl1,NM_008675,-,Nbl1,-1046.0
2676,chr4,138847000,138849000,ESC_enriched,2,0.9978263462190368,promoter,Iffo2,NM_001205173,+,Iffo2,1205.0
2677,chr4,139106000,139112000,ESC_enriched,6,0.9996929727847316,promoter,Pax7,NM_011039,-,Pax7,3956.0
2678,chr4,139196000,139200000,ESC_enriched,4,0.9945250236493896,gene_body,4933427I22Rik,NR_045160,-,4933427I22Rik,-7150.0
2679,chr4,140518000,140524000,ESC_enriched,6,0.9799682653349446,gene_body,Arhgef19,NM_001379647,+,C630004L07Rik,5958.0
2680,chr4,140935000,140938000,ESC_enriched,3,0.9932607246606132,promoter,Plekhm2,NM_001347237,-,Plekhm2,278.0
2681,chr4,141089000,141092000,ESC_enriched,3,0.9738704039367384,gene_body,Cela2a,NM_007919,-,Cela2a,-7581.0
2682,chr4,142616000,142619000,ESC_enriched,3,0.9915068247874068,promoter,Lrrc38,NM_001162983,+,Lrrc38,1064.0
2683,chr4,146972000,146976000,ESC_enriched,4,0.999042929271312,promoter,Draxin,NM_027426,-,Draxin,-498.0
2684,chr4,147008000,147010000,ESC_enriched,2,0.9956975389493024,gene_body,Fbxo2,NM_176848,+,Fbxo2,4533.0
2685,chr4,147113000,147119000,ESC_enriched,6,0.9889340789003368,gene_body,Disp3,NM_001083342,-,Disp3,-15765.0
2686,chr4,147246000,147249000,ESC_enriched,3,0.9869686673452844,intergenic,,,,Ubiad1,-41060.0
2687,chr4,147654000,147663000,NPC_enriched,9,0.9852335609201708,gene_body,Casz1,NM_001159344,+,Casz1,10309.0
2688,chr4,147670000,147673000,NPC_enriched,3,0.9662373022583274,gene_body,Casz1,NM_001159344,+,Casz1,23309.0
2689,chr4,147684000,147741000,NPC_enriched,57,0.9987542026545416,gene_body,Casz1,NM_001159344,+,Casz1,64309.0
2690,chr4,147795000,147797000,ESC_enriched,2,0.9978033033444031,promoter,Gm13205,NR_154553,-,Gm13205,-122.0
2691,chr4,148431000,148433000,ESC_enriched,2,0.9930188671615134,promoter,Clstn1,NM_023051,+,Clstn1,1733.0
2692,chr4,148797000,148799000,ESC_enriched,2,0.999531978903895,promoter,Spsb1,NM_029035,-,Spsb1,-806.0
2693,chr4,148875000,148878000,ESC_enriched,3,0.991602889728892,intergenic,,,,H6pd,23677.0
2694,chr4,148944000,148946000,ESC_enriched,2,0.9841847708607636,gene_body,Gpr157,NM_177366,+,Gpr157,13698.0
2695,chr4,149970000,149975000,ESC_enriched,5,0.9884944952729832,gene_body,Camta1,NM_001081557,-,Gm13090,39131.0
2696,chr4,149984000,149986000,ESC_enriched,2,0.9815797057579556,gene_body,Camta1,NM_001081557,-,Gm13090,51631.0
2697,chr4,150958000,150966000,ESC_enriched,8,0.9979254795290774,promoter,Tnfrsf25,NM_001291010,+,Tnfrsf25,2267.0
2698,chr4,150967000,150973000,ESC_enriched,6,0.9978932200438292,gene_body,Espn,NM_207687,-,Tnfrsf25,10267.0
2699,chr4,151158000,151162000,ESC_enriched,4,0.9845462275609196,promoter,Rnf207,NM_001033489,-,Rnf207,-2425.0
2700,chr4,151320000,151321000,ESC_enriched,1,0.9936526817268728,promoter,Nphp4,NM_001355738,+,Nphp4,-5.0
2701,chr4,151391000,151394000,ESC_enriched,3,0.9969878833293324,gene_body,Nphp4,NM_001355738,+,Kcnab2,71151.0
2702,chr4,152107000,152111000,ESC_enriched,4,0.9923265172990438,intergenic,,,,Ajap1,-217630.0
2703,chr4,152243000,152244000,ESC_enriched,1,0.9517945720303728,gene_body,Ajap1,NM_001099299,-,Ajap1,-83130.0
2704,chr4,152246000,152248000,ESC_enriched,2,0.9538869894674002,gene_body,Ajap1,NM_001099299,-,Ajap1,-79630.0
2705,chr4,152324000,152330000,ESC_enriched,6,0.997528314634462,promoter,Ajap1,NM_001099299,-,Ajap1,370.0
2706,chr4,152423000,152428000,ESC_enriched,5,0.9903341947059516,intergenic,,,,Ajap1,98870.0
2707,chr4,152479000,152481000,ESC_enriched,2,0.9697441537739468,intergenic,,,,Ajap1,153370.0
2708,chr4,152551000,152561000,ESC_enriched,10,0.9914021395699544,intergenic,,,,Ajap1,229370.0
2709,chr4,152647000,152651000,ESC_enriched,4,0.988642079217195,intergenic,,,,BC039966,-145276.0
2710,chr4,152679000,152685000,ESC_enriched,6,0.9791523590931734,intergenic,,,,BC039966,-112276.0
2711,chr4,152688000,152691000,ESC_enriched,3,0.9888624706638764,intergenic,,,,BC039966,-104776.0
2712,chr4,152751000,152752000,ESC_enriched,1,0.9507209072393756,intergenic,,,,BC039966,-42776.0
2713,chr4,152944000,152949000,ESC_enriched,5,0.9864704400547152,gene_body,Trp73,NM_011642,-,Trp73,-37175.0
2714,chr4,152984000,152988000,ESC_enriched,4,0.9854379900508372,promoter,Wrap73,NM_021499,+,Wrap73,-171.0
2715,chr4,153014000,153022000,ESC_enriched,8,0.9983027559891168,promoter,Megf6,NM_001162977,+,Megf6,3488.0
2716,chr4,153061000,153071000,ESC_enriched,10,0.9902902598799984,gene_body,Megf6,NM_001162977,+,Megf6,51488.0
2717,chr4,153083000,153085000,ESC_enriched,2,0.9703439781025722,gene_body,Megf6,NM_001162977,+,Gm52687,-59443.0
2718,chr4,153178000,153187000,ESC_enriched,9,0.9869299691868582,gene_body,Prdm16,NM_001291026,-,Arhgef16,38805.0
2719,chr4,153477000,153480000,ESC_enriched,3,0.982624830741226,promoter,5930403L14Rik,NR_045643,-,5930403L14Rik,-1667.0
2720,chr4,153801000,153808000,ESC_enriched,7,0.99641750578391,promoter,Hes5,NM_010419,+,Hes5,-222.0
2721,chr4,154068000,154069000,ESC_enriched,1,0.9989092697561376,intergenic,,,,Ski,2165.0
2722,chr4,154203000,154207000,NPC_enriched,4,0.9900639470484506,promoter,Prkcz,NM_008860,-,Prkcz,-228.0
2723,chr4,154496000,154499000,ESC_enriched,3,0.9838459763343378,promoter,Mmp23,NM_001320235,-,Mmp23,410.0
2724,chr4,154612000,154619000,ESC_enriched,7,0.9866784150267917,promoter,Vwa1,NM_147776,-,Vwa1,-2861.0
2725,chr4,154685000,154687000,ESC_enriched,2,0.995084884217038,gene_body,Mxra8,NM_024263,+,Mxra8,2521.0
2726,chr5,4760000,4766000,ESC_enriched,6,0.9980747875247428,promoter,Fzd1,NM_021457,-,Fzd1,-1222.0
2727,chr5,5386000,5387000,ESC_enriched,1,0.9510172006625376,promoter,Cdk14,NM_011074,-,Cdk14,243.0
2728,chr5,6122000,6124000,NPC_enriched,2,0.9716264402864556,intergenic,,,,Steap1,367677.0
2729,chr5,8899000,8901000,ESC_enriched,2,0.9982820029741636,promoter,Abcb4,NM_008830,+,Abcb4,274.0
2730,chr5,9730000,9733000,ESC_enriched,3,0.997716112277744,promoter,Grm3,NM_181850,-,Grm3,142.0
2731,chr5,12388000,12391000,ESC_enriched,3,0.99806292683868,promoter,Sema3d,NM_028882,+,Sema3d,329.0
2732,chr5,17871000,17873000,ESC_enriched,2,0.9997490461120256,promoter,Gnai1,NM_010305,-,Gnai1,-237.0
2733,chr5,18736000,18740000,ESC_enriched,4,0.9915889782134596,promoter,4921504A21Rik,NR_102342,-,4921504A21Rik,-379.0
2734,chr5,20884000,20885000,ESC_enriched,1,0.9817679318401809,promoter,Fgl2,NM_008013,+,Fgl2,4.0
2735,chr5,21187000,21189000,ESC_enriched,2,0.9589279271260608,gene_body,Napepld,NM_001359964,-,Gm51277,2247.0
2736,chr5,21335000,21338000,ESC_enriched,3,0.9707408635140148,gene_body,Slc26a5,NM_030727,-,Psmc2,37930.0
2737,chr5,22258000,22259000,ESC_enriched,1,0.999987917729617,promoter,A930003O13Rik,NR_027362,-,A930003O13Rik,-208.0
2738,chr5,23832000,23838000,ESC_enriched,6,0.9876495274391188,gene_body,Kcnh2,NM_013569,-,Kcnh2,-26669.0
2739,chr5,23921000,23925000,ESC_enriched,4,0.9932858940962556,promoter,Asic3,NM_183000,+,Asic3,-515.0
2740,chr5,23985000,23987000,ESC_enriched,2,0.9929220612176052,gene_body,Agap3,NM_139153,+,Agap3,23759.0
2741,chr5,24109000,24119000,ESC_enriched,10,0.997366949941146,promoter,Smarcd3,NM_025891,-,Smarcd3,1933.0
2742,chr5,24129000,24136000,ESC_enriched,7,0.995270371116474,intergenic,,,,Smarcd3,20433.0
2743,chr5,24607000,24612000,ESC_enriched,5,0.9905707309439076,promoter,Prkag2,NM_145401,-,Prkag2,-1207.0
2744,chr5,26337000,26339000,ESC_enriched,2,0.990089924831422,intergenic,,,,Gm1979,2486.0
2745,chr5,27148000,27149000,ESC_enriched,1,0.9860669078427268,promoter,Dpp6,NM_010075,+,Dpp6,357.0
2746,chr5,27379000,27382000,ESC_enriched,3,0.9825314010131752,gene_body,Dpp6,NM_010075,+,Dpp6,232357.0
2747,chr5,27590000,27594000,ESC_enriched,4,0.9950296728050656,gene_body,Dpp6,NM_010075,+,Speer4b,-240179.0
2748,chr5,28448000,28471000,ESC_enriched,23,0.99269038244324,intergenic,,,,En2,-36982.0
2749,chr5,28486000,28510000,ESC_enriched,24,0.9984077091230806,promoter,En2,NM_010134,+,En2,1518.0
2750,chr5,28790000,28795000,ESC_enriched,5,0.9906835071492428,gene_body,Shh,NM_009170,-,9530036O11Rik,-5270.0
2751,chr5,29800000,29808000,ESC_enriched,8,0.9986838314702317,gene_body,Mnx1,NM_019944,-,Mnx1,-5257.0
2752,chr5,29816000,29820000,ESC_enriched,4,0.9845675305261254,intergenic,,,,Mnx1,8743.0
2753,chr5,30435000,30448000,ESC_enriched,13,0.9970355408275592,promoter,3110082J24Rik,NM_001256263,-,3110082J24Rik,4627.0
2754,chr5,30865000,30866000,ESC_enriched,1,0.9960086283067456,promoter,Gm9899,NR_040427,-,Gm9899,300.0
2755,chr5,30897000,30902000,ESC_enriched,5,0.9926099699872248,gene_body,Kcnk3,NM_010608,+,Mir5625,-25016.0
2756,chr5,30987000,30992000,ESC_enriched,5,0.9880105913389986,promoter,Dpysl5,NM_001356948,+,Dpysl5,1356.0
2757,chr5,32407000,32414000,ESC_enriched,7,0.995792797989321,promoter,Fosl2,NM_008037,+,Fosl2,-2552.0
2758,chr5,32494000,32496000,ESC_enriched,2,0.9755510113727226,intergenic,,,,Plb1,-20664.0
2759,chr5,33420000,33422000,ESC_enriched,2,0.9978502396138152,promoter,Slc5a1,NM_019810,+,Slc5a1,-75.0
2760,chr5,33724000,33735000,ESC_enriched,11,0.9951401479807324,gene_body,Uvssa,NM_027674,+,Nkx1-1,-21447.0
2761,chr5,33768000,33776000,ESC_enriched,8,0.9971858790251464,intergenic,,,,Nkx1-1,21053.0
2762,chr5,33778000,33788000,ESC_enriched,10,0.9910540772156348,intergenic,,,,Nkx1-1,32053.0
2763,chr5,33793000,33799000,ESC_enriched,6,0.9760752793468632,intergenic,,,,Nkx1-1,45053.0
2764,chr5,33858000,33860000,ESC_enriched,2,0.961251633876147,intergenic,,,,Fam53a,-85368.0
2765,chr5,33872000,33877000,ESC_enriched,5,0.9938028861431614,intergenic,,,,Fam53a,-69868.0
2766,chr5,33881000,33894000,ESC_enriched,13,0.9967504582613578,intergenic,,,,Fam53a,-56868.0
2767,chr5,33897000,33907000,ESC_enriched,10,0.9944492705459226,intergenic,,,,Fam53a,-42368.0
2768,chr5,34009000,34023000,ESC_enriched,14,0.9948090088010284,intergenic,,,,Fgfr3,-23162.0
2769,chr5,34032000,34052000,ESC_enriched,20,0.9952097530457772,promoter,Fgfr3,NM_001163216,+,Fgfr3,2838.0
2770,chr5,34134000,34137000,ESC_enriched,3,0.9932760749006978,intergenic,,,,Nsd2,-24468.0
2771,chr5,34299000,34305000,ESC_enriched,6,0.994599895449688,promoter,Gm1673,NM_001033458,+,Gm1673,1711.0
2772,chr5,34313000,34320000,ESC_enriched,7,0.9917275485838636,promoter,Nat8l,NM_001001985,+,Nat8l,3660.0
2773,chr5,34502000,34504000,ESC_enriched,2,0.9743059924063648,promoter,Mxd4,NM_010753,-,Mxd4,-1567.0
2774,chr5,35373000,35375000,ESC_enriched,2,0.9909764877064496,promoter,Dok7,NM_001348478,+,Dok7,374.0
2775,chr5,35396000,35397000,ESC_enriched,1,0.95616428020689,gene_body,Dok7,NM_001348478,+,Dok7,22874.0
2776,chr5,35992000,35997000,ESC_enriched,5,0.9888099988793776,promoter,Htra3,NM_030127,-,Htra3,-2141.0
2777,chr5,36210000,36212000,ESC_enriched,2,0.9690638854112372,promoter,Afap1,NM_027373,+,Afap1,821.0
2778,chr5,36714000,36715000,ESC_enriched,1,0.9881919943476958,promoter,Sorcs2,NM_030889,-,Sorcs2,-734.0
2779,chr5,38105000,38115000,ESC_enriched,10,0.9968016775247108,promoter,Msx1os,NR_027920,+,Msx1os,1188.0
2780,chr5,38444000,38450000,ESC_enriched,6,0.9957235593735886,promoter,Nsg1,NM_001359091,-,Nsg1,-992.0
2781,chr5,38563000,38565000,ESC_enriched,2,0.96866110727211,promoter,Otop1,NM_172709,+,Otop1,-1652.0
2782,chr5,38606000,38609000,ESC_enriched,3,0.9999524972654112,promoter,Drd5,NM_013503,+,Drd5,-257.0
2783,chr5,39931000,39934000,ESC_enriched,3,0.992146013990839,promoter,Hs3st1,NM_010474,-,Hs3st1,-380.0
2784,chr5,41325000,41333000,NPC_enriched,8,0.9779059110368424,intergenic,,,,Rab28,-667427.0
2785,chr5,41410000,41415000,NPC_enriched,5,0.9827340525336532,intergenic,,,,Rab28,-583927.0
2786,chr5,42038000,42056000,ESC_enriched,18,0.999404269779732,promoter,Nkx3-2,NM_007524,-,Nkx3-2,-5468.0
2787,chr5,44109000,44110000,ESC_enriched,1,0.9629809442017137,gene_body,Bst1,NM_009763,+,Bst1,2360.0
2788,chr5,44388000,44392000,ESC_enriched,4,0.9856303757968796,intergenic,,,,Prom1,6984.0
2789,chr5,46378000,46380000,NPC_enriched,2,0.9611464385007794,intergenic,,,,4930405L22Rik,158343.0
2790,chr5,50197000,50206000,NPC_enriched,9,0.9940997044241204,intergenic,,,,Adgra3,-145744.0
2791,chr5,50768000,50771000,NPC_enriched,3,0.971704007278486,intergenic,,,,Gm36814,-62338.0
2792,chr5,50875000,50878000,NPC_enriched,3,0.9857352179480716,intergenic,,,,Gm36814,44662.0
2793,chr5,52400000,52405000,ESC_enriched,5,0.9936699661712936,intergenic,,,,Mir6417,-21765.0
2794,chr5,52654000,52659000,ESC_enriched,5,0.9901840449721356,gene_body,Sod3,NM_011435,+,Sod3,4449.0
2795,chr5,52760000,52763000,ESC_enriched,3,0.9794523852177678,promoter,Ccdc149,NM_001256059,-,Ccdc149,1709.0
2796,chr5,52765000,52767000,ESC_enriched,2,0.9722153919888212,intergenic,,,,Ccdc149,6209.0
2797,chr5,52853000,52855000,ESC_enriched,2,0.984086938008364,promoter,Lgi2,NM_144945,-,Lgi2,-554.0
2798,chr5,53336000,53340000,ESC_enriched,4,0.980960151788152,promoter,Gm17182,NR_166509,-,Gm17182,397.0
2799,chr5,53498000,53508000,ESC_enriched,10,0.9880447569797524,promoter,Sel1l3,NM_172710,-,Sel1l3,1300.0
2800,chr5,53543000,53550000,ESC_enriched,7,0.9928575618977408,intergenic,,,,Smim20,-8853.0
2801,chr5,54931000,54932000,NPC_enriched,1,0.9517852661098508,intergenic,,,,Gm10440,293261.0
2802,chr5,58003000,58010000,ESC_enriched,7,0.9995531131097086,promoter,Pcdh7,NM_001122758,+,Pcdh7,183.0
2803,chr5,58022000,58025000,ESC_enriched,3,0.9805444119301188,gene_body,Pcdh7,NM_001122758,+,Pcdh7,17183.0
2804,chr5,64435000,64442000,ESC_enriched,7,0.9966989425881666,promoter,Tbc1d1,NM_001310611,+,Tbc1d1,-894.0
2805,chr5,64455000,64457000,ESC_enriched,2,0.9660331388599348,gene_body,Tbc1d1,NM_001310611,+,Tbc1d1,16606.0
2806,chr5,66042000,66043000,ESC_enriched,1,0.9557030642973756,promoter,N4bp2,NM_001024917,+,N4bp2,-155.0
2807,chr5,66432000,66434000,ESC_enriched,2,0.9574212665786408,promoter,Rbm47,NM_001127382,-,Rbm47,1911.0
2808,chr5,67024000,67026000,ESC_enriched,2,0.9665003249176108,promoter,Limch1,NM_001001980,+,Limch1,-23.0
2809,chr5,67373000,67384000,ESC_enriched,11,0.997986892892219,promoter,Phox2b,NM_008888,-,Phox2b,239.0
2810,chr5,67493000,67513000,ESC_enriched,20,0.9983527789004868,promoter,Gm33293,NR_169035,-,Gm33293,-7821.0
2811,chr5,67886000,67891000,ESC_enriched,5,0.9994960978738224,promoter,Shisa3,NM_001033415,+,Shisa3,1483.0
2812,chr5,68625000,68630000,NPC_enriched,5,0.989467050362243,intergenic,,,,Grxcr1,316531.0
2813,chr5,69532000,69535000,NPC_enriched,3,0.9964906651722544,gene_body,Kctd8,NM_175519,-,Kctd8,-87344.0
2814,chr5,69803000,69804000,NPC_enriched,1,0.9554587718268168,gene_body,Yipf7,NM_023784,-,Yipf7,-18282.0
2815,chr5,70312000,70315000,NPC_enriched,3,0.9651585223648018,intergenic,,,,Gnpda2,442061.0
2816,chr5,70636000,70638000,NPC_enriched,2,0.9587598023002576,intergenic,,,,Gabrg1,-484752.0
2817,chr5,70659000,70663000,NPC_enriched,4,0.9949627831364712,intergenic,,,,Gabrg1,-460752.0
2818,chr5,70803000,70806000,NPC_enriched,3,0.9856740446807734,intergenic,,,,Gabrg1,-317252.0
2819,chr5,71374000,71377000,ESC_enriched,3,0.9955861249925816,promoter,Gabra2,NM_008066,-,Gabra2,516.0
2820,chr5,72777000,72785000,ESC_enriched,8,0.9985943437179556,promoter,Corin,NM_001122756,-,Corin,-2675.0
2821,chr5,73286000,73287000,ESC_enriched,1,0.9730808680267627,promoter,Slc10a4,NM_173403,+,Slc10a4,462.0
2822,chr5,73685000,73687000,ESC_enriched,2,0.9828281374286256,promoter,Cwh43,NM_181323,+,Cwh43,788.0
2823,chr5,75230000,75249000,ESC_enriched,19,0.9951100008935146,promoter,Gm6116,NR_045866,+,Gm6116,8610.0
2824,chr5,75348000,75368000,ESC_enriched,20,0.9940422366505692,promoter,Gsx2,NM_133256,+,Gsx2,703.0
2825,chr5,75429000,75445000,ESC_enriched,16,0.996208799114818,promoter,Pdgfra,NM_011058,+,Pdgfra,3053.0
2826,chr5,76257000,76262000,ESC_enriched,5,0.995250659844026,promoter,Kdr,NM_010612,-,Kdr,-652.0
2827,chr5,77732000,77735000,ESC_enriched,3,0.9828253196101876,intergenic,,,,Cep135,70027.0
2828,chr5,77921000,77923000,ESC_enriched,2,0.9667458323876938,gene_body,Cracd,NM_001163793,+,Cracd,6627.0
2829,chr5,77929000,77936000,ESC_enriched,7,0.9976162441250346,gene_body,Cracd,NM_001163793,+,Cracd,17127.0
2830,chr5,78090000,78092000,ESC_enriched,2,0.995097438912041,promoter,Thegl,NM_027970,+,Thegl,203.0
2831,chr5,80514000,80517000,NPC_enriched,3,0.9628992229128698,intergenic,,,,Adgrl3,-1579812.0
2832,chr5,82095000,82098000,ESC_enriched,3,0.9999595844232276,promoter,Adgrl3,NM_001359830,+,Adgrl3,1188.0
2833,chr5,82869000,82870000,ESC_enriched,1,0.9932276463673172,gene_body,Adgrl3,NM_001359830,+,1700031L13Rik,-329774.0
2834,chr5,85490000,85493000,ESC_enriched,3,0.9999050068128076,promoter,Epha5,NM_007937,-,Epha5,-443.0
2835,chr5,87740000,87742000,NPC_enriched,2,0.9844681686098712,gene_body,Tmprss11b,NM_177024,-,Tmprss11b,-9859.0
2836,chr5,88738000,88741000,NPC_enriched,3,0.9920061167929928,promoter,Csn1s1,NM_001286015,+,Csn1s1,-1268.0
2837,chr5,89961000,89963000,ESC_enriched,2,0.9775367805691636,promoter,Slc4a4,NM_001136260,+,Slc4a4,180.0
2838,chr5,90770000,90781000,NPC_enriched,11,0.99654675405139,gene_body,Adamts3,NM_177872,-,Gm7056,83866.0
2839,chr5,90957000,90960000,ESC_enriched,3,0.9934365781161976,promoter,Adamts3,NM_177872,-,Adamts3,-33.0
2840,chr5,91834000,91836000,ESC_enriched,2,0.9688598693542394,promoter,Cxcl5,NM_009141,+,Cxcl5,503.0
2841,chr5,93467000,93472000,ESC_enriched,5,0.98861048878961,gene_body,Art3,NM_001370591,+,Art3,7414.0
2842,chr5,94016000,94019000,ESC_enriched,3,0.995493595317708,gene_body,Shroom3,NM_015756,+,Sowahb,-102726.0
2843,chr5,96613000,96617000,ESC_enriched,4,0.998522816086417,promoter,Fras1,NM_175473,+,Fras1,744.0
2844,chr5,97939000,97946000,NPC_enriched,7,0.989282466599828,intergenic,,,,Gk2,245175.0
2845,chr5,97996000,98002000,NPC_enriched,6,0.98918428594442,intergenic,,,,Antxr2,-272319.0
2846,chr5,98175000,98176000,ESC_enriched,1,0.97941391319795,gene_body,Antxr2,NM_133738,-,Antxr2,-95819.0
2847,chr5,98270000,98273000,ESC_enriched,3,0.9963329753252048,promoter,Antxr2,NM_133738,-,Antxr2,181.0
2848,chr5,98406000,98414000,ESC_enriched,8,0.9969870417309336,intergenic,,,,Prdm8,-11170.0
2849,chr5,98418000,98431000,ESC_enriched,13,0.9949729384155964,promoter,A730035I17Rik,NR_153823,-,A730035I17Rik,-1786.0
2850,chr5,99094000,99099000,ESC_enriched,5,0.9949917870725676,promoter,Bmp3,NM_173404,+,Bmp3,1784.0
2851,chr5,101775000,101787000,ESC_enriched,12,0.979064067184269,intergenic,,,,Nkx6-1,-124013.0
2852,chr5,101887000,101889000,ESC_enriched,2,0.9903191288297468,intergenic,,,,Nkx6-1,-17013.0
2853,chr5,106687000,106714000,ESC_enriched,27,0.9992959332117672,promoter,Barhl2,NM_001005477,-,Barhl2,2032.0
2854,chr5,106799000,106804000,ESC_enriched,5,0.9966683614366229,intergenic,,,,Barhl2,103032.0
2855,chr5,107528000,107531000,ESC_enriched,3,0.9817850439622172,promoter,Tgfbr3,NM_011578,-,Tgfbr3,-431.0
2856,chr5,107927000,107929000,ESC_enriched,2,0.9844903597576344,intergenic,,,,4930428O21Rik,-15782.0
2857,chr5,107964000,107967000,ESC_enriched,3,0.9876913610080296,promoter,Gfi1,NM_001267621,-,Gfi1,-608.0
2858,chr5,108605000,108610000,ESC_enriched,5,0.99986374597268,promoter,Gm42517,NM_001374743,-,Gm42517,-719.0
2859,chr5,109015000,109016000,ESC_enriched,1,0.9699762827868742,promoter,Rnf212,NM_001362887,-,Rnf212,171.0
2860,chr5,110581000,110583000,ESC_enriched,2,0.975299234531581,promoter,P2rx2,NM_001310700,-,P2rx2,-1337.0
2861,chr5,110721000,110723000,ESC_enriched,2,0.9991501988811722,intergenic,,,,Fbrsl1,33195.0
2862,chr5,110868000,110871000,ESC_enriched,3,0.9757947811394018,intergenic,,,,Noc4l,-24184.0
2863,chr5,111219000,111220000,ESC_enriched,1,0.951328314768443,gene_body,Ttc28,NM_001267622,+,Mir701,-24945.0
2864,chr5,111472000,111474000,ESC_enriched,2,0.9896855148298108,gene_body,Ttc28,NM_001267622,+,Pitpnb,-97999.0
2865,chr5,111514000,111527000,ESC_enriched,13,0.9976299795564408,gene_body,Ttc28,NM_001267622,+,Pitpnb,-50499.0
2866,chr5,111658000,111662000,ESC_enriched,4,0.9999992932135048,promoter,Mn1,NM_001081235,+,Mn1,2398.0
2867,chr5,111781000,111782000,NPC_enriched,1,0.9599714995145184,intergenic,,,,C130026L21Rik,-40363.0
2868,chr5,112467000,112470000,ESC_enriched,3,0.9878769554344812,promoter,Miat,NR_033657,-,Miat,-751.0
2869,chr5,112632000,112635000,ESC_enriched,3,0.9836310020682604,promoter,Asphd2,NM_001357011,-,Asphd2,-2173.0
2870,chr5,112663000,112670000,ESC_enriched,7,0.9822462585918262,gene_body,Sez6l,NM_001253917,-,Gm6588,-23228.0
2871,chr5,112816000,112820000,ESC_enriched,4,0.9996740108583216,promoter,Sez6l,NM_001253917,-,Sez6l,499.0
2872,chr5,113529000,113530000,ESC_enriched,1,0.983841457680534,gene_body,Sgsm1,NM_172718,-,Sgsm1,-21589.0
2873,chr5,114917000,114920000,ESC_enriched,3,0.985022032268961,promoter,Trpv4,NM_022017,-,Trpv4,-920.0
2874,chr5,116343000,116344000,ESC_enriched,1,0.9506219559876452,promoter,Tmem233,NM_001101546,-,Tmem233,-766.0
2875,chr5,116816000,116817000,ESC_enriched,1,0.9654441868029788,gene_body,Srrm4,NM_026886,-,Srrm4,-36316.0
2876,chr5,118101000,118105000,ESC_enriched,4,0.9985598017805868,intergenic,,,,Nos1,-24868.0
2877,chr5,118126000,118130000,ESC_enriched,4,0.9886012901684116,promoter,Nos1,NM_008712,+,Nos1,132.0
2878,chr5,118286000,118291000,ESC_enriched,5,0.9958303772919328,promoter,Tesc,NM_021344,+,Tesc,-272.0
2879,chr5,119267000,119273000,ESC_enriched,6,0.9779297076509256,intergenic,,,,4930413E15Rik,56632.0
2880,chr5,119283000,119284000,ESC_enriched,1,0.9652467337595538,intergenic,,,,4930413E15Rik,70132.0
2881,chr5,119309000,119312000,ESC_enriched,3,0.9844720222720934,intergenic,,,,1700081H04Rik,-58765.0
2882,chr5,119313000,119324000,ESC_enriched,11,0.9957734640131446,intergenic,,,,1700081H04Rik,-50765.0
2883,chr5,119329000,119333000,ESC_enriched,4,0.9887992392176786,intergenic,,,,1700081H04Rik,-38265.0
2884,chr5,119347000,119355000,ESC_enriched,8,0.9873919899111692,intergenic,,,,1700081H04Rik,-18265.0
2885,chr5,119532000,119535000,ESC_enriched,3,0.978718717195421,intergenic,,,,Gm7538,72452.0
2886,chr5,119783000,119787000,ESC_enriched,4,0.9727992308438728,gene_body,Gm31314,NR_166577,-,Gm31314,-3574.0
2887,chr5,119807000,119810000,ESC_enriched,3,0.9939242381887486,intergenic,,,,Gm31314,19926.0
2888,chr5,119885000,119889000,ESC_enriched,4,0.9941492116107676,promoter,Gm16063,NR_046178,+,Gm16063,442.0
2889,chr5,120009000,120012000,ESC_enriched,3,0.999220032476515,intergenic,,,,Tbx3os2,58665.0
2890,chr5,120027000,120029000,ESC_enriched,2,0.9709642403061192,intergenic,,,,Gm5563,-64603.0
2891,chr5,120057000,120070000,ESC_enriched,13,0.9993717233179692,intergenic,,,,Gm5563,-29103.0
2892,chr5,120090000,120106000,ESC_enriched,16,0.9981409383244296,promoter,Tbx5,NM_011537,+,Tbx5,2721.0
2893,chr5,120126000,120128000,ESC_enriched,2,0.9969225452805568,gene_body,Tbx5,NM_011537,+,Tbx5,31721.0
2894,chr5,120470000,120473000,ESC_enriched,3,0.9841469374577604,intergenic,,,,Gm10390,71620.0
2895,chr5,120484000,120487000,ESC_enriched,3,0.983394709131551,intergenic,,,,Gm10390,85620.0
2896,chr5,120488000,120495000,ESC_enriched,7,0.9906334028618976,intergenic,,,,Gm10390,91620.0
2897,chr5,120513000,120516000,ESC_enriched,3,0.9858812487813344,intergenic,,,,Gm10390,114620.0
2898,chr5,120530000,120533000,ESC_enriched,3,0.9789238347091624,intergenic,,,,Gm10390,131620.0
2899,chr5,120539000,120542000,ESC_enriched,3,0.9884969217686612,intergenic,,,,Gm10390,140620.0
2900,chr5,120564000,120566000,ESC_enriched,2,0.9730817530968504,intergenic,,,,Gm27199,-127384.0
2901,chr5,120700000,120702000,ESC_enriched,2,0.999549625959631,gene_body,Lhx5,NM_008499,+,Lhx5,8498.0
2902,chr5,120970000,120972000,ESC_enriched,2,0.9989175001567102,promoter,Dtx1,NM_008052,-,Dtx1,-1286.0
2903,chr5,121101000,121104000,ESC_enriched,3,0.9923367569598808,intergenic,,,,Oas1f,-5483.0
2904,chr5,121264000,121265000,ESC_enriched,1,0.9582308985447172,gene_body,Rph3a,NM_001302345,-,Rph3a,-4601.0
2905,chr5,122089000,122091000,ESC_enriched,2,0.9739228683414626,gene_body,Sh2b3,NM_001306126,-,Sh2b3,-6721.0
2906,chr5,122096000,122097000,ESC_enriched,1,0.9656239753252488,promoter,Sh2b3,NM_001306126,-,Sh2b3,-221.0
2907,chr5,122112000,122114000,ESC_enriched,2,0.978495647177362,gene_body,Pheta1,NM_001359949,+,Pheta1,3387.0
2908,chr5,122879000,122880000,ESC_enriched,1,0.9603045999230506,intergenic,,,,Ift81,4339.0
2909,chr5,123212000,123216000,ESC_enriched,4,0.9870428064544684,gene_body,Kdm2b,NM_001003953,-,Kdm2b,-35716.0
2910,chr5,123548000,123549000,ESC_enriched,1,0.9919833606712471,gene_body,Wdr66,NM_001370840,+,Wdr66,34095.0
2911,chr5,123874000,123876000,ESC_enriched,2,0.9992842375704094,gene_body,Clip1,NM_001347468,-,Vps33a,41367.0
2912,chr5,125106000,125108000,ESC_enriched,2,0.978757857160963,gene_body,Dnah10,NM_019536,+,Ccdc92,-44200.0
2913,chr5,125292000,125295000,ESC_enriched,3,0.967508858667498,promoter,Rflna,NM_028443,+,Rflna,1074.0
2914,chr5,127050000,127051000,ESC_enriched,1,0.9759886127086996,intergenic,,,,Gm33347,33759.0
2915,chr5,128746000,128749000,ESC_enriched,3,0.9899189358623546,promoter,Tmem132d,NM_172885,-,Tmem132d,-270.0
2916,chr5,128908000,128918000,ESC_enriched,10,0.998198813506152,promoter,Fzd10os,NR_015517,-,Fzd10os,-2395.0
2917,chr5,129058000,129063000,ESC_enriched,5,0.9956145564480352,gene_body,Piwil1,NM_021311,+,Piwil1,9547.0
2918,chr5,129096000,129098000,ESC_enriched,2,0.9866626880219188,gene_body,Rimbp2,NM_001378900,-,Piwil1,46047.0
2919,chr5,129128000,129130000,ESC_enriched,2,0.9958403272818804,gene_body,Rimbp2,NM_001378900,-,Piwil1,78047.0
2920,chr5,129524000,129527000,ESC_enriched,3,0.9902283538500968,intergenic,,,,Adgrd1,114043.0
2921,chr5,129991000,129997000,NPC_enriched,6,0.9891963681651396,intergenic,,,,Zfp11,9204.0
2922,chr5,130732000,130736000,ESC_enriched,4,0.9994069805208466,gene_body,Caln1,NM_181045,+,A330070K13Rik,64666.0
2923,chr5,131589000,131593000,ESC_enriched,4,0.9995675783054868,promoter,Galnt17,NM_145218,-,Galnt17,-1225.0
2924,chr5,131901000,131903000,ESC_enriched,2,0.9964938585274912,gene_body,Auts2,NM_001363480,-,Gm29681,202579.0
2925,chr5,132515000,132525000,NPC_enriched,10,0.9964371521203428,gene_body,Auts2,NM_001363480,-,Auts2,-307923.0
2926,chr5,132616000,132621000,NPC_enriched,5,0.9867028347718148,gene_body,Auts2,NM_001363480,-,Auts2,-209423.0
2927,chr5,132647000,132658000,NPC_enriched,11,0.9978931612621652,gene_body,Auts2,NM_001363480,-,Auts2,-175423.0
2928,chr5,132794000,132800000,NPC_enriched,6,0.992110139232968,gene_body,Auts2,NM_001363480,-,Auts2,-30923.0
2929,chr5,134501000,134508000,ESC_enriched,7,0.9984460052865888,gene_body,Ncf1,NM_001286037,-,Ncf1,-9752.0
2930,chr5,135271000,135272000,ESC_enriched,1,0.9946151890619964,promoter,Cldn3,NM_009902,+,Cldn3,660.0
2931,chr5,135534000,135536000,ESC_enriched,2,0.998129511894034,promoter,Fzd9,NM_010246,-,Fzd9,-674.0
2932,chr5,135543000,135544000,ESC_enriched,1,0.9798178075327746,intergenic,,,,Fzd9,7826.0
2933,chr5,135689000,135691000,ESC_enriched,2,0.9577539795767946,intergenic,,,,Pom121,10827.0
2934,chr5,135828000,135831000,ESC_enriched,3,0.9787774417177854,promoter,Hip1,NM_146001,-,Hip1,-249.0
2935,chr5,136152000,136155000,ESC_enriched,3,0.9984591370111456,gene_body,Srrm3,NM_021403,+,Hspb1,-19045.0
2936,chr5,136515000,136524000,ESC_enriched,9,0.9992827082812312,gene_body,Sh2b2,NM_018825,-,Sh2b2,-10067.0
2937,chr5,136527000,136532000,ESC_enriched,5,0.9933862241299776,promoter,Sh2b2,NM_018825,-,Sh2b2,-67.0
2938,chr5,136850000,136851000,ESC_enriched,1,0.970491259483096,gene_body,Cux1,NM_001291238,-,Cux1,-1617.0
2939,chr5,136905000,136909000,ESC_enriched,4,0.9733641923383016,intergenic,,,,Cux1,54883.0
2940,chr5,137130000,137132000,ESC_enriched,2,0.9722978134667885,gene_body,Col26a1,NM_024474,-,Col26a1,-36842.0
2941,chr5,137165000,137170000,ESC_enriched,5,0.9891994284475596,promoter,Col26a1,NM_024474,-,Col26a1,-342.0
2942,chr5,137517000,137521000,ESC_enriched,4,0.9933084200910904,promoter,Ache,NM_009599,+,Ache,959.0
2943,chr5,137715000,137717000,ESC_enriched,2,0.9892815543468751,promoter,Epo,NM_007942,-,Epo,396.0
2944,chr5,137813000,137814000,ESC_enriched,1,0.9636237253946388,gene_body,Tfr2,NM_015799,+,Tfr2,13873.0
2945,chr5,138501000,138507000,ESC_enriched,6,0.9982473470904826,promoter,Gal3st4,NM_001347507,-,Gal3st4,1400.0
2946,chr5,138746000,138753000,NPC_enriched,7,0.9944679847871718,intergenic,,,,1700123K08Rik,-44982.0
2947,chr5,139008000,139012000,ESC_enriched,4,0.9948275507465272,promoter,Fam20c,NM_030565,+,Fam20c,1278.0
2948,chr5,139073000,139077000,ESC_enriched,4,0.994417495245268,promoter,Gm5294,NM_001195128,+,Gm5294,1279.0
2949,chr5,139186000,139187000,ESC_enriched,1,0.9849786810096876,intergenic,,,,Pdgfa,-62086.0
2950,chr5,139248000,139254000,ESC_enriched,6,0.9847745278489785,promoter,Pdgfa,NM_008808,-,Pdgfa,2414.0
2951,chr5,139383000,139384000,ESC_enriched,1,0.9932456884268152,promoter,Prkar1b,NM_001253890,-,Prkar1b,-528.0
2952,chr5,139806000,139808000,ESC_enriched,2,0.9916215740582062,intergenic,,,,Uncx,9461.0
2953,chr5,139872000,139873000,ESC_enriched,1,0.9562722025191842,intergenic,,,,Uncx,74961.0
2954,chr5,140117000,140118000,ESC_enriched,1,0.9678080484494416,intergenic,,,,Psmg3,38132.0
2955,chr5,140159000,140165000,ESC_enriched,6,0.9985626541420132,promoter,Elfn1,NM_001384186,+,Elfn1,1661.0
2956,chr5,140196000,140198000,ESC_enriched,2,0.9976522191068148,gene_body,Elfn1,NM_001384186,+,Elfn1,36661.0
2957,chr5,140222000,140229000,ESC_enriched,7,0.9912179683161256,gene_body,Elfn1,NM_001384186,+,Elfn1,65161.0
2958,chr5,140739000,140743000,ESC_enriched,4,0.9720535785005928,gene_body,Gm4869,NM_001378679,+,Chst12,-17082.0
2959,chr5,140851000,140855000,ESC_enriched,4,0.9863606436230437,intergenic,,,,Lfng,-6814.0
2960,chr5,140858000,140870000,ESC_enriched,12,0.9915920443675614,promoter,Lfng,NM_008494,+,Lfng,4186.0
2961,chr5,140987000,140991000,ESC_enriched,4,0.9880038831706546,gene_body,Amz1,NM_173405,+,Amz1,12400.0
2962,chr5,141494000,141500000,ESC_enriched,6,0.980115421097984,promoter,Sdk1,NM_177879,+,Sdk1,2993.0
2963,chr5,142242000,142247000,ESC_enriched,5,0.9861721332642868,gene_body,Sdk1,NM_177879,+,Foxk1,-409470.0
2964,chr5,142782000,142784000,ESC_enriched,2,0.9972093858475908,promoter,Papolb,NM_019943,-,Papolb,450.0
2965,chr5,142859000,142862000,ESC_enriched,3,0.9796139308001112,promoter,Mmd2,NM_175217,-,Mmd2,-726.0
2966,chr5,143077000,143089000,ESC_enriched,12,0.9982495665627488,promoter,Tnrc18,NM_001122730,-,Tnrc18,198.0
2967,chr5,143516000,143526000,ESC_enriched,10,0.9993067252369144,gene_body,Zfp316,NM_017467,-,Zfp316,-14162.0
2968,chr5,143551000,143560000,ESC_enriched,9,0.9960792395806248,promoter,Zfp853,NM_001370826,-,Zfp853,-3174.0
2969,chr5,143622000,143624000,ESC_enriched,2,0.9789443267894676,promoter,Grid2ip,NM_001159321,+,Grid2ip,531.0
2970,chr5,143628000,143643000,ESC_enriched,15,0.9980603556923986,gene_body,Grid2ip,NM_001159321,+,Grid2ip,13031.0
2971,chr5,143646000,143648000,ESC_enriched,2,0.9939111833955888,gene_body,Grid2ip,NM_001159321,+,Grid2ip,24531.0
2972,chr5,143651000,143655000,ESC_enriched,4,0.9857124720769692,gene_body,Grid2ip,NM_001159321,+,Grid2ip,30531.0
2973,chr5,147155000,147157000,ESC_enriched,2,0.9845244600566374,promoter,Rasl11a,NM_026864,+,Rasl11a,581.0
2974,chr5,148061000,148064000,ESC_enriched,3,0.9765426019623652,intergenic,,,,Flt1,26140.0
2975,chr5,148387000,148389000,ESC_enriched,2,0.9895223172194696,gene_body,Mtus2,NM_029920,+,Mtus2,120332.0
2976,chr5,149325000,149328000,ESC_enriched,3,0.9941374678724654,intergenic,,,,Gm15408,9190.0
2977,chr5,149331000,149333000,ESC_enriched,2,0.9766224395733012,intergenic,,,,Gm15408,14690.0
2978,chr5,149376000,149377000,ESC_enriched,1,0.9635400782278004,intergenic,,,,Hmgb1,13094.0
2979,chr5,149596000,149597000,ESC_enriched,1,0.9640652365965644,gene_body,Alox5ap,NM_009663,+,Alox5ap,21148.0
2980,chr5,149678000,149682000,ESC_enriched,4,0.986294340738844,promoter,Medag,NM_027519,+,Medag,-127.0
2981,chr5,151184000,151187000,ESC_enriched,3,0.9756339179595424,intergenic,,,,Kl,-35485.0
2982,chr5,151220000,151225000,ESC_enriched,5,0.99636562185564,promoter,Kl,NM_013823,+,Kl,1515.0
2983,chr5,151458000,151463000,ESC_enriched,5,0.9853462703150568,promoter,Stard13,NM_001163493,-,Stard13,1928.0
2984,chr5,151501000,151504000,ESC_enriched,3,0.990084373308708,intergenic,,,,Stard13,43928.0
2985,chr6,3709000,3711000,NPC_enriched,2,0.9667394524211148,gene_body,Calcr,NM_007588,-,Calcr,-4713.0
2986,chr6,4454000,4457000,ESC_enriched,3,0.9853325990013496,promoter,Col1a2,NM_007743,+,Col1a2,-117.0
2987,chr6,4588000,4591000,ESC_enriched,3,0.9818367076344164,gene_body,Casd1,NM_145398,+,Casd1,38590.0
2988,chr6,4608000,4610000,ESC_enriched,2,0.97920524630636,intergenic,,,,Casd1,58090.0
2989,chr6,4687000,4688000,ESC_enriched,1,0.9527416198720264,gene_body,Sgce,NM_001130189,-,Sgce,-9704.0
2990,chr6,5247000,5252000,ESC_enriched,5,0.9895348516945988,promoter,Pon2,NM_183308,-,Pon2,1160.0
2991,chr6,6814000,6816000,ESC_enriched,2,0.9835251274708044,promoter,Dlx6os2,NR_002839,-,Dlx6os2,-150.0
2992,chr6,6828000,6832000,ESC_enriched,4,0.9908546863747694,promoter,Dlx5,NM_010056,-,Dlx5,-2068.0
2993,chr6,7274000,7276000,NPC_enriched,2,0.9656832239894872,gene_body,Gm19272,NR_167656,+,Gm19272,23082.0
2994,chr6,7504000,7508000,ESC_enriched,4,0.9984508184087788,promoter,Tac1,NM_001311060,+,Tac1,940.0
2995,chr6,8898000,8903000,ESC_enriched,5,0.9908951351653068,promoter,Nxph1,NM_008751,+,Nxph1,482.0
2996,chr6,8904000,8907000,ESC_enriched,3,0.9967494316537154,gene_body,Nxph1,NM_008751,+,Nxph1,5482.0
2997,chr6,12699000,12700000,ESC_enriched,1,0.9944181913101924,promoter,Thsd7a,NM_001164805,-,Thsd7a,247.0
2998,chr6,14848000,14853000,ESC_enriched,5,0.9955334671329372,promoter,Foxp2,NM_053242,+,Foxp2,-848.0
2999,chr6,17256000,17260000,ESC_enriched,4,0.9983811975640297,promoter,Cav1,NM_007616,+,Cav1,1666.0
3000,chr6,17979000,17983000,ESC_enriched,4,0.9995502155714332,promoter,Wnt2,NM_023653,-,Wnt2,555.0
3001,chr6,18119000,18121000,ESC_enriched,2,0.9970797590869585,promoter,Cftr,NM_021050,+,Cftr,-686.0
3002,chr6,18463000,18467000,ESC_enriched,4,0.9854720508825048,promoter,Cttnbp2,NM_080285,-,Cttnbp2,131.0
3003,chr6,21164000,21168000,ESC_enriched,4,0.9865694317517576,promoter,Kcnd2,NM_019697,+,Kcnd2,654.0
3004,chr6,21935000,21939000,ESC_enriched,4,0.9899453721751994,promoter,Cped1,NM_001081351,+,Cped1,1090.0
3005,chr6,22238000,22240000,ESC_enriched,2,0.9999993090494697,promoter,Wnt16,NM_053116,+,Wnt16,773.0
3006,chr6,24904000,24906000,ESC_enriched,2,0.9955330012182648,promoter,Tmem229a,NM_177013,-,Tmem229a,-1135.0
3007,chr6,25767000,25770000,NPC_enriched,3,0.9534781167281254,intergenic,,,,Pot1a,9272.0
3008,chr6,28083000,28087000,ESC_enriched,4,0.987816092727909,intergenic,,,,Grm8,8564.0
3009,chr6,28345000,28350000,ESC_enriched,5,0.9942865696723924,intergenic,,,,Gcc1,-24234.0
3010,chr6,28399000,28404000,ESC_enriched,5,0.9957422867567556,promoter,Pax4,NM_001159925,-,Pax4,2150.0
3011,chr6,28780000,28785000,ESC_enriched,5,0.9901182412939408,promoter,Lrrc4,NM_138682,-,Lrrc4,743.0
3012,chr6,28929000,28933000,ESC_enriched,4,0.991535343026428,intergenic,,,,Mir129-1,-41628.0
3013,chr6,29011000,29013000,ESC_enriched,2,0.9676397933221842,promoter,Lep,NM_008493,+,Lep,1770.0
3014,chr6,29163000,29166000,ESC_enriched,3,0.9896438436669808,promoter,Impdh1,NM_001302933,-,Impdh1,-1874.0
3015,chr6,29381000,29386000,ESC_enriched,5,0.9924554465469224,promoter,Flnc,NM_001081185,+,Flnc,338.0
3016,chr6,29440000,29444000,ESC_enriched,4,0.99154912631461,gene_body,Kcp,NM_001029985,-,Kcp,-15962.0
3017,chr6,29446000,29449000,ESC_enriched,3,0.9995298619084236,gene_body,Kcp,NM_001029985,-,Kcp,-10462.0
3018,chr6,29456000,29459000,ESC_enriched,3,0.9963136858459456,promoter,Kcp,NM_001029985,-,Kcp,-462.0
3019,chr6,29476000,29481000,ESC_enriched,5,0.9906722371867278,promoter,Irf5,NM_001311083,+,Irf5,1866.0
3020,chr6,29686000,29689000,ESC_enriched,3,0.9967972603351628,promoter,Smo,NM_176996,+,Smo,1994.0
3021,chr6,30122000,30125000,NPC_enriched,3,0.9857565371876628,promoter,Mirc35hg,NR_126540,-,Mirc35hg,-635.0
3022,chr6,30409000,30416000,ESC_enriched,7,0.9980500349386232,promoter,1700012C14Rik,NR_131049,+,1700012C14Rik,1506.0
3023,chr6,30682000,30685000,ESC_enriched,3,0.9935269182906982,intergenic,,,,Mest,-4559.0
3024,chr6,30887000,30889000,ESC_enriched,2,0.9937915697148528,promoter,Klf14,NM_001135093,-,Klf14,-1153.0
3025,chr6,30947000,30948000,ESC_enriched,1,0.9755796785268744,intergenic,,,,Mir29a,-45410.0
3026,chr6,31145000,31152000,ESC_enriched,7,0.9904657641681318,promoter,Lncpint,NR_110471,-,Lncpint,-137.0
3027,chr6,31214000,31217000,ESC_enriched,3,0.9684772102073552,gene_body,2210408F21Rik,NR_040260,+,2210408F21Rik,64987.0
3028,chr6,31487000,31498000,ESC_enriched,11,0.9948105480177252,promoter,Podxl,NM_013723,-,Podxl,-1600.0
3029,chr6,32710000,32712000,ESC_enriched,2,0.97496030541688,intergenic,,,,Plxna4,192650.0
3030,chr6,34201000,34204000,ESC_enriched,3,0.980433967078316,intergenic,,,,Gm6644,-45101.0
3031,chr6,34924000,34926000,ESC_enriched,2,0.9705088144783878,intergenic,,,,Slc23a4,16849.0
3032,chr6,36318000,36320000,ESC_enriched,2,0.9936581754595716,promoter,9330158H04Rik,NR_015589,-,9330158H04Rik,614.0
3033,chr6,37225000,37231000,ESC_enriched,6,0.9939655988197944,promoter,Dgki,NM_001347104,-,Dgki,-1582.0
3034,chr6,38221000,38223000,ESC_enriched,2,0.987759163111586,gene_body,Zc3hav1l,NM_172467,-,Zc3hav1l,-6867.0
3035,chr6,38282000,38286000,ESC_enriched,4,0.9815677246230152,promoter,Zc3hav1,NM_001347122,-,Zc3hav1,-211.0
3036,chr6,38565000,38570000,ESC_enriched,5,0.9838508127397574,promoter,Klrg2,NM_001033171,-,Klrg2,653.0
3037,chr6,38591000,38597000,ESC_enriched,6,0.9893850063129592,promoter,Clec2l,NM_001101507,+,Clec2l,1324.0
3038,chr6,38610000,38612000,ESC_enriched,2,0.954339152247232,gene_body,Clec2l,NM_001101507,+,Clec2l,18324.0
3039,chr6,40364000,40366000,ESC_enriched,2,0.9963755560168062,promoter,Dennd11,NM_001356375,-,Dennd11,-742.0
3040,chr6,40743000,40746000,NPC_enriched,3,0.9740101623887748,intergenic,,,,Moxd2,-72601.0
3041,chr6,41472000,41474000,ESC_enriched,2,0.9918625449039143,intergenic,,,,Prss2,21618.0
3042,chr6,42249000,42255000,ESC_enriched,6,0.9893492633482464,promoter,Fam131b,NM_029528,-,Fam131b,-2247.0
3043,chr6,47833000,47838000,ESC_enriched,5,0.9975451722813832,gene_body,Zfp282,NM_146175,+,Zfp212,-14653.0
3044,chr6,48365000,48382000,ESC_enriched,17,0.9958105719024124,promoter,Zfp467,NM_001085417,-,Zfp467,-1911.0
3045,chr6,48410000,48421000,ESC_enriched,11,0.9893573015119148,gene_body,Sspo,NM_173428,+,Zfp862-ps,-18424.0
3046,chr6,48525000,48528000,ESC_enriched,3,0.99202184498089,gene_body,Repin1,NM_001079903,+,Repin1,3032.0
3047,chr6,48550000,48551000,ESC_enriched,1,0.9941815826410904,gene_body,Zfp775,NM_173429,+,AI854703,-7252.0
3048,chr6,48555000,48562000,ESC_enriched,7,0.9896765287298124,promoter,AI854703,NR_027236,+,AI854703,748.0
3049,chr6,48966000,48969000,ESC_enriched,3,0.9806087365769942,promoter,Gpnmb,NM_053110,+,Gpnmb,1397.0
3050,chr6,49145000,49157000,NPC_enriched,12,0.9968400361876808,promoter,Igf2bp3,NM_023670,-,Igf2bp3,6460.0
3051,chr6,50191000,50192000,ESC_enriched,1,0.9555017361667442,promoter,Gsdme,NM_018769,-,Gsdme,145.0
3052,chr6,50525000,50528000,ESC_enriched,3,0.978629750320882,promoter,4921507P07Rik,NM_027564,-,4921507P07Rik,324.0
3053,chr6,51098000,51100000,ESC_enriched,2,0.9980101156633424,intergenic,,,,Mir148a,-100496.0
3054,chr6,51102000,51105000,ESC_enriched,3,0.9946773450223958,intergenic,,,,Mir148a,-95996.0
3055,chr6,51542000,51543000,ESC_enriched,1,0.96395095356198,intergenic,,,,Snx10,68395.0
3056,chr6,52079000,52159000,ESC_enriched,80,0.9997353926683128,promoter,Hoxa4,NM_008265,-,Hoxa4,-2286.0
3057,chr6,52166000,52168000,ESC_enriched,2,0.9667827723096384,gene_body,Hoxa10,NM_001122950,-,Hoxa10,-3437.0
3058,chr6,52169000,52173000,ESC_enriched,4,0.9802774042898788,promoter,Hoxa10,NM_001122950,-,Hoxa10,563.0
3059,chr6,52513000,52517000,NPC_enriched,4,0.9904470611296337,gene_body,Hibadh,NM_145567,-,Hibadh,-54878.0
3060,chr6,53215000,53219000,ESC_enriched,4,0.9859954666632104,promoter,Creb5,NM_001327821,+,Creb5,120.0
3061,chr6,53746000,53754000,ESC_enriched,8,0.99403498983918,promoter,Tril,NM_025817,-,Tril,-403.0
3062,chr6,53968000,53971000,ESC_enriched,3,0.9783135426479932,promoter,Chn2,NM_001163640,+,Chn2,-9.0
3063,chr6,54254000,54258000,ESC_enriched,4,0.9931242355313276,promoter,Prr15,NM_030024,+,Prr15,-478.0
3064,chr6,54872000,54877000,ESC_enriched,5,0.9919682540906324,gene_body,Nod1,NM_172729,-,Nod1,-27690.0
3065,chr6,54902000,54903000,ESC_enriched,1,0.985529957581353,promoter,Nod1,NM_172729,-,Nod1,310.0
3066,chr6,55381000,55387000,ESC_enriched,6,0.9918678528263836,promoter,Adcyap1r1,NM_007407,+,Adcyap1r1,2445.0
3067,chr6,55606000,55608000,ESC_enriched,2,0.9869320976291712,gene_body,Neurod6,NM_009717,-,Neurod6,-3841.0
3068,chr6,57753000,57756000,ESC_enriched,3,0.9824446350067768,promoter,Vopp1,NM_146168,-,Vopp1,-203.0
3069,chr6,60757000,60761000,ESC_enriched,4,0.9818530782686888,promoter,Snca,NM_001042451,-,Snca,418.0
3070,chr6,61110000,61111000,ESC_enriched,1,0.967013195155653,promoter,A730020E08Rik,NR_040287,-,A730020E08Rik,112.0
3071,chr6,63186000,63188000,ESC_enriched,2,0.9812108895346034,promoter,Grid2,NM_001370966,+,Grid2,1417.0
3072,chr6,64659000,64660000,ESC_enriched,1,0.990756721222549,promoter,Atoh1,NM_007500,+,Atoh1,798.0
3073,chr6,64664000,64665000,ESC_enriched,1,0.966663101638757,intergenic,,,,Atoh1,5798.0
3074,chr6,65600000,65607000,ESC_enriched,7,0.9842266828646616,promoter,Ndnf,NM_172399,+,Ndnf,2312.0
3075,chr6,66825000,66827000,ESC_enriched,2,0.9910214614985716,promoter,Gng12,NM_001177556,+,Gng12,26.0
3076,chr6,67463000,67466000,ESC_enriched,3,0.9838914067222518,promoter,Tacstd2,NM_020047,-,Tacstd2,-900.0
3077,chr6,70977000,70981000,ESC_enriched,4,0.9927117481936376,intergenic,,,,Foxi3,92816.0
3078,chr6,71636000,71641000,ESC_enriched,5,0.9857259356454406,promoter,Reep1,NM_178608,+,Reep1,1311.0
3079,chr6,72164000,72165000,ESC_enriched,1,0.99708002896215,promoter,Atoh8,NM_153778,-,Atoh8,-586.0
3080,chr6,72716000,72719000,ESC_enriched,3,0.9772004785149204,promoter,Tcf7l1,NM_001079822,-,Tcf7l1,-1054.0
3081,chr6,77171000,77175000,ESC_enriched,4,0.998981134101285,promoter,Lrrtm1,NM_001362109,+,Lrrtm1,1015.0
3082,chr6,82367000,82368000,ESC_enriched,1,0.9554833603458828,promoter,Tacr1,NM_009313,+,Tacr1,-632.0
3083,chr6,82995000,83005000,ESC_enriched,10,0.9909158648600328,promoter,Loxl3,NM_013586,+,Loxl3,138.0
3084,chr6,83049000,83054000,ESC_enriched,5,0.9919499867141474,promoter,Lbx2,NM_010692,+,Lbx2,-522.0
3085,chr6,83100000,83103000,ESC_enriched,3,0.9919753820186789,promoter,Rtkn,NM_001136227,+,Rtkn,35.0
3086,chr6,83105000,83109000,ESC_enriched,4,0.9845176454159352,gene_body,Rtkn,NM_001136227,+,Rtkn,5535.0
3087,chr6,83120000,83123000,ESC_enriched,3,0.9907267024258716,promoter,Wdr54,NM_023790,-,Wdr54,-537.0
3088,chr6,83126000,83128000,ESC_enriched,2,0.9984615626301632,gene_body,1700003E16Rik,NM_027948,+,1700003E16Rik,4939.0
3089,chr6,83378000,83407000,ESC_enriched,29,0.9963446388880284,promoter,B230319C09Rik,NR_028382,+,B230319C09Rik,-14912.0
3090,chr6,83408000,83423000,ESC_enriched,15,0.9983168615584262,promoter,Tet3,NM_001347313,-,Tet3,-6550.0
3091,chr6,83446000,83451000,NPC_enriched,5,0.9665319206715668,gene_body,Dguok,NM_013764,-,Dguok,-24127.0
3092,chr6,83454000,83457000,NPC_enriched,3,0.9835635816955688,gene_body,Dguok,NM_013764,-,Dguok,-17127.0
3093,chr6,83667000,83682000,ESC_enriched,15,0.995991379198088,promoter,Vax2os,NR_075094,-,Vax2os,-1983.0
3094,chr6,83717000,83730000,ESC_enriched,13,0.9942448468478904,promoter,1700124L16Rik,NR_105027,-,1700124L16Rik,-4666.0
3095,chr6,83831000,83833000,ESC_enriched,2,0.9810536515094732,intergenic,,,,Paip2b,34601.0
3096,chr6,85090000,85094000,ESC_enriched,4,0.9960726367673012,promoter,Gm5878,NR_168059,-,Gm5878,248.0
3097,chr6,85158000,85161000,ESC_enriched,3,0.9957777669339948,gene_body,Emx1,NM_010131,+,Emx1,5912.0
3098,chr6,85170000,85174000,ESC_enriched,4,0.9832805861445512,gene_body,Emx1,NM_010131,+,Emx1,18412.0
3099,chr6,85188000,85195000,ESC_enriched,7,0.9906546085619228,gene_body,Sfxn5,NM_178639,-,Emx1,37912.0
3100,chr6,85373000,85377000,ESC_enriched,4,0.9918253906481652,intergenic,,,,Noto,-14543.0
3101,chr6,85444000,85452000,ESC_enriched,8,0.9982979437657064,gene_body,Fbxo41,NM_001001160,-,Fbxo41,-20652.0
3102,chr6,85981000,85986000,ESC_enriched,5,0.9863407020968844,promoter,Figla,NM_012013,+,Figla,676.0
3103,chr6,85994000,85996000,ESC_enriched,2,0.9916705389630104,promoter,Add2,NM_001271858,+,Add2,686.0
3104,chr6,86589000,86592000,ESC_enriched,3,0.9841238527927076,intergenic,,,,Asprv1,-3307.0
3105,chr6,87698000,87700000,ESC_enriched,2,0.999261350454974,gene_body,Efcc1,NM_001159697,+,Efcc1,2491.0
3106,chr6,88156000,88157000,ESC_enriched,1,0.9833717237369588,intergenic,,,,Gata2,-7804.0
3107,chr6,88160000,88171000,ESC_enriched,11,0.9964066448742586,promoter,Gata2,NM_008090,+,Gata2,1196.0
3108,chr6,88258000,88262000,NPC_enriched,4,0.9960032998100524,gene_body,Eefsec,NM_023060,-,Dnajb8,72092.0
3109,chr6,88304000,88314000,NPC_enriched,10,0.9952836616155756,gene_body,Eefsec,NM_023060,-,Eefsec,-103180.0
3110,chr6,88593000,88594000,ESC_enriched,1,0.9724398125220568,promoter,Kbtbd12,NM_001278671,-,Kbtbd12,430.0
3111,chr6,88690000,88693000,ESC_enriched,3,0.9986769034921074,promoter,Mgll,NM_001166251,+,Mgll,1156.0
3112,chr6,88831000,88833000,ESC_enriched,2,0.9729902032559712,gene_body,Podxl2,NM_001379217,-,Podxl2,-8687.0
3113,chr6,88837000,88842000,ESC_enriched,5,0.989830429692102,promoter,Podxl2,NM_001379217,-,Podxl2,-1187.0
3114,chr6,90092000,90094000,NPC_enriched,2,0.9642734009613791,gene_body,Vmn1r51,NM_011683,+,Vmn1r51,4854.0
3115,chr6,90274000,90277000,ESC_enriched,3,0.9887661902830168,gene_body,Chst13,NM_027928,-,BC048671,8778.0
3116,chr6,90288000,90292000,ESC_enriched,4,0.9868862387018684,promoter,Chst13,NM_027928,-,Chst13,-689.0
3117,chr6,90392000,90394000,ESC_enriched,2,0.9946159857941446,promoter,Cfap100,NM_173775,-,Cfap100,-984.0
3118,chr6,91250000,91259000,ESC_enriched,9,0.9842108680796188,intergenic,,,,Fbln2,76233.0
3119,chr6,91262000,91265000,ESC_enriched,3,0.9630052013960082,intergenic,,,,Fbln2,85233.0
3120,chr6,91266000,91268000,ESC_enriched,2,0.9800126468431876,intergenic,,,,Fbln2,88733.0
3121,chr6,91312000,91315000,ESC_enriched,3,0.9586155968853598,intergenic,,,,Wnt7a,-63357.0
3122,chr6,91360000,91363000,ESC_enriched,3,0.9888435740842376,gene_body,Wnt7a,NM_009527,-,Wnt7a,-15357.0
3123,chr6,91369000,91378000,ESC_enriched,9,0.995708549913816,promoter,Wnt7a,NM_009527,-,Wnt7a,-3357.0
3124,chr6,91685000,91702000,NPC_enriched,17,0.9992521917415303,gene_body,Slc6a6,NM_009320,+,Slc6a6,43930.0
3125,chr6,92669000,92672000,ESC_enriched,3,0.9829931091831422,promoter,Prickle2,NM_001081146,-,Prickle2,-1188.0
3126,chr6,92905000,92911000,ESC_enriched,6,0.9929915505864912,promoter,Adamts9,NM_175314,-,Adamts9,-1038.0
3127,chr6,93644000,93649000,ESC_enriched,5,0.9818504242516536,gene_body,Magi1,NM_001286784,-,4930511A08Rik,-556405.0
3128,chr6,97452000,97454000,ESC_enriched,2,0.9994071808131444,promoter,Frmd4b,NM_001346637,-,Frmd4b,-283.0
3129,chr6,97490000,97514000,NPC_enriched,24,0.9971025097196344,intergenic,,,,Frmd4b,48717.0
3130,chr6,99486000,99488000,ESC_enriched,2,0.9994657235998888,intergenic,,,,Eif4e3,-145234.0
3131,chr6,99898000,99900000,NPC_enriched,2,0.9561171040166484,intergenic,,,,Prok2,207145.0
3132,chr6,99902000,99914000,NPC_enriched,12,0.9919640507917808,intergenic,,,,Prok2,216145.0
3133,chr6,99924000,99940000,NPC_enriched,16,0.9915616073768404,intergenic,,,,Prok2,240145.0
3134,chr6,100011000,100024000,NPC_enriched,13,0.9948373670442392,intergenic,,,,Rybp,-235321.0
3135,chr6,100038000,100040000,NPC_enriched,2,0.9529380067337164,intergenic,,,,Rybp,-213821.0
3136,chr6,101342000,101344000,ESC_enriched,2,0.9997383497138737,promoter,Pdzrn3,NM_018884,-,Pdzrn3,-995.0
3137,chr6,101445000,101448000,NPC_enriched,3,0.967954465007661,intergenic,,,,Pdzrn3,102505.0
3138,chr6,101843000,101849000,NPC_enriched,6,0.9901472055898204,intergenic,,,,Gm9871,105654.0
3139,chr6,103476000,103478000,ESC_enriched,2,0.9985110191843314,promoter,Chl1,NM_007697,+,Chl1,352.0
3140,chr6,105642000,105646000,ESC_enriched,4,0.9781587022131468,promoter,Gm15631,NR_132434,-,Gm15631,646.0
3141,chr6,107494000,107498000,ESC_enriched,4,0.9933639796474972,promoter,Lrrn1,NM_008516,+,Lrrn1,498.0
3142,chr6,112453000,112458000,ESC_enriched,5,0.9926655383882018,promoter,Oxtr,NM_001081147,-,Oxtr,-102.0
3143,chr6,113461000,113464000,ESC_enriched,3,0.9760813480121716,gene_body,Prrt3,NM_001289699,-,Prrt3,-5208.0
3144,chr6,114096000,114099000,ESC_enriched,3,0.9991948293444168,promoter,Slc6a11,NM_172890,+,Slc6a11,665.0
3145,chr6,114247000,114251000,ESC_enriched,4,0.992184444798282,promoter,Slc6a1,NM_178703,+,Slc6a1,771.0
3146,chr6,114363000,114367000,ESC_enriched,4,0.9992495940026904,intergenic,,,,Hrh1,-4260.0
3147,chr6,115326000,115329000,ESC_enriched,3,0.9972813261897118,intergenic,,,,Pparg,-60184.0
3148,chr6,115925000,115930000,ESC_enriched,5,0.9984923548735584,gene_body,Plxnd1,NM_026376,-,H1f8,16951.0
3149,chr6,115954000,115965000,ESC_enriched,11,0.9926988426837074,promoter,Plxnd1,NM_026376,-,Plxnd1,-1124.0
3150,chr6,116425000,116429000,ESC_enriched,4,0.9851685251867836,promoter,Alox5,NM_009662,-,Alox5,203.0
3151,chr6,117681000,117682000,ESC_enriched,1,0.9934917350655964,gene_body,1700030F04Rik,NR_045731,-,1700030F04Rik,-35888.0
3152,chr6,117961000,117965000,ESC_enriched,4,0.9852003724034026,intergenic,,,,Rasgef1a,-14123.0
3153,chr6,117978000,117979000,ESC_enriched,1,0.9503832291812908,promoter,Rasgef1a,NM_001362105,+,Rasgef1a,1377.0
3154,chr6,117989000,117990000,ESC_enriched,1,0.9597287979604072,gene_body,Rasgef1a,NM_001362105,+,Rasgef1a,12377.0
3155,chr6,118444000,118449000,ESC_enriched,5,0.9874504013956168,promoter,Zfp9,NM_011763,-,Zfp9,1608.0
3156,chr6,118558000,118561000,ESC_enriched,3,0.99326387521899,gene_body,Cacna1c,NM_001255998,-,Ankrd26,31610.0
3157,chr6,118654000,118657000,ESC_enriched,3,0.9672780835963534,gene_body,Cacna1c,NM_001255998,-,Ankrd26,127610.0
3158,chr6,119071000,119076000,ESC_enriched,5,0.99024635149516,gene_body,Cacna1c,NM_001255998,-,Dcp1b,-67371.0
3159,chr6,119295000,119297000,ESC_enriched,2,0.9985716216730612,promoter,Lrtm2,NM_172492,-,Lrtm2,-385.0
3160,chr6,119412000,119414000,ESC_enriched,2,0.984476447753492,gene_body,Wnt5b,NM_001271758,-,Wnt5b,-19830.0
3161,chr6,119505000,119512000,ESC_enriched,7,0.992410575332218,intergenic,,,,Fbxl14,63214.0
3162,chr6,120429000,120431000,ESC_enriched,2,0.9841520576047104,promoter,Il17ra,NM_008359,+,Il17ra,1185.0
3163,chr6,120457000,120461000,ESC_enriched,4,0.9940557380596288,promoter,Tmem121b,NM_033567,-,Tmem121b,-565.0
3164,chr6,121175000,121178000,ESC_enriched,3,0.9937274535935072,promoter,Tuba8,NM_017379,+,Tuba8,148.0
3165,chr6,121378000,121379000,ESC_enriched,1,0.9850636388549736,gene_body,Iqsec3,NM_001033354,-,Iqsec3,-60797.0
3166,chr6,122589000,122591000,ESC_enriched,2,0.9658687044557146,intergenic,,,,Dppa3,-2042.0
3167,chr6,124824000,124834000,ESC_enriched,10,0.9906706787874848,promoter,Gpr162,NM_013533,-,Gpr162,-602.0
3168,chr6,124958000,124961000,ESC_enriched,3,0.9685885193506856,intergenic,,,,Pianp,-4555.0
3169,chr6,125278000,125281000,ESC_enriched,3,0.9797201514900338,promoter,Ltbr,NM_010736,-,Ltbr,-4.0
3170,chr6,125521000,125522000,ESC_enriched,1,0.9667699730186562,gene_body,Vwf,NM_011708,+,Vwf,2934.0
3171,chr6,126129000,126131000,ESC_enriched,2,0.9752214564623498,promoter,Ntf3,NM_001164035,-,Ntf3,-579.0
3172,chr6,126703000,126707000,ESC_enriched,4,0.9966682641144492,promoter,Kcna6,NM_013568,-,Kcna6,-1293.0
3173,chr6,126979000,126989000,ESC_enriched,10,0.9774675902797848,promoter,Fgf6,NM_010204,+,Fgf6,2840.0
3174,chr6,127098000,127102000,ESC_enriched,4,0.9718691140635748,gene_body,Ccnd2,NM_009829,-,9330179D12Rik,-15244.0
3175,chr6,127114000,127125000,ESC_enriched,11,0.99903614920728,promoter,Ccnd2,NM_009829,-,Ccnd2,2833.0
3176,chr6,127293000,127300000,ESC_enriched,7,0.9958236534235068,intergenic,,,,Gm38404,22914.0
3177,chr6,127305000,127307000,ESC_enriched,2,0.9603028033045596,intergenic,,,,Gm38404,32414.0
3178,chr6,134949000,134950000,ESC_enriched,1,0.9730941445822048,gene_body,Apold1,NM_001109914,+,Apold1,1807.0
3179,chr6,135697000,135700000,ESC_enriched,3,0.986115058455371,gene_body,Grin2b,NM_001363750,-,4930425L21Rik,73895.0
3180,chr6,136625000,136628000,ESC_enriched,3,0.999517570159948,promoter,Plbd1,NM_025806,-,Plbd1,411.0
3181,chr6,136903000,136906000,ESC_enriched,3,0.9755915592905248,promoter,Arhgdib,NM_001301303,-,Arhgdib,777.0
3182,chr6,137216000,137218000,ESC_enriched,2,0.998608955648122,promoter,Ptpro,NM_011216,+,Ptpro,506.0
3183,chr6,138386000,138388000,ESC_enriched,2,0.9665341495305024,promoter,A830011K09Rik,NR_126072,+,A830011K09Rik,-300.0
3184,chr6,140258000,140259000,ESC_enriched,1,0.9719523484899718,intergenic,,,,Plekha5,-128004.0
3185,chr6,141210000,141215000,ESC_enriched,5,0.9875777021602146,promoter,Pde3a,NM_018779,+,Pde3a,826.0
3186,chr6,141528000,141535000,NPC_enriched,7,0.9924804389556589,gene_body,Slco1c1,NM_001177772,+,Slco1c1,44741.0
3187,chr6,142371000,142374000,ESC_enriched,3,0.9990572072423448,promoter,Spx,NM_001242345,+,Spx,1848.0
3188,chr6,142920000,142923000,ESC_enriched,3,0.9744194343778942,promoter,St8sia1,NM_011374,-,St8sia1,-174.0
3189,chr6,144308000,144312000,ESC_enriched,4,0.9899518240914452,intergenic,,,,Sox5,143273.0
3190,chr6,144738000,144741000,ESC_enriched,3,0.9993007357324174,intergenic,,,,Sox5os3,109474.0
3191,chr6,145819000,145828000,ESC_enriched,9,0.9991151021272509,promoter,Bhlhe41,NM_024469,-,Bhlhe41,921.0
3192,chr6,146458000,146462000,ESC_enriched,4,0.9965757159404806,promoter,Itpr2,NM_010586,-,Itpr2,607.0
3193,chr6,147220000,147225000,ESC_enriched,5,0.9990770502967032,promoter,Pthlh,NM_008970,-,Pthlh,1317.0
3194,chr6,148004000,148005000,ESC_enriched,1,0.9606671611629096,promoter,Far2,NM_178797,+,Far2,-85.0
3195,chr6,149057000,149061000,ESC_enriched,4,0.9831678932574914,promoter,Dennd5b,NM_177192,-,Dennd5b,150.0
3196,chr7,4530000,4532000,ESC_enriched,2,0.9765770148700328,gene_body,Ssc5d,NM_173008,+,Ssc5d,2093.0
3197,chr7,4595000,4599000,ESC_enriched,4,0.9994759468551108,promoter,Zfp579,NM_026741,-,Zfp579,-2188.0
3198,chr7,4633000,4636000,ESC_enriched,3,0.9950156881870168,gene_body,Zfp865,NM_001290426,+,Zfp784,-7033.0
3199,chr7,4655000,4661000,ESC_enriched,6,0.9936192401905156,promoter,Ccdc106,NM_001290429,+,Ccdc106,-1238.0
3200,chr7,5792000,5794000,ESC_enriched,2,0.9991553414678868,gene_body,Zfp444,NM_001146024,+,Galp,-7176.0
3201,chr7,11828000,11831000,ESC_enriched,3,0.979102207864711,promoter,Rnf225,NM_029809,+,Rnf225,1906.0
3202,chr7,11943000,11946000,ESC_enriched,3,0.9998066940280176,gene_body,Mzf1,NM_145819,-,Ube2m,6343.0
3203,chr7,12160000,12162000,ESC_enriched,2,0.979812201283208,gene_body,Zswim9,NM_177312,-,Zswim9,-17900.0
3204,chr7,15115000,15117000,ESC_enriched,2,0.9949122463191494,gene_body,Ehd2,NM_153068,-,Ehd2,-10057.0
3205,chr7,15220000,15221000,ESC_enriched,1,0.955068886928255,intergenic,,,,Zfp541,-9866.0
3206,chr7,15303000,15306000,ESC_enriched,3,0.99501033799543,gene_body,Slc8a2,NM_148946,+,Slc8a2,16153.0
3207,chr7,15316000,15319000,ESC_enriched,3,0.9879841164686156,gene_body,Slc8a2,NM_148946,+,Meis3,-16416.0
3208,chr7,15338000,15339000,ESC_enriched,1,0.957067335012204,gene_body,Meis3,NM_008627,+,Meis3,4584.0
3209,chr7,15969000,15971000,ESC_enriched,2,0.9811953084339504,gene_body,Fkrp,NM_173430,-,Strn4,-4410.0
3210,chr7,16065000,16069000,ESC_enriched,4,0.992192688058743,promoter,Ptgir,NM_008967,+,Ptgir,1989.0
3211,chr7,16103000,16108000,ESC_enriched,5,0.9925801345206428,promoter,Pnmal2,NM_001099636,+,Pnmal2,2297.0
3212,chr7,18084000,18087000,ESC_enriched,3,0.9812159045303628,promoter,Nova2,NM_001029877,+,Nova2,1091.0
3213,chr7,18115000,18128000,ESC_enriched,13,0.9946260440700416,gene_body,Nova2,NM_001029877,+,Nanos2,-24545.0
3214,chr7,18150000,18153000,ESC_enriched,3,0.9908679513105124,promoter,Mypop,NM_145579,+,Mypop,1734.0
3215,chr7,18223000,18225000,ESC_enriched,2,0.981040409810416,gene_body,Rsph6a,NM_001159671,+,Dmwd,-10721.0
3216,chr7,18253000,18257000,ESC_enriched,4,0.9936228183635264,promoter,Six5,NM_011383,+,Six5,1935.0
3217,chr7,18276000,18277000,ESC_enriched,1,0.9800883658282562,promoter,Bhmg1,NM_001370811,-,Bhmg1,-366.0
3218,chr7,18463000,18466000,ESC_enriched,3,0.993525527388778,gene_body,Fosb,NM_008036,-,Fosb,-4067.0
3219,chr7,18647000,18652000,ESC_enriched,5,0.9939991102439713,gene_body,Exoc3l2,NM_001370800,+,Bloc1s3,-17392.0
3220,chr7,18677000,18684000,ESC_enriched,7,0.999872104833095,promoter,Nkpd1,NM_027116,+,Nkpd1,3248.0
3221,chr7,24080000,24082000,ESC_enriched,2,0.9799407075129988,promoter,Kcnn4,NM_001163510,+,Kcnn4,1978.0
3222,chr7,24089000,24091000,ESC_enriched,2,0.958409850150186,gene_body,Kcnn4,NM_001163510,+,Kcnn4,10978.0
3223,chr7,24140000,24144000,ESC_enriched,4,0.9970480904055788,gene_body,Irgc1,NM_199013,-,Irgc1,-12442.0
3224,chr7,24208000,24211000,ESC_enriched,3,0.9912646830290016,gene_body,Cadm4,NM_153112,+,Zfp428,-6346.0
3225,chr7,24294000,24296000,ESC_enriched,2,0.9982343134001236,promoter,Zfp575,NM_001033205,-,Zfp575,-1401.0
3226,chr7,24303000,24305000,ESC_enriched,2,0.9664127151849696,promoter,Ethe1,NM_001364014,+,Ethe1,1333.0
3227,chr7,24321000,24322000,ESC_enriched,1,0.9736944392935156,promoter,Phldb3,NM_001102613,+,Phldb3,1413.0
3228,chr7,24641000,24643000,ESC_enriched,2,0.9992899767301936,gene_body,Erfl,NM_001370804,-,Erfl,-11531.0
3229,chr7,24661000,24667000,ESC_enriched,6,0.991551819286133,promoter,Gm36809,NR_168692,-,Gm36809,764.0
3230,chr7,24718000,24722000,ESC_enriched,4,0.9877067865691006,gene_body,Grik5,NM_008168,-,Atp1a3,5327.0
3231,chr7,24887000,24891000,ESC_enriched,4,0.9953856659537766,intergenic,,,,D930028M14Rik,27784.0
3232,chr7,25076000,25079000,ESC_enriched,3,0.9973503435526936,promoter,Cnfn,NM_028219,-,Cnfn,-984.0
3233,chr7,27103000,27106000,NPC_enriched,3,0.9697870379008612,gene_body,Sptbn4,NM_032610,-,Shkbp1,39732.0
3234,chr7,27364000,27369000,ESC_enriched,5,0.9932413614854828,gene_body,Ttc9b,NM_028417,+,Ttc9b,3817.0
3235,chr7,27997000,28000000,ESC_enriched,3,0.9829087059853028,promoter,Selenov,NM_175033,-,Selenov,-1446.0
3236,chr7,28009000,28011000,ESC_enriched,2,0.9759790500458628,promoter,Dll3,NM_007866,-,Dll3,-545.0
3237,chr7,28595000,28598000,ESC_enriched,3,0.9829438318890324,gene_body,Capn12,NM_001110807,+,Capn12,6085.0
3238,chr7,28880000,28882000,ESC_enriched,2,0.9989290284041812,gene_body,Ggn,NM_182694,+,Ggn,2031.0
3239,chr7,29501000,29503000,ESC_enriched,2,0.995635829774751,gene_body,Zfp30,NM_001360208,+,Zfp30,9273.0
3240,chr7,30065000,30067000,ESC_enriched,2,0.9698413493925416,gene_body,Lrfn3,NM_175478,-,Lrfn3,-5532.0
3241,chr7,30068000,30071000,ESC_enriched,3,0.9943385930833392,promoter,Lrfn3,NM_175478,-,Lrfn3,-2032.0
3242,chr7,30234000,30244000,ESC_enriched,10,0.9905792112593688,promoter,Arhgap33,NM_001289670,-,Arhgap33,-4820.0
3243,chr7,30423000,30426000,ESC_enriched,3,0.981947693287207,gene_body,Atp4a,NM_018731,+,Atp4a,3532.0
3244,chr7,30527000,30531000,ESC_enriched,4,0.993052083529726,promoter,Ffar2,NM_001168512,-,Ffar2,-737.0
3245,chr7,34384000,34385000,ESC_enriched,1,0.99994966471412,gene_body,Chst8,NM_175140,-,Kctd15,21342.0
3246,chr7,34826000,34834000,ESC_enriched,8,0.9987727292764444,promoter,Cebpa,NM_001287514,+,Cebpa,1948.0
3247,chr7,34893000,34901000,ESC_enriched,8,0.992881207685523,promoter,Slc7a10,NM_017394,+,Slc7a10,1856.0
3248,chr7,34911000,34915000,ESC_enriched,4,0.9905921100966212,gene_body,Lrp3,NM_001024707,-,Lrp3,-11105.0
3249,chr7,34923000,34926000,ESC_enriched,3,0.971717343767714,promoter,Lrp3,NM_001024707,-,Lrp3,395.0
3250,chr7,36396000,36406000,ESC_enriched,10,0.994494634517414,promoter,Tshz3,NM_172298,+,Tshz3,-5877.0
3251,chr7,36408000,36412000,ESC_enriched,4,0.9928169344418708,gene_body,Tshz3,NM_172298,+,Tshz3,3123.0
3252,chr7,36478000,36481000,ESC_enriched,3,0.9923297618778144,gene_body,Tshz3,NM_172298,+,Tshz3,72623.0
3253,chr7,37045000,37047000,ESC_enriched,2,0.9959025035948124,intergenic,,,,4930505M18Rik,-332558.0
3254,chr7,37332000,37334000,ESC_enriched,2,0.9930276148634728,gene_body,Zfp536,NM_172385,-,4930505M18Rik,-45558.0
3255,chr7,40672000,40677000,ESC_enriched,5,0.9980885584411692,promoter,Vstm2b,NM_021387,+,Vstm2b,2070.0
3256,chr7,43330000,43333000,ESC_enriched,3,0.9904818309620133,promoter,Vsig10l,NM_001368881,+,Vsig10l,430.0
3257,chr7,43343000,43347000,ESC_enriched,4,0.9986218002292596,gene_body,Iglon5,NM_001164518,-,Iglon5,-13131.0
3258,chr7,43542000,43545000,ESC_enriched,3,0.9888363977989086,gene_body,Ctu1,NM_145582,+,Ctu1,3428.0
3259,chr7,43637000,43639000,ESC_enriched,2,0.9592937111149628,promoter,Klk12,NM_027097,+,Klk12,859.0
3260,chr7,43651000,43653000,ESC_enriched,2,0.9970616564704878,gene_body,Klk10,NM_133712,+,Klk10,2905.0
3261,chr7,44220000,44223000,ESC_enriched,3,0.9995369291663042,gene_body,Shank1,NM_001034115,+,1700008O03Rik,-21572.0
3262,chr7,44294000,44300000,ESC_enriched,6,0.9967961730184453,intergenic,,,,Lrrc4b,-13528.0
3263,chr7,44307000,44313000,ESC_enriched,6,0.9927159826435652,promoter,Lrrc4b,NM_198250,+,Lrrc4b,-528.0
3264,chr7,44327000,44333000,ESC_enriched,6,0.9979573991016384,promoter,Aspdh,NM_026690,+,Aspdh,-3476.0
3265,chr7,44344000,44352000,ESC_enriched,8,0.9902206037510668,promoter,5430431A17Rik,NR_131001,+,5430431A17Rik,-4558.0
3266,chr7,44707000,44709000,ESC_enriched,2,0.9998762710110758,gene_body,Il4i1,NM_010215,+,Il4i1,3671.0
3267,chr7,45559000,45564000,ESC_enriched,5,0.9937858283948368,promoter,Sec1,NM_001271578,-,Sec1,-944.0
3268,chr7,45566000,45569000,ESC_enriched,3,0.987207150065172,promoter,Car11,NM_009800,+,Car11,-508.0
3269,chr7,45661000,45667000,ESC_enriched,6,0.9991900122368252,gene_body,Lmtk3,NM_001290990,+,Lmtk3,10612.0
3270,chr7,45738000,45740000,ESC_enriched,2,0.9997919558492312,promoter,Kdelr1,NM_133950,+,Kdelr1,-1881.0
3271,chr7,46245000,46247000,ESC_enriched,2,0.9810100971554996,promoter,Myod1,NM_010866,+,Myod1,1485.0
3272,chr7,46263000,46275000,ESC_enriched,12,0.992660323933339,promoter,Kcnc1,NM_001112739,+,Kcnc1,4491.0
3273,chr7,46282000,46286000,ESC_enriched,4,0.9743690296086752,gene_body,Kcnc1,NM_001112739,+,Kcnc1,19491.0
3274,chr7,46293000,46296000,ESC_enriched,3,0.9844113541425392,gene_body,Kcnc1,NM_001112739,+,Kcnc1,29991.0
3275,chr7,46533000,46536000,ESC_enriched,3,0.9856824769615484,gene_body,Tph1,NM_009414,-,Tph1,-6079.0
3276,chr7,48827000,48833000,ESC_enriched,6,0.994495083525063,promoter,Nav2,NM_001111016,+,Nav2,2907.0
3277,chr7,49067000,49076000,ESC_enriched,9,0.9893628634403958,gene_body,Nav2,NM_001111016,+,9130015G15Rik,41321.0
3278,chr7,49114000,49119000,ESC_enriched,5,0.9874212135036596,gene_body,Nav2,NM_001111016,+,9130015G15Rik,86321.0
3279,chr7,49500000,49502000,ESC_enriched,2,0.9987737908865,gene_body,Dbx1,NM_001005232,-,Dbx1,-3856.0
3280,chr7,51378000,51380000,ESC_enriched,2,0.9993477532426684,promoter,Ano5,NM_177694,+,Ano5,-47.0
3281,chr7,58526000,58530000,ESC_enriched,4,0.997159719950724,promoter,Atp10a,NM_009728,+,Atp10a,1930.0
3282,chr7,61005000,61007000,NPC_enriched,2,0.9720103348119586,intergenic,,,,A230006K03Rik,-184599.0
3283,chr7,61399000,61403000,NPC_enriched,4,0.9698654421629896,intergenic,,,,B230209E15Rik,-93277.0
3284,chr7,61423000,61427000,NPC_enriched,4,0.998047233079174,gene_body,B230209E15Rik,NR_045727,-,B230209E15Rik,-69277.0
3285,chr7,61471000,61477000,NPC_enriched,6,0.9895013547446856,gene_body,B230209E15Rik,NR_045727,-,B230209E15Rik,-20277.0
3286,chr7,62066000,62070000,NPC_enriched,4,0.9969501126420154,intergenic,,,,Mir344i,103740.0
3287,chr7,62071000,62076000,NPC_enriched,5,0.9893865535090794,intergenic,,,,Mir344i,109240.0
3288,chr7,62088000,62090000,NPC_enriched,2,0.9587897344437076,intergenic,,,,Mir344i,124740.0
3289,chr7,62091000,62096000,NPC_enriched,5,0.986859679196372,intergenic,,,,Mir344i,129240.0
3290,chr7,62100000,62110000,NPC_enriched,10,0.9988169372428228,intergenic,,,,Ndn,-122226.0
3291,chr7,62113000,62131000,NPC_enriched,18,0.9937537348401904,intergenic,,,,Ndn,-105226.0
3292,chr7,62147000,62155000,NPC_enriched,8,0.998026697260868,intergenic,,,,Ndn,-76226.0
3293,chr7,62177000,62194000,NPC_enriched,17,0.995083847115782,intergenic,,,,Ndn,-41726.0
3294,chr7,62235000,62239000,NPC_enriched,4,0.9898948375368672,gene_body,Gm32061,NR_166566,-,Ndn,9774.0
3295,chr7,62242000,62254000,NPC_enriched,12,0.9953343194923446,gene_body,Gm32061,NR_166566,-,Magel2,-7928.0
3296,chr7,62329000,62331000,ESC_enriched,2,0.9795087118713672,intergenic,,,,Peg12,-13460.0
3297,chr7,62341000,62343000,ESC_enriched,2,0.9913787875957908,promoter,Peg12,NM_013788,-,Peg12,-1460.0
3298,chr7,64147000,64148000,ESC_enriched,1,0.9999027363682064,gene_body,Trpm1,NM_001039104,+,Mir6416,18451.0
3299,chr7,64379000,64383000,ESC_enriched,4,0.994466155319348,promoter,Apba2,NM_001291166,+,Apba2,-87.0
3300,chr7,65034000,65039000,ESC_enriched,5,0.9877910861061424,promoter,Fam189a1,NM_183087,-,Fam189a1,1022.0
3301,chr7,65157000,65159000,ESC_enriched,2,0.9571233569142176,intergenic,,,,1810049I09Rik,65630.0
3302,chr7,65988000,65990000,ESC_enriched,2,0.9929143972066056,promoter,Chsy1,NM_001081163,+,Chsy1,559.0
3303,chr7,66265000,66268000,ESC_enriched,3,0.9752140690474672,promoter,Lrrk1,NM_146191,-,Lrrk1,-791.0
3304,chr7,66303000,66308000,ESC_enriched,5,0.99280424938774,promoter,Aldh1a3,NM_053080,-,Aldh1a3,-927.0
3305,chr7,67800000,67819000,NPC_enriched,19,0.992988395591886,intergenic,,,,Igf1r,-16269.0
3306,chr7,68149000,68151000,ESC_enriched,2,0.9923752783270128,promoter,Gm16157,NR_040341,-,Gm16157,1389.0
3307,chr7,70153000,70163000,ESC_enriched,10,0.9953470896079905,gene_body,Gm29683,NR_131144,-,Gm29683,-53365.0
3308,chr7,70196000,70246000,ESC_enriched,50,0.9997060832373152,promoter,Gm29683,NR_131144,-,Gm29683,9635.0
3309,chr7,73246000,73251000,ESC_enriched,5,0.9982123835393896,promoter,Rgma,NM_177740,+,Rgma,-532.0
3310,chr7,73260000,73262000,ESC_enriched,2,0.9698493390321512,gene_body,Rgma,NM_177740,+,A730056A06Rik,11713.0
3311,chr7,73263000,73292000,ESC_enriched,29,0.9985449913070992,gene_body,Rgma,NM_177740,+,A730056A06Rik,28213.0
3312,chr7,73614000,73616000,ESC_enriched,2,0.9971625609729846,promoter,Fam174b,NM_001162532,+,Fam174b,1181.0
3313,chr7,73772000,73776000,NPC_enriched,4,0.9970353047801525,intergenic,,,,Gm21269,74564.0
3314,chr7,73781000,73808000,NPC_enriched,27,0.9991775523887454,intergenic,,,,St8sia2,-92695.0
3315,chr7,73820000,73832000,NPC_enriched,12,0.998589682388641,gene_body,St8sia2,NM_009181,-,St8sia2,-61195.0
3316,chr7,73918000,73922000,NPC_enriched,4,0.9759431019082144,intergenic,,,,St8sia2,32805.0
3317,chr7,73978000,73986000,NPC_enriched,8,0.9901237050928288,intergenic,,,,St8sia2,94805.0
3318,chr7,74428000,74429000,ESC_enriched,1,0.973349621165193,promoter,Slco3a1,NM_001038643,-,Slco3a1,207.0
3319,chr7,76793000,76797000,NPC_enriched,4,0.9750831724760692,gene_body,Agbl1,NM_001199224,+,Agbl1,691601.0
3320,chr7,78447000,78456000,ESC_enriched,9,0.9955224209175542,promoter,Ntrk3,NM_008746,-,Ntrk3,149.0
3321,chr7,78473000,78479000,ESC_enriched,6,0.9883137170288072,gene_body,E430016F16Rik,NR_015542,-,Ntrk3,24649.0
3322,chr7,78755000,78761000,ESC_enriched,6,0.9795141728979452,promoter,Mir7-2,NR_029826,+,Mir7-2,-3789.0
3323,chr7,79003000,79004000,ESC_enriched,1,0.9576386684663788,promoter,Hapln3,NM_178255,-,Hapln3,-1031.0
3324,chr7,79338000,79342000,ESC_enriched,4,0.994928171543794,promoter,Polg,NM_017462,-,Polg,214.0
3325,chr7,79370000,79399000,ESC_enriched,29,0.9953435712978016,promoter,Gm51285,NR_162809,-,Gm51285,5651.0
3326,chr7,79404000,79421000,ESC_enriched,17,0.9977404685785406,gene_body,Mir9-3hg,NR_040314,+,Gm51285,33651.0
3327,chr7,79426000,79429000,ESC_enriched,3,0.9862954457046946,intergenic,,,,Gm51285,48651.0
3328,chr7,79443000,79466000,ESC_enriched,23,0.9885126681711712,intergenic,,,,Rhcg,-36670.0
3329,chr7,79489000,79492000,ESC_enriched,3,0.9926670606688336,promoter,Rhcg,NM_019799,-,Rhcg,-670.0
3330,chr7,79582000,79584000,ESC_enriched,2,0.972316385572723,gene_body,Kif7,NM_010626,-,Kif7,-4699.0
3331,chr7,79666000,79677000,ESC_enriched,11,0.984199617980229,promoter,Mesp1,NM_008588,-,Mesp1,4397.0
3332,chr7,79683000,79687000,ESC_enriched,4,0.9860337964923624,promoter,Mesp2,NM_008589,+,Mesp2,761.0
3333,chr7,80253000,80256000,ESC_enriched,3,0.990971855616656,gene_body,Fes,NM_010194,-,Fes,-6959.0
3334,chr7,80459000,80463000,ESC_enriched,4,0.974025584874292,gene_body,Crtc3,NM_173863,-,Gm15880,-48529.0
3335,chr7,80560000,80562000,ESC_enriched,2,0.9947613009201604,promoter,Crtc3,NM_173863,-,Crtc3,-1390.0
3336,chr7,80748000,80751000,ESC_enriched,3,0.9974509018022598,gene_body,Zscan2,NM_001382514,+,Zscan2,15057.0
3337,chr7,81261000,81268000,NPC_enriched,7,0.99582960044503,gene_body,Cpeb1,NM_001252525,-,Rps17,45753.0
3338,chr7,81306000,81312000,NPC_enriched,6,0.9952203463048988,gene_body,Cpeb1,NM_001252525,-,Cpeb1,-19271.0
3339,chr7,81350000,81352000,ESC_enriched,2,0.9580862560909436,gene_body,Ap3b2,NM_021492,-,Ap3b2,-16438.0
3340,chr7,81579000,81582000,ESC_enriched,3,0.989583183080191,promoter,Homer2,NM_001164086,-,Homer2,62.0
3341,chr7,81731000,81736000,ESC_enriched,5,0.9900333006966532,promoter,Tm6sf1,NM_145375,+,Tm6sf1,987.0
3342,chr7,81806000,81810000,ESC_enriched,4,0.9919895779123024,promoter,Hdgfl3,NM_013886,-,Hdgfl3,28.0
3343,chr7,82211000,82214000,ESC_enriched,3,0.9955702253261466,promoter,Adamtsl3,NM_001190374,+,Adamtsl3,622.0
3344,chr7,82510000,82516000,NPC_enriched,6,0.9961885926719134,gene_body,Saxo2,NM_177894,-,Saxo2,-11713.0
3345,chr7,82744000,82747000,ESC_enriched,3,0.9998722896605466,promoter,Mex3b,NM_175366,+,Mex3b,1983.0
3346,chr7,84404000,84406000,ESC_enriched,2,0.993114024166864,promoter,Gm2115,NM_001384188,+,Gm2115,-158.0
3347,chr7,88004000,88007000,ESC_enriched,3,0.9981215288049388,gene_body,Grm5,NM_001081414,+,Ctsc,-147776.0
3348,chr7,89392000,89394000,ESC_enriched,2,0.9985668687592316,gene_body,Prss23,NM_001360752,-,Prss23,-9379.0
3349,chr7,89507000,89508000,ESC_enriched,1,0.966319132654724,promoter,Me3,NM_181407,+,Me3,-509.0
3350,chr7,90178000,90181000,ESC_enriched,3,0.9866934181713876,promoter,Sytl2,NM_001289584,+,Sytl2,1954.0
3351,chr7,92954000,92958000,ESC_enriched,4,0.988933599534189,promoter,Fam181b,NM_021427,+,Fam181b,930.0
3352,chr7,93928000,93930000,NPC_enriched,2,0.9552922123325484,intergenic,,,,Gm15501,874137.0
3353,chr7,93938000,93942000,NPC_enriched,4,0.9738618886160718,intergenic,,,,Gm15501,885137.0
3354,chr7,96092000,96097000,NPC_enriched,5,0.9815796302788918,gene_body,Tenm4,NM_011858,+,Tenm4,8672.0
3355,chr7,96278000,96288000,NPC_enriched,10,0.9778955893170174,gene_body,Tenm4,NM_011858,+,Gm15412,65844.0
3356,chr7,96438000,96463000,NPC_enriched,25,0.996157979577205,gene_body,Tenm4,NM_011858,+,Gm15413,-226241.0
3357,chr7,96690000,96716000,NPC_enriched,26,0.9891179080790644,gene_body,Tenm4,NM_011858,+,Gm15413,26259.0
3358,chr7,96729000,96743000,NPC_enriched,14,0.9777269356130442,gene_body,Tenm4,NM_011858,+,Gm15413,59259.0
3359,chr7,96789000,96795000,NPC_enriched,6,0.9858289217503164,intergenic,,,,Nars2,-34718.0
3360,chr7,96957000,96959000,ESC_enriched,2,0.9996995070250908,promoter,Gab2,NM_010248,+,Gab2,1058.0
3361,chr7,97199000,97203000,ESC_enriched,4,0.9995853842786336,gene_body,Usp35,NM_001177412,-,Usp35,-6301.0
3362,chr7,97954000,97956000,ESC_enriched,2,0.9811057200193988,gene_body,Myo7a,NM_008663,-,Myo7a,-39685.0
3363,chr7,97984000,97995000,ESC_enriched,11,0.9856684170562076,promoter,Myo7a,NM_008663,-,Myo7a,-5185.0
3364,chr7,98067000,98072000,ESC_enriched,5,0.9829706226377452,gene_body,B3gnt6,NM_001081167,-,B3gnt6,-5167.0
3365,chr7,98218000,98222000,ESC_enriched,4,0.9701490692351372,intergenic,,,,Tsku,-16480.0
3366,chr7,98364000,98366000,ESC_enriched,2,0.955241206926019,promoter,Lrrc32,NM_001113379,+,Lrrc32,-182.0
3367,chr7,98373000,98380000,ESC_enriched,7,0.9830249533873896,gene_body,Lrrc32,NM_001113379,+,Lrrc32,11318.0
3368,chr7,98626000,98632000,ESC_enriched,6,0.9852205093429331,intergenic,,,,Thap12,50562.0
3369,chr7,98642000,98643000,ESC_enriched,1,0.9594369138572872,intergenic,,,,Thap12,64062.0
3370,chr7,98648000,98650000,ESC_enriched,2,0.9864971233238072,intergenic,,,,Wnt11,-65036.0
3371,chr7,98721000,98723000,ESC_enriched,2,0.9767709621824028,gene_body,Wnt11,NM_009519,+,Wnt11,7964.0
3372,chr7,99056000,99064000,ESC_enriched,8,0.9929865410979158,promoter,Dgat2,NM_026384,-,Dgat2,2095.0
3373,chr7,99124000,99125000,ESC_enriched,1,0.9626599118820616,intergenic,,,,Mogat2,10697.0
3374,chr7,99142000,99145000,ESC_enriched,3,0.9835080237246272,promoter,Map6,NM_010837,+,Map6,1971.0
3375,chr7,99254000,99260000,ESC_enriched,6,0.991502110198753,promoter,Gdpd5,NM_201352,+,Gdpd5,1400.0
3376,chr7,99266000,99273000,ESC_enriched,7,0.9873871541804392,gene_body,Gdpd5,NM_201352,+,Gdpd5,13900.0
3377,chr7,99340000,99346000,ESC_enriched,6,0.9966759263203008,promoter,Klhl35,NM_028145,+,Klhl35,2914.0
3378,chr7,99409000,99411000,ESC_enriched,2,0.976029566194586,promoter,Arrb1,NM_177231,+,Arrb1,432.0
3379,chr7,99787000,99793000,ESC_enriched,6,0.9919493676685563,gene_body,Xrra1,NM_001164258,+,Gm5115,-16975.0
3380,chr7,99916000,99918000,ESC_enriched,2,0.997339785271049,intergenic,,,,Chrdl2,36514.0
3381,chr7,100050000,100054000,ESC_enriched,4,0.9934222417277672,promoter,Gm34821,NR_169133,-,Gm34821,1247.0
3382,chr7,100847000,100849000,ESC_enriched,2,0.9980108222572844,intergenic,,,,P2ry6,9547.0
3383,chr7,100872000,100875000,ESC_enriched,3,0.9678396238242052,gene_body,P2ry2,NM_008773,-,P2ry2,-12585.0
3384,chr7,101170000,101176000,ESC_enriched,6,0.9829861154501216,promoter,Atg16l2,NM_001111111,-,Atg16l2,-3175.0
3385,chr7,101196000,101199000,ESC_enriched,3,0.97267537019781,gene_body,Stard10,NM_001360460,+,Stard10,6328.0
3386,chr7,101372000,101374000,ESC_enriched,2,0.95841057597162,gene_body,Pde2a,NM_001143848,+,Mir139,23804.0
3387,chr7,101378000,101381000,ESC_enriched,3,0.9893892609155108,gene_body,Pde2a,NM_001143848,+,Mir139,30304.0
3388,chr7,101690000,101696000,ESC_enriched,6,0.9924245640647684,promoter,Phox2a,NM_008887,+,Phox2a,867.0
3389,chr7,101960000,101961000,ESC_enriched,1,0.9674358136413777,gene_body,Trpc2,NM_001109897,+,Trpc2,3564.0
3390,chr7,101966000,101971000,ESC_enriched,5,0.9912183772461444,gene_body,Art5,NM_001291354,-,Art5,-5550.0
3391,chr7,101986000,101989000,ESC_enriched,3,0.9961639984712256,gene_body,Chrna10,NM_001081424,-,Chrna10,-3034.0
3392,chr7,102384000,102390000,ESC_enriched,6,0.978063660590932,intergenic,,,,Olfr545,18406.0
3393,chr7,105307000,105310000,ESC_enriched,3,0.9882654144506152,gene_body,Cckbr,NM_007627,+,Cckbr,8949.0
3394,chr7,105355000,105358000,ESC_enriched,3,0.9948676775108652,promoter,Cavin3,NM_028444,-,Cavin3,482.0
3395,chr7,105628000,105643000,ESC_enriched,15,0.9981546268957328,gene_body,Dchs1,NM_001162943,-,Tpp1,9444.0
3396,chr7,105645000,105663000,ESC_enriched,18,0.9918107084786674,promoter,Dchs1,NM_001162943,-,Dchs1,-7371.0
3397,chr7,108960000,108967000,ESC_enriched,7,0.9998315086217728,promoter,Lmo1,NM_001302205,-,Lmo1,-2884.0
3398,chr7,109229000,109233000,ESC_enriched,4,0.990898147359029,promoter,Stk33,NM_054103,-,Stk33,770.0
3399,chr7,110417000,110423000,ESC_enriched,6,0.9973260873926012,promoter,Adm,NM_009627,+,Adm,1167.0
3400,chr7,111570000,111571000,ESC_enriched,1,0.9849716094565574,promoter,Galnt18,NM_173739,-,Galnt18,-658.0
3401,chr7,112016000,112019000,ESC_enriched,3,0.998560471867139,promoter,Mical2,NM_001193305,+,Mical2,484.0
3402,chr7,112218000,112220000,ESC_enriched,2,0.992941958051123,promoter,Parva,NM_020606,+,Parva,114.0
3403,chr7,112746000,112748000,ESC_enriched,2,0.99936294358152,promoter,Rassf10,NM_175279,+,Rassf10,1858.0
3404,chr7,112940000,112942000,NPC_enriched,2,0.9563281597662768,intergenic,,,,4930543E12Rik,7804.0
3405,chr7,113556000,113561000,ESC_enriched,5,0.9949385045631725,promoter,Spon1,NM_145584,+,Spon1,1322.0
3406,chr7,114205000,114208000,ESC_enriched,3,0.9897694120403204,promoter,Pde3b,NM_011055,+,Pde3b,66.0
3407,chr7,114398000,114401000,NPC_enriched,3,0.9984438028641826,intergenic,,,,Calca,-28006.0
3408,chr7,115821000,115832000,ESC_enriched,11,0.9996533656858876,promoter,Sox6os,NR_152104,+,Sox6os,3373.0
3409,chr7,117171000,117175000,ESC_enriched,4,0.9717001001309392,promoter,Xylt1,NM_175645,+,Xylt1,873.0
3410,chr7,117547000,117548000,NPC_enriched,1,0.955547341288573,intergenic,,,,Rps15a,-359796.0
3411,chr7,118281000,118286000,ESC_enriched,5,0.9966500193128456,promoter,Itpripl2,NM_001033380,-,Itpripl2,376.0
3412,chr7,118366000,118375000,ESC_enriched,9,0.995162600660592,promoter,Tmc7,NM_172476,-,Tmc7,-5335.0
3413,chr7,118785000,118788000,ESC_enriched,3,0.9964134935854628,promoter,Gprc5b,NM_001195774,-,Gprc5b,140.0
3414,chr7,119992000,119993000,ESC_enriched,1,0.9974270094822724,promoter,Crym,NM_016669,-,Crym,-638.0
3415,chr7,120388000,120390000,ESC_enriched,2,0.98915596068807,promoter,E130201H02Rik,NR_024324,+,E130201H02Rik,227.0
3416,chr7,120634000,120640000,ESC_enriched,6,0.996416060540704,promoter,Eef2k,NM_001267710,+,Eef2k,2252.0
3417,chr7,120991000,120996000,NPC_enriched,5,0.9911773308767908,intergenic,,,,Otoa,118928.0
3418,chr7,121183000,121185000,ESC_enriched,2,0.995552016550757,promoter,Hs3st2,NM_001081327,+,Hs3st2,557.0
3419,chr7,121265000,121269000,NPC_enriched,4,0.9866020871434692,gene_body,Hs3st2,NM_001081327,+,Hs3st2,83557.0
3420,chr7,122080000,122084000,ESC_enriched,4,0.9885394868145498,promoter,Prkcb,NM_001316672,+,Prkcb,1728.0
3421,chr7,122821000,122825000,ESC_enriched,4,0.9868895687580046,intergenic,,,,Rbbp6,61289.0
3422,chr7,123918000,123925000,NPC_enriched,7,0.9981250103423004,gene_body,Hs3st4,NM_001252072,+,Hs3st4,147525.0
3423,chr7,123942000,123944000,NPC_enriched,2,0.9583203359242104,gene_body,Hs3st4,NM_001252072,+,Hs3st4,169025.0
3424,chr7,124023000,124025000,NPC_enriched,2,0.955186931049524,gene_body,Hs3st4,NM_001252072,+,Hs3st4,250025.0
3425,chr7,126083000,126085000,ESC_enriched,2,0.9996596803325196,gene_body,Sbk1,NM_001360811,+,Sbk1,44456.0
3426,chr7,127134000,127137000,ESC_enriched,3,0.9877784817818256,promoter,Zfp768,NM_146202,-,Zfp768,-962.0
3427,chr7,127235000,127237000,ESC_enriched,2,0.990690072205224,gene_body,Zfp689,NM_175163,-,Zfp689,-4306.0
3428,chr7,127736000,127737000,ESC_enriched,1,0.9666426897970984,promoter,Prss36,NM_001319147,-,Prss36,-1373.0
3429,chr7,128041000,128045000,ESC_enriched,4,0.9889137964721734,gene_body,Tgfb1i1,NM_001289550,+,Tgfb1i1,5041.0
3430,chr7,128059000,128063000,ESC_enriched,4,0.990390794355252,gene_body,Slc5a2,NM_133254,+,Slc5a2,4170.0
3431,chr7,128206000,128212000,ESC_enriched,6,0.9920271935376018,promoter,Rgs10,NM_026418,-,Rgs10,-320.0
3432,chr7,129049000,129050000,ESC_enriched,1,0.9790700337183986,promoter,Plpp4,NM_001080963,+,Plpp4,1259.0
3433,chr7,130047000,130059000,ESC_enriched,12,0.9891175716483668,promoter,Fgfr2,NM_010207,-,Fgfr2,-4956.0
3434,chr7,130726000,130730000,ESC_enriched,4,0.9916233985103584,promoter,Htra1,NM_019564,+,Htra1,650.0
3435,chr7,131755000,131756000,NPC_enriched,1,0.9530443522755287,intergenic,,,,Gpr26,-49302.0
3436,chr7,131991000,131993000,ESC_enriched,2,0.985533071423998,promoter,Cpxm2,NM_018867,-,Cpxm2,-1084.0
3437,chr7,132154000,132157000,ESC_enriched,3,0.9829036428852396,promoter,Chst15,NM_001360768,-,Chst15,131.0
3438,chr7,132434000,132442000,ESC_enriched,8,0.9997941686071828,promoter,Nkx1-2,NM_009123,-,Nkx1-2,20.0
3439,chr7,132650000,132652000,ESC_enriched,2,0.998077819265336,promoter,Fam53b,NM_212473,-,Fam53b,-539.0
3440,chr7,134063000,134066000,ESC_enriched,3,0.9974929398543464,promoter,Adam12,NM_007400,-,Adam12,1060.0
3441,chr7,134774000,134777000,ESC_enriched,3,0.9776767958944,promoter,Insyn2a,NM_001143802,-,Insyn2a,-1273.0
3442,chr7,135248000,135251000,ESC_enriched,3,0.9911166203775192,promoter,Foxi2,NM_183193,+,Foxi2,791.0
3443,chr7,135376000,135379000,ESC_enriched,3,0.9753419120614248,promoter,Ptpre,NM_001316678,+,Ptpre,1334.0
3444,chr7,135692000,135693000,ESC_enriched,1,0.9860915072776844,promoter,6330420H09Rik,NR_166518,+,6330420H09Rik,39.0
3445,chr7,137062000,137063000,ESC_enriched,1,0.9637171668145864,gene_body,Ebf3,NM_001113414,-,Gm10578,-10525.0
3446,chr7,137144000,137160000,ESC_enriched,16,0.9990461721482184,promoter,Ebf3,NM_001113414,-,Ebf3,-788.0
3447,chr7,138937000,138940000,ESC_enriched,3,0.9822208721675326,promoter,Dpysl4,NM_011993,+,Dpysl4,1180.0
3448,chr7,139430000,139437000,ESC_enriched,7,0.9916621930465148,promoter,Nkx6-2,NM_183248,-,Nkx6-2,-617.0
3449,chr7,139685000,139687000,ESC_enriched,2,0.999605561495895,promoter,Adgra1,NM_177469,+,Adgra1,507.0
3450,chr7,140004000,140006000,ESC_enriched,2,0.9951895874462432,promoter,Sprn,NM_183147,-,Sprn,-979.0
3451,chr7,140638000,140640000,ESC_enriched,2,0.9764858894049916,promoter,Syce1,NM_001143765,-,Syce1,-174.0
3452,chr7,141143000,141147000,ESC_enriched,4,0.9999688779993734,promoter,Drd4,NM_007878,+,Drd4,1663.0
3453,chr7,141312000,141318000,ESC_enriched,6,0.9902358097953128,promoter,Gm10575,NR_152220,-,Gm10575,-224.0
3454,chr7,141545000,141547000,ESC_enriched,2,0.9845459422942782,gene_body,Muc2,NM_023566,+,Muc2,4341.0
3455,chr7,141760000,141764000,ESC_enriched,4,0.981405543295354,promoter,Brsk2,NM_029426,+,Brsk2,2860.0
3456,chr7,141889000,141894000,ESC_enriched,5,0.9957468514536632,gene_body,Dusp8,NM_008748,-,Dusp8,-13174.0
3457,chr7,141897000,141905000,ESC_enriched,8,0.9993376328277426,promoter,Dusp8,NM_008748,-,Dusp8,-3674.0
3458,chr7,142180000,142182000,ESC_enriched,2,0.9999419898799118,promoter,Ifitm10,NM_177265,-,Ifitm10,-649.0
3459,chr7,142241000,142249000,ESC_enriched,8,0.9792002292806312,promoter,Syt8,NM_001285861,+,Syt8,-1223.0
3460,chr7,142291000,142297000,ESC_enriched,6,0.9939314980725776,gene_body,Lsp1,NM_001271510,+,Tnnt3,-14225.0
3461,chr7,142463000,142465000,ESC_enriched,2,0.9869356914707036,promoter,Mir483,NR_030251,-,Mir483,-386.0
3462,chr7,142700000,142702000,ESC_enriched,2,0.97726692973096,intergenic,,,,Th,-8385.0
3463,chr7,142966000,142970000,ESC_enriched,4,0.966836400597598,gene_body,Kcnq1,NM_008434,+,Kcnq1,51357.0
3464,chr7,143002000,143006000,ESC_enriched,4,0.9845693178937962,gene_body,Kcnq1,NM_008434,+,Kcnq1,87357.0
3465,chr7,143110000,143115000,ESC_enriched,5,0.9834466067521828,gene_body,Kcnq1,NM_008434,+,Kcnq1ot1,6563.0
3466,chr7,143118000,143122000,ESC_enriched,4,0.9900863421343272,gene_body,Kcnq1,NM_008434,+,Kcnq1ot1,14063.0
3467,chr7,143134000,143138000,ESC_enriched,4,0.9866405722074612,gene_body,4933417O13Rik,NR_045842,-,4933417O13Rik,-4040.0
3468,chr7,143213000,143215000,ESC_enriched,2,0.9525052450633746,gene_body,Kcnq1,NM_008434,+,Cdkn1c,-56440.0
3469,chr7,143216000,143220000,ESC_enriched,4,0.972931524108022,gene_body,Kcnq1,NM_008434,+,Cdkn1c,-52440.0
3470,chr7,143250000,143259000,ESC_enriched,9,0.9966372283066124,intergenic,,,,Cdkn1c,-15940.0
3471,chr7,143266000,143276000,ESC_enriched,10,0.9990647896750328,promoter,Cdkn1c,NM_001161624,-,Cdkn1c,560.0
3472,chr7,143511000,143513000,ESC_enriched,2,0.9864515879614534,gene_body,Osbpl5,NM_001384163,-,Tnfrsf23,16735.0
3473,chr7,143541000,143546000,ESC_enriched,5,0.9934634922188736,gene_body,Osbpl5,NM_001384163,-,Osbpl5,-22898.0
3474,chr7,143548000,143549000,ESC_enriched,1,0.9693105553563036,gene_body,Osbpl5,NM_001384163,-,Osbpl5,-17898.0
3475,chr7,143565000,143568000,ESC_enriched,3,0.9885560243234076,promoter,Osbpl5,NM_001384163,-,Osbpl5,102.0
3476,chr7,143590000,143592000,ESC_enriched,2,0.9765894832092288,gene_body,Mrgpre,NM_175534,-,Mrgpre,-2890.0
3477,chr7,144219000,144220000,ESC_enriched,1,0.9741888193321973,gene_body,Shank2,NM_001113373,+,Gm14372,3167.0
3478,chr7,144370000,144376000,ESC_enriched,6,0.9892098638768324,intergenic,,,,Ppfia1,9881.0
3479,chr7,144487000,144490000,ESC_enriched,3,0.9990987836260324,gene_body,Ano1,NM_001242349,-,Ano1,-59463.0
3480,chr7,144670000,144677000,NPC_enriched,7,0.9862187737810694,promoter,Fgf4,NM_010202,+,Fgf4,2725.0
3481,chr7,144826000,144831000,ESC_enriched,5,0.977236492324944,intergenic,,,,Ccnd1,79279.0
3482,chr7,144841000,144842000,ESC_enriched,1,0.9897785155516772,intergenic,,,,Ccnd1,92279.0
3483,chr7,145116000,145120000,ESC_enriched,4,0.9759079720756124,gene_body,Mrgprf,NM_145379,+,Mrgprd,-6224.0
3484,chr8,3475000,3478000,ESC_enriched,3,0.9940290861898248,gene_body,Tex45,NM_029598,+,Tex45,5639.0
3485,chr8,3494000,3498000,ESC_enriched,4,0.9912508827423718,promoter,Zfp358,NM_080461,+,Zfp358,2863.0
3486,chr8,3993000,3996000,ESC_enriched,3,0.9951631696174092,intergenic,,,,Cd209c,47637.0
3487,chr8,4179000,4184000,ESC_enriched,5,0.9903047442256075,gene_body,Evi5l,NM_001368792,+,Evi5l,14934.0
3488,chr8,4187000,4209000,ESC_enriched,22,0.9971186670881328,gene_body,Evi5l,NM_001368792,+,Prr36,-19312.0
3489,chr8,4212000,4219000,ESC_enriched,7,0.9934224291081748,promoter,Prr36,NM_207203,-,Prr36,-1812.0
3490,chr8,4227000,4231000,ESC_enriched,4,0.9960136366444352,promoter,Lrrc8e,NM_028175,+,Lrrc8e,2174.0
3491,chr8,8620000,8622000,ESC_enriched,2,0.9969229470929848,gene_body,Efnb2,NM_010111,-,Efnb2,-40214.0
3492,chr8,8659000,8661000,ESC_enriched,2,0.998808681002762,promoter,Efnb2,NM_010111,-,Efnb2,-1214.0
3493,chr8,8711000,8713000,ESC_enriched,2,0.999540924437522,intergenic,,,,Arglu1,21491.0
3494,chr8,8982000,8987000,ESC_enriched,5,0.9934857705915252,intergenic,,,,4933430N04Rik,-147760.0
3495,chr8,10005000,10008000,ESC_enriched,3,0.9851278192919078,promoter,Tnfsf13b,NM_033622,+,Tnfsf13b,-104.0
3496,chr8,10922000,10928000,ESC_enriched,6,0.9770453532720929,promoter,3930402G23Rik,NR_030715,-,3930402G23Rik,-3429.0
3497,chr8,11007000,11008000,ESC_enriched,1,0.9566435819460124,promoter,9530052E02Rik,NR_046017,+,9530052E02Rik,-321.0
3498,chr8,11187000,11191000,ESC_enriched,4,0.9839374776666754,intergenic,,,,Col4a2,-123776.0
3499,chr8,11281000,11282000,ESC_enriched,1,0.9963629383413668,gene_body,Col4a1,NM_009931,-,Col4a2,-31276.0
3500,chr8,11307000,11328000,ESC_enriched,21,0.9956455734645812,promoter,Col4a1,NM_009931,-,Col4a1,4702.0
3501,chr8,11369000,11371000,ESC_enriched,2,0.9836683027068228,gene_body,Col4a2,NM_009932,+,Col4a1,57202.0
3502,chr8,11437000,11440000,ESC_enriched,3,0.9955139536846356,gene_body,Col4a2,NM_009932,+,E230013L22Rik,-39400.0
3503,chr8,11475000,11481000,ESC_enriched,6,0.9934446657383074,promoter,E230013L22Rik,NR_126558,+,E230013L22Rik,100.0
3504,chr8,12383000,12403000,ESC_enriched,20,0.995308063081046,promoter,Sox1,NM_009233,+,Sox1,-2490.0
3505,chr8,12429000,12431000,ESC_enriched,2,0.9909896596154392,gene_body,Sox1ot,NR_027975,+,Sox1,34510.0
3506,chr8,12466000,12470000,ESC_enriched,4,0.986820385398095,intergenic,,,,Sox1,72510.0
3507,chr8,13387000,13390000,ESC_enriched,3,0.9585652470073032,gene_body,Atp4b,NM_009724,-,Atp4b,-8255.0
3508,chr8,13493000,13495000,ESC_enriched,2,0.9990936247939084,promoter,Gas6,NM_019521,-,Gas6,-512.0
3509,chr8,13589000,13594000,ESC_enriched,5,0.983193836496772,gene_body,Rasa3,NM_009025,-,1700029H14Rik,29062.0
3510,chr8,13674000,13677000,ESC_enriched,3,0.9909029076747324,promoter,Rasa3,NM_009025,-,Rasa3,-2064.0
3511,chr8,15009000,15023000,ESC_enriched,14,0.9965482704604208,promoter,Kbtbd11,NM_029116,+,Kbtbd11,4999.0
3512,chr8,15025000,15033000,ESC_enriched,8,0.9931739411462296,gene_body,Kbtbd11,NM_029116,+,BB014433,-17055.0
3513,chr8,17532000,17534000,ESC_enriched,2,0.9843346444113664,gene_body,Csmd1,NM_053171,-,Csmd1,-2362.0
3514,chr8,19535000,19537000,ESC_enriched,2,0.989328860455198,intergenic,,,,Defb7,40927.0
3515,chr8,24233000,24234000,ESC_enriched,1,0.9628973943525792,gene_body,Plat,NM_008872,+,Plat,10234.0
3516,chr8,24499000,24502000,ESC_enriched,3,0.9685768055523014,gene_body,Ank1,NM_001277280,+,Ank1,60120.0
3517,chr8,24523000,24528000,ESC_enriched,5,0.98071616704345,gene_body,Ank1,NM_001277280,+,Mir486,-82599.0
3518,chr8,24580000,24582000,ESC_enriched,2,0.9736076027093652,gene_body,Ank1,NM_001277280,+,Mir486,-27099.0
3519,chr8,24615000,24624000,ESC_enriched,9,0.9976074737281696,promoter,Nkx6-3,NM_029002,+,Nkx6-3,685.0
3520,chr8,26500000,26505000,ESC_enriched,5,0.9994109556899544,promoter,Htra4,NM_001081187,-,Htra4,-2007.0
3521,chr8,26569000,26571000,ESC_enriched,2,0.9589530256109636,gene_body,5830408C22Rik,NR_155282,+,5830408C22Rik,2277.0
3522,chr8,26609000,26613000,ESC_enriched,4,0.987789524044249,intergenic,,,,Mir8108,-13778.0
3523,chr8,26705000,26709000,ESC_enriched,4,0.9803977977462623,intergenic,,,,Tacc1,39913.0
3524,chr8,26833000,26836000,ESC_enriched,3,0.9817833628308384,intergenic,,,,5430421F17Rik,62685.0
3525,chr8,26904000,26912000,ESC_enriched,8,0.990775506845208,intergenic,,,,Fgfr1,-76303.0
3526,chr8,26980000,26984000,ESC_enriched,4,0.9985421787029698,promoter,Fgfr1,NM_010206,+,Fgfr1,-2303.0
3527,chr8,27731000,27734000,ESC_enriched,3,0.9562020874215704,intergenic,,,,Thap1,108787.0
3528,chr8,27974000,27976000,ESC_enriched,2,0.9862380002287208,intergenic,,,,2310008N11Rik,-315359.0
3529,chr8,28437000,28450000,ESC_enriched,13,0.9955379471942544,promoter,Zfp703,NM_001101502,+,Zfp703,229.0
3530,chr8,28550000,28562000,ESC_enriched,12,0.9958673491402604,promoter,Adgra2,NM_054044,+,Adgra2,4224.0
3531,chr8,32555000,32557000,ESC_enriched,2,0.999998503028126,promoter,Dusp26,NM_001357223,+,Dusp26,-1584.0
3532,chr8,34347000,34357000,ESC_enriched,10,0.9825277178425862,gene_body,Gm3985,NM_001177589,-,Gm3985,-63961.0
3533,chr8,34982000,34984000,ESC_enriched,2,0.9921718493772652,intergenic,,,,Hmgb1-rs17,32755.0
3534,chr8,36200000,36210000,ESC_enriched,10,0.9926737890789072,intergenic,,,,Dusp4,-71126.0
3535,chr8,36273000,36275000,ESC_enriched,2,0.9697051601191748,intergenic,,,,Dusp4,-2126.0
3536,chr8,36276000,36279000,ESC_enriched,3,0.9935251463799172,promoter,Dusp4,NM_176933,+,Dusp4,1374.0
3537,chr8,36843000,36848000,ESC_enriched,5,0.9876755831727048,promoter,Ppp1r3b,NM_001364451,+,Ppp1r3b,1225.0
3538,chr8,37054000,37060000,ESC_enriched,6,0.9951192478957452,promoter,Gm16793,NR_040376,-,Gm16793,-537.0
3539,chr8,37233000,37235000,ESC_enriched,2,0.9973679069695628,promoter,Gm19410,NM_001370844,+,Gm19410,-239.0
3540,chr8,37294000,37295000,ESC_enriched,1,0.9886730987840268,promoter,Cldn23,NM_027998,-,Cldn23,-576.0
3541,chr8,37564000,37566000,ESC_enriched,2,0.9950966877800164,promoter,Prag1,NM_172911,+,Prag1,1656.0
3542,chr8,37613000,37616000,ESC_enriched,3,0.9874940618276596,gene_body,Prag1,NM_172911,+,Gm38414,-10026.0
3543,chr8,40128000,40130000,ESC_enriched,2,0.9954700361747246,promoter,Sgcz,NM_145841,-,Sgcz,-1025.0
3544,chr8,41785000,41787000,ESC_enriched,2,0.9947179092395808,promoter,Fgf20,NM_030610,-,Fgf20,230.0
3545,chr8,42360000,42366000,ESC_enriched,6,0.9904869281503068,promoter,Slc7a2,NM_001044740,+,Slc7a2,1817.0
3546,chr8,46471000,46473000,ESC_enriched,2,0.9985813753197056,gene_body,Fat1,NM_001081286,+,Fat1,22976.0
3547,chr8,46475000,46481000,ESC_enriched,6,0.9877094030955292,gene_body,Fat1,NM_001081286,+,Fat1,28976.0
3548,chr8,46831000,46833000,ESC_enriched,2,0.9988377200309324,promoter,Cyp4v3,NM_133969,-,Cyp4v3,20.0
3549,chr8,46857000,46861000,ESC_enriched,4,0.9982404938284426,gene_body,Fam149a,NM_153535,-,Fam149a,-22108.0
3550,chr8,47051000,47055000,NPC_enriched,4,0.9756638917110196,intergenic,,,,Sorbs2,-73567.0
3551,chr8,47057000,47061000,NPC_enriched,4,0.982150653412794,intergenic,,,,Sorbs2,-67567.0
3552,chr8,47062000,47067000,NPC_enriched,5,0.9887514951032932,intergenic,,,,Sorbs2,-62067.0
3553,chr8,47650000,47654000,ESC_enriched,4,0.9985980322227724,promoter,Snx25,NM_001372343,-,Snx25,742.0
3554,chr8,47716000,47720000,ESC_enriched,4,0.9945747199406848,intergenic,,,,Slc25a4,8121.0
3555,chr8,47790000,47796000,ESC_enriched,6,0.9881394172711316,promoter,Helt,NM_173789,-,Helt,-488.0
3556,chr8,47797000,47798000,ESC_enriched,1,0.9926996884763266,intergenic,,,,Helt,4012.0
3557,chr8,48236000,48242000,ESC_enriched,6,0.991884424268506,promoter,Irf2,NM_008391,+,Irf2,439.0
3558,chr8,48785000,48790000,ESC_enriched,5,0.9910155401264248,promoter,Stox2,NM_001114311,-,Stox2,-719.0
3559,chr8,48908000,48916000,ESC_enriched,8,0.9951869579602632,intergenic,,,,Trappc11,-120287.0
3560,chr8,49217000,49225000,ESC_enriched,8,0.996287006043932,intergenic,,,,Cdkn2aip,8252.0
3561,chr8,49263000,49264000,ESC_enriched,1,0.967849409591495,intergenic,,,,Gm31786,14491.0
3562,chr8,49714000,49715000,ESC_enriched,1,0.9532108269352112,intergenic,,,,Dctd,105726.0
3563,chr8,49717000,49724000,ESC_enriched,7,0.9921835032447311,intergenic,,,,Dctd,111726.0
3564,chr8,49727000,49729000,ESC_enriched,2,0.999918485767367,gene_body,Tenm3,NM_001145937,-,Dctd,119226.0
3565,chr8,50246000,50248000,ESC_enriched,2,0.9517677476082068,intergenic,,,,Tenm3,73493.0
3566,chr8,50342000,50346000,ESC_enriched,4,0.9924255897884974,intergenic,,,,Tenm3,170493.0
3567,chr8,52208000,52210000,NPC_enriched,2,0.9593324785788848,intergenic,,,,Gm2516,342072.0
3568,chr8,55307000,55312000,NPC_enriched,5,0.981479501079444,intergenic,,,,Neil3,171737.0
3569,chr8,60204000,60207000,ESC_enriched,3,0.998920632460306,gene_body,Hand2os1,NR_154048,-,Hand2os1,-7501.0
3570,chr8,60210000,60242000,ESC_enriched,32,0.9994936830969948,promoter,Hdnr,NR_131041,+,Hdnr,1424.0
3571,chr8,60244000,60249000,ESC_enriched,5,0.9739926861027856,gene_body,Hdnr,NR_131041,+,Hdnr,21924.0
3572,chr8,61804000,61806000,ESC_enriched,2,0.9992458831195208,promoter,BC030500,NM_173411,+,BC030500,1104.0
3573,chr8,63398000,63399000,ESC_enriched,1,0.963953784420171,promoter,Aadat,NM_011834,+,Aadat,235.0
3574,chr8,63522000,63528000,ESC_enriched,6,0.9897842594486138,intergenic,,,,Mfap3l,-22698.0
3575,chr8,64441000,64443000,ESC_enriched,2,0.971253822879058,gene_body,Palld,NM_001293772,-,Cbr4,62125.0
3576,chr8,67096000,67100000,ESC_enriched,4,0.9763193913710048,promoter,Tll1,NM_009390,-,Tll1,-200.0
3577,chr8,67584000,67587000,ESC_enriched,3,0.9753928360213976,promoter,Cpe,NM_013494,-,Cpe,199.0
3578,chr8,69616000,69618000,ESC_enriched,2,0.9997749010299704,promoter,Npy5r,NM_016708,-,Npy5r,-83.0
3579,chr8,71205000,71206000,ESC_enriched,1,0.9553601474446703,promoter,Sh2d4a,NM_028182,+,Sh2d4a,-16.0
3580,chr8,71663000,71665000,ESC_enriched,2,0.995959393753124,promoter,Csgalnact1,NM_172753,-,Csgalnact1,-135.0
3581,chr8,71809000,71812000,ESC_enriched,3,0.992735115876803,promoter,Lpl,NM_008509,+,Lpl,957.0
3582,chr8,72067000,72069000,ESC_enriched,2,0.9865874300874128,gene_body,Lzts1,NM_199364,-,Lzts1,-45187.0
3583,chr8,72113000,72114000,ESC_enriched,1,0.9553319746346504,promoter,Lzts1,NM_199364,-,Lzts1,313.0
3584,chr8,72804000,72820000,ESC_enriched,16,0.9988306792871772,promoter,Cilp2,NM_026818,-,Cilp2,-4381.0
3585,chr8,73011000,73020000,ESC_enriched,9,0.9981350811797906,promoter,Hapln4,NM_177900,+,Hapln4,2983.0
3586,chr8,73040000,73050000,ESC_enriched,10,0.9937214515373228,promoter,Ncan,NM_007789,-,Ncan,-4833.0
3587,chr8,73300000,73314000,ESC_enriched,14,0.990409163412779,promoter,Comp,NM_016685,+,Comp,4464.0
3588,chr8,73379000,73383000,ESC_enriched,4,0.9912611414252837,gene_body,Klhl26,NM_178771,-,Crtc1,12438.0
3589,chr8,73414000,73433000,ESC_enriched,19,0.9980768271086106,promoter,Crlf1,NM_001378801,+,Crlf1,1364.0
3590,chr8,73645000,73647000,ESC_enriched,2,0.976200529438162,promoter,Gm3336,NM_001195253,+,Gm3336,-1531.0
3591,chr8,73672000,73678000,ESC_enriched,6,0.9937793650727336,gene_body,Pde4c,NM_001310465,+,Rab3a,-9090.0
3592,chr8,73723000,73728000,ESC_enriched,5,0.9739805224322564,promoter,Mir7240,NR_106099,+,Mir7240,-1623.0
3593,chr8,73785000,73786000,ESC_enriched,1,0.976068955865036,promoter,Kcnn1,NM_032397,-,Kcnn1,-497.0
3594,chr8,73790000,73795000,ESC_enriched,5,0.98509555737518,intergenic,,,,Kcnn1,6503.0
3595,chr8,73820000,73823000,ESC_enriched,3,0.9927413878074046,promoter,Slc5a5,NM_053248,-,Slc5a5,-246.0
3596,chr8,74389000,74393000,ESC_enriched,4,0.9877513832652426,promoter,Abhd8,NM_022419,-,Abhd8,-1646.0
3597,chr8,74409000,74411000,ESC_enriched,2,0.99965628825218,gene_body,Ano8,NM_001164679,-,Ano8,-5056.0
3598,chr8,74436000,74442000,ESC_enriched,6,0.9898119506086648,promoter,Plvap,NM_032398,-,Plvap,-1758.0
3599,chr8,74454000,74458000,ESC_enriched,4,0.992357664064645,promoter,Ccdc194,NM_001370849,-,Ccdc194,1286.0
3600,chr8,74529000,74532000,ESC_enriched,3,0.9971557591420988,gene_body,Niban3,NM_001166213,+,Niban3,3804.0
3601,chr8,74584000,74589000,ESC_enriched,5,0.991320028272939,gene_body,Unc13a,NM_001029873,-,Unc13a,-14246.0
3602,chr8,75567000,75569000,ESC_enriched,2,0.9830838959716954,gene_body,Nwd1,NM_176940,+,Nwd1,25218.0
3603,chr8,75571000,75573000,ESC_enriched,2,0.9860225420800944,gene_body,Nwd1,NM_176940,+,Nwd1,29218.0
3604,chr8,77816000,77820000,ESC_enriched,4,0.9689834661474156,intergenic,,,,Isx,48755.0
3605,chr8,78107000,78109000,ESC_enriched,2,0.9942686512841158,intergenic,,,,Rasd2,-2015.0
3606,chr8,79795000,79798000,ESC_enriched,3,0.9993257350917344,promoter,Gm10649,NR_028579,-,Gm10649,-193.0
3607,chr8,80412000,80417000,ESC_enriched,5,0.9889700216380036,promoter,Arhgap10,NM_001363418,-,Arhgap10,475.0
3608,chr8,80619000,80622000,ESC_enriched,3,0.9946139963695216,promoter,Ednra,NM_010332,-,Ednra,-24.0
3609,chr8,82106000,82107000,ESC_enriched,1,0.9513559507844328,gene_body,1700011L22Rik,NM_026315,-,1700011L22Rik,-38155.0
3610,chr8,82953000,82955000,ESC_enriched,2,0.9977564875768924,promoter,Hhip,NM_020259,-,Hhip,-80.0
3611,chr8,83506000,83508000,ESC_enriched,2,0.9963971812468376,promoter,Frem3,NM_001167898,+,Frem3,216.0
3612,chr8,83773000,83780000,ESC_enriched,7,0.9851347388048064,promoter,Gab1,NM_021356,-,Gab1,275.0
3613,chr8,84238000,84240000,ESC_enriched,2,0.9959602230845684,promoter,Inpp4b,NM_001297596,+,Inpp4b,692.0
3614,chr8,86179000,86183000,ESC_enriched,4,0.9806283956057344,promoter,Ucp1,NM_009463,+,Ucp1,548.0
3615,chr8,86556000,86561000,ESC_enriched,5,0.98180549967509,promoter,Ptger1,NM_013641,+,Ptger1,1752.0
3616,chr8,86932000,86936000,ESC_enriched,4,0.99595293850739,promoter,Rln3,NM_173184,-,Rln3,-1084.0
3617,chr8,87506000,87510000,ESC_enriched,4,0.9904183442367638,gene_body,Cacna1a,NM_001252060,+,Ier2,-44957.0
3618,chr8,87592000,87600000,ESC_enriched,8,0.9977845991042532,promoter,Lyl1,NM_008535,+,Lyl1,4439.0
3619,chr8,87602000,87636000,ESC_enriched,34,0.9949398167319204,promoter,G430095P16Rik,NR_169084,+,G430095P16Rik,5839.0
3620,chr8,87639000,87644000,ESC_enriched,5,0.9970953642538622,gene_body,Nfix,NM_001371053,-,G430095P16Rik,28339.0
3621,chr8,87655000,87697000,ESC_enriched,42,0.9984726194687772,promoter,Nfix,NM_001371053,-,Nfix,-14473.0
3622,chr8,87801000,87804000,ESC_enriched,3,0.9742553176067116,promoter,Gm38426,NR_103491,+,Gm38426,-939.0
3623,chr8,87899000,87905000,ESC_enriched,6,0.9900092769799868,promoter,Best2,NM_001130194,-,Best2,-2513.0
3624,chr8,88240000,88242000,ESC_enriched,2,0.95289411863589,gene_body,Mylk3,NM_001297612,-,Mylk3,-30146.0
3625,chr8,88591000,88594000,ESC_enriched,3,0.993910540940772,promoter,Neto2,NM_001357288,-,Neto2,1471.0
3626,chr8,89927000,89929000,ESC_enriched,2,0.9588966237724108,intergenic,,,,Gm27246,-63824.0
3627,chr8,90357000,90362000,ESC_enriched,5,0.9864252821746848,promoter,Cbln1,NM_019626,-,Cbln1,-3197.0
3628,chr8,90548000,90553000,ESC_enriched,5,0.9968316896239408,gene_body,Zfp423,NM_033327,-,1700096P03Rik,18185.0
3629,chr8,90672000,90674000,ESC_enriched,2,0.9691791946094628,gene_body,Zfp423,NM_033327,-,1700096P03Rik,140685.0
3630,chr8,90851000,90853000,ESC_enriched,2,0.9993084909245692,intergenic,,,,Zfp423,2300.0
3631,chr8,90888000,90891000,ESC_enriched,3,0.9804504786337084,intergenic,,,,Zfp423,39800.0
3632,chr8,91159000,91165000,ESC_enriched,6,0.9913049850323378,intergenic,,,,Adcy7,-11096.0
3633,chr8,91270000,91274000,ESC_enriched,4,0.9682247068420932,intergenic,,,,Brd7,19723.0
3634,chr8,91341000,91347000,ESC_enriched,6,0.9918167020586638,intergenic,,,,Gm35162,-67226.0
3635,chr8,91410000,91415000,ESC_enriched,5,0.9959124050343868,promoter,Nkd1,NM_027280,+,Nkd1,1052.0
3636,chr8,91479000,91481000,ESC_enriched,2,0.9673594820349448,gene_body,Nkd1,NM_027280,+,Snx20,-46233.0
3637,chr8,91525000,91531000,ESC_enriched,6,0.9940715282778876,promoter,Snx20,NM_027840,-,Snx20,1767.0
3638,chr8,91704000,91706000,ESC_enriched,2,0.9609097751280612,intergenic,,,,Cyld,117868.0
3639,chr8,92162000,92166000,ESC_enriched,4,0.9937051394270676,intergenic,,,,Sall1,231033.0
3640,chr8,93236000,93239000,ESC_enriched,3,0.9970994177508472,promoter,Tox3,NM_172913,-,Tox3,-857.0
3641,chr8,93738000,93740000,ESC_enriched,2,0.9889045352209276,gene_body,Chd9,NM_177224,+,Chd9,20061.0
3642,chr8,94686000,94699000,ESC_enriched,13,0.9973080842306452,promoter,Irx3,NM_001253822,-,Irx3,1718.0
3643,chr8,94956000,94961000,ESC_enriched,5,0.9875882945940252,intergenic,,,,Irx3,267718.0
3644,chr8,95245000,95260000,ESC_enriched,15,0.9971994629138686,promoter,Irx5,NM_018826,+,Irx5,5577.0
3645,chr8,95304000,95305000,ESC_enriched,1,0.9588907584784324,intergenic,,,,Irx5,57577.0
3646,chr8,95563000,95571000,ESC_enriched,8,0.9984847038163336,promoter,Irx6,NM_022428,+,Irx6,3584.0
3647,chr8,95848000,95852000,ESC_enriched,4,0.9787501345165632,promoter,Slc6a2,NM_009209,+,Slc6a2,-174.0
3648,chr8,96700000,96703000,ESC_enriched,3,0.997392829613946,promoter,4930488L21Rik,NR_026888,-,4930488L21Rik,-1184.0
3649,chr8,96841000,96855000,ESC_enriched,14,0.9895101211112924,gene_body,Gnao1,NM_010308,+,Amfr,-53769.0
3650,chr8,97422000,97426000,ESC_enriched,4,0.9989208848968906,promoter,Cpne2,NM_153507,+,Cpne2,1844.0
3651,chr8,97582000,97586000,ESC_enriched,4,0.9983421796388025,promoter,Pllp,NM_026385,-,Pllp,-1371.0
3652,chr8,97660000,97662000,ESC_enriched,2,0.9869848533574792,promoter,Cx3cl1,NM_009142,+,Cx3cl1,-308.0
3653,chr8,97667000,97672000,ESC_enriched,5,0.9902732465300408,gene_body,Cx3cl1,NM_009142,+,Cx3cl1,8192.0
3654,chr8,97801000,97804000,ESC_enriched,3,0.9885937077640038,gene_body,Ccdc102a,NM_001033533,-,Ccdc102a,-4727.0
3655,chr8,97963000,97965000,ESC_enriched,2,0.9800978720266276,gene_body,Drc7,NM_001042715,+,Katnb1,-6329.0
3656,chr8,98208000,98221000,ESC_enriched,13,0.9950844226526308,promoter,Zfp319,NM_024467,-,Zfp319,-6440.0
3657,chr8,98242000,98245000,ESC_enriched,3,0.9998749742001278,promoter,Mmp15,NM_008609,+,Mmp15,2076.0
3658,chr8,98570000,98571000,ESC_enriched,1,0.9662134546536472,gene_body,Ndrg4,NM_001372423,+,Ndrg4,3100.0
3659,chr8,105674000,105677000,ESC_enriched,3,0.9957761211828368,promoter,Cdh11,NM_009866,-,Cdh11,1260.0
3660,chr8,106927000,106930000,ESC_enriched,3,0.9782490639214656,intergenic,,,,Cdh5,-62253.0
3661,chr8,106953000,106957000,ESC_enriched,4,0.9604865940946152,intergenic,,,,Cdh5,-35753.0
3662,chr8,106984000,106992000,ESC_enriched,8,0.9927070100606208,promoter,Cdh5,NM_009868,+,Cdh5,-2753.0
3663,chr8,106998000,106999000,ESC_enriched,1,0.95497538822425,gene_body,Cdh5,NM_009868,+,Gm29682,3498.0
3664,chr8,107000000,107001000,ESC_enriched,1,0.959514184565433,gene_body,Cdh5,NM_009868,+,Gm29682,5498.0
3665,chr8,107029000,107032000,ESC_enriched,3,0.9786407441886272,gene_body,Cdh5,NM_009868,+,Bean1,-29141.0
3666,chr8,107229000,107234000,ESC_enriched,5,0.9913514811709636,promoter,Cmtm3,NM_024217,+,Cmtm3,1778.0
3667,chr8,107428000,107435000,ESC_enriched,7,0.9931243282878442,promoter,Car7,NM_053070,+,Car7,1565.0
3668,chr8,107439000,107443000,ESC_enriched,4,0.98285946645066,gene_body,Car7,NM_053070,+,Car7,11065.0
3669,chr8,107444000,107447000,ESC_enriched,3,0.9717307613703134,intergenic,,,,Car7,15565.0
3670,chr8,107519000,107521000,ESC_enriched,2,0.9997321737136142,promoter,Rrad,NM_019662,-,Rrad,-418.0
3671,chr8,108031000,108035000,ESC_enriched,4,0.992431328665204,gene_body,Ces4a,NM_146213,+,Ces4a,12072.0
3672,chr8,108038000,108043000,ESC_enriched,5,0.9862502078765824,gene_body,Ces4a,NM_146213,+,Cbfb,-19302.0
3673,chr8,108146000,108151000,ESC_enriched,5,0.9896870952794504,gene_body,Tradd,NM_001033161,-,B3gnt9,4218.0
3674,chr8,108156000,108169000,ESC_enriched,13,0.9995216209413624,promoter,Nol3,NM_030152,+,Nol3,-3075.0
3675,chr8,108238000,108241000,ESC_enriched,3,0.979928190103712,promoter,Slc9a5,NM_001081332,+,Slc9a5,2114.0
3676,chr8,108263000,108270000,ESC_enriched,7,0.998528582824346,promoter,Plekhg4,NM_001364406,+,Plekhg4,4100.0
3677,chr8,108361000,108363000,ESC_enriched,2,0.9742115126229346,promoter,Tppp3,NM_026481,-,Tppp3,1449.0
3678,chr8,108409000,108410000,ESC_enriched,1,0.952336340663616,gene_body,Hsd11b2,NM_008289,+,Hsd11b2,1626.0
3679,chr8,108501000,108505000,ESC_enriched,4,0.9976795534742308,promoter,Mir1966,NR_035492,+,Mir1966,-1594.0
3680,chr8,109153000,109156000,ESC_enriched,3,0.9893605247189085,gene_body,Smpd3,NM_021491,-,4930506A18Rik,-16857.0
3681,chr8,109224000,109227000,ESC_enriched,3,0.990541082920158,promoter,Smpd3,NM_021491,-,Smpd3,-1594.0
3682,chr8,109397000,109399000,ESC_enriched,2,0.98517689554974,promoter,Cdh3,NM_007665,+,Cdh3,-1980.0
3683,chr8,109755000,109763000,ESC_enriched,8,0.9942787799592095,promoter,Has3,NM_008217,+,Has3,-370.0
3684,chr8,109864000,109873000,NPC_enriched,9,0.990925548183816,gene_body,Sntb2,NM_001368316,+,Sntb2,43632.0
3685,chr8,111584000,111587000,ESC_enriched,3,0.9992091913715396,intergenic,,,,Zfhx3,-18272.0
3686,chr8,111619000,111621000,ESC_enriched,2,0.9760125274873336,gene_body,Zfhx3,NM_007496,+,Zfhx3,16228.0
3687,chr8,111681000,111684000,ESC_enriched,3,0.9998178008500376,gene_body,Zfhx3,NM_007496,+,Zfhx3,78728.0
3688,chr8,111828000,111833000,ESC_enriched,5,0.9856418855709852,gene_body,Zfhx3,NM_007496,+,Mir3108,4512.0
3689,chr8,111835000,111842000,ESC_enriched,7,0.9908056737889948,gene_body,Zfhx3,NM_007496,+,Mir3108,12512.0
3690,chr8,111844000,111847000,ESC_enriched,3,0.9955000273469102,gene_body,Zfhx3,NM_007496,+,Mir3108,19512.0
3691,chr8,112373000,112376000,ESC_enriched,3,0.9869195202047432,intergenic,,,,Pmfbp1,-8655.0
3692,chr8,112849000,112853000,ESC_enriched,4,0.9904611010494628,promoter,Marveld3,NM_212447,-,Marveld3,-334.0
3693,chr8,112990000,112992000,ESC_enriched,2,0.965081746304964,promoter,Tle7,NM_001370839,+,Tle7,540.0
3694,chr8,113372000,113374000,ESC_enriched,2,0.9953751496771202,gene_body,Hydin,NM_172916,+,Gm21283,-16033.0
3695,chr8,113609000,113612000,ESC_enriched,3,0.997371613116434,promoter,Mtss2,NM_198625,+,Mtss2,2348.0
3696,chr8,113625000,113627000,ESC_enriched,2,0.988546059342509,gene_body,Mtss2,NM_198625,+,Mtss2,17848.0
3697,chr8,113676000,113678000,ESC_enriched,2,0.9891990751967896,gene_body,Il34,NM_001135100,-,Il34,-15601.0
3698,chr8,114223000,114224000,ESC_enriched,1,0.9792526542258446,promoter,Mlkl,NM_029005,-,Mlkl,-1378.0
3699,chr8,114776000,114778000,ESC_enriched,2,0.9999999973908646,gene_body,Chst5,NM_019950,-,Tmem170,13652.0
3700,chr8,115791000,115795000,NPC_enriched,4,0.9714847465404042,intergenic,,,,Gm10280,-160238.0
3701,chr8,116732000,116735000,ESC_enriched,3,0.9623552104354568,promoter,Adamts18,NM_172466,-,Adamts18,-1316.0
3702,chr8,117700000,117704000,ESC_enriched,4,0.9571359877425932,gene_body,Wwox,NM_019573,+,Wwox,376372.0
3703,chr8,118037000,118039000,ESC_enriched,2,0.9775676316708364,gene_body,Wwox,NM_019573,+,Maf,-554871.0
3704,chr8,118083000,118089000,ESC_enriched,6,0.9873673239947924,gene_body,Wwox,NM_019573,+,Maf,-506871.0
3705,chr8,118591000,118600000,ESC_enriched,9,0.9846675642439164,promoter,Maf,NM_001025577,-,Maf,2629.0
3706,chr8,119749000,119751000,ESC_enriched,2,0.994923470677157,intergenic,,,,Cmc2,-57413.0
3707,chr8,119901000,119907000,ESC_enriched,6,0.9914502716138588,gene_body,Pkd1l2,NM_029686,-,Gcsh,24525.0
3708,chr8,120006000,120008000,ESC_enriched,2,0.9553825493044588,gene_body,Bco1,NM_021486,+,Bco1,25159.0
3709,chr8,120014000,120027000,ESC_enriched,13,0.9939443678850366,gene_body,Bco1,NM_021486,+,Gan,-23457.0
3710,chr8,120375000,120380000,ESC_enriched,5,0.992002313237844,intergenic,,,,Plcg2,-6751.0
3711,chr8,121168000,121172000,ESC_enriched,4,0.993888573152633,promoter,Cdh13,NM_019707,+,Cdh13,413.0
3712,chr8,121680000,121681000,ESC_enriched,1,0.95902462918686,gene_body,Cdh13,NM_019707,+,Cdh13,510913.0
3713,chr8,122301000,122302000,ESC_enriched,1,0.9579743799975988,intergenic,,,,Mlycd,20630.0
3714,chr8,122333000,122335000,ESC_enriched,2,0.9989651725649455,promoter,Necab2,NM_054095,+,Necab2,1305.0
3715,chr8,122518000,122523000,ESC_enriched,5,0.9931133224076676,promoter,Kcng4,NM_025734,-,Kcng4,-1157.0
3716,chr8,122756000,122757000,ESC_enriched,1,0.9700823189960508,gene_body,Klhl36,NM_146219,+,Klhl36,8219.0
3717,chr8,122876000,122883000,ESC_enriched,7,0.996598494489814,promoter,Crispld2,NM_001310635,+,Crispld2,1086.0
3718,chr8,123000000,123005000,ESC_enriched,5,0.9969555872029768,promoter,6430548M08Rik,NM_172286,+,6430548M08Rik,2372.0
3719,chr8,123046000,123048000,ESC_enriched,2,0.9840129346774692,gene_body,6430548M08Rik,NM_172286,+,Cibar2,-16446.0
3720,chr8,123371000,123374000,ESC_enriched,3,0.9870132213562008,promoter,Gse1,NM_198671,+,Gse1,-2342.0
3721,chr8,123623000,123630000,ESC_enriched,7,0.9914086415130864,promoter,Irf8,NM_008320,+,Irf8,4166.0
3722,chr8,123639000,123641000,ESC_enriched,2,0.9976764122554456,gene_body,Irf8,NM_008320,+,Irf8,17666.0
3723,chr8,123959000,123978000,ESC_enriched,19,0.9888545028067256,promoter,Fendrr,NR_130109,-,Fendrr,-587.0
3724,chr8,124001000,124005000,ESC_enriched,4,0.9952372102176484,promoter,Foxc2,NM_013519,+,Foxc2,853.0
3725,chr8,124113000,124115000,ESC_enriched,2,0.9742811474409008,intergenic,,,,Foxl1,100339.0
3726,chr8,124319000,124320000,ESC_enriched,1,0.9676532210266472,intergenic,,,,1700018B08Rik,-110805.0
3727,chr8,124638000,124640000,ESC_enriched,2,0.9987635556990462,gene_body,Jph3,NM_020605,+,Jph3,22352.0
3728,chr8,125047000,125051000,ESC_enriched,4,0.970031254649325,intergenic,,,,Zfp469,-67363.0
3729,chr8,125077000,125079000,ESC_enriched,2,0.9567733071425456,intergenic,,,,Zfp469,-38363.0
3730,chr8,125117000,125119000,ESC_enriched,2,0.9784598411382568,promoter,Zfp469,NM_001362883,+,Zfp469,1637.0
3731,chr8,125141000,125157000,ESC_enriched,16,0.9799096415446956,gene_body,Zfp469,NM_001362883,+,Zfpm1,-19230.0
3732,chr8,125169000,125174000,ESC_enriched,5,0.9923232143147804,promoter,Zfpm1,NM_009569,+,Zfpm1,3270.0
3733,chr8,125221000,125225000,ESC_enriched,4,0.99858629110759,gene_body,Zfpm1,NM_009569,+,Trhr2,-25918.0
3734,chr8,126002000,126006000,ESC_enriched,4,0.9996642974376532,promoter,Cpne7,NM_170684,+,Cpne7,537.0
3735,chr8,126398000,126401000,ESC_enriched,3,0.9737570150557237,promoter,Dbndd1,NM_001170976,-,Dbndd1,-2045.0
3736,chr8,126423000,126424000,ESC_enriched,1,0.955313660935362,intergenic,,,,Gm25212,-8286.0
3737,chr8,126778000,126783000,ESC_enriched,5,0.997560465610574,promoter,Acta1,NM_009606,-,Acta1,-365.0
3738,chr8,127446000,127448000,ESC_enriched,2,0.9777441863337706,gene_body,Agt,NM_007428,-,Agt,-8796.0
3739,chr8,127677000,127681000,ESC_enriched,4,0.9933106638713736,promoter,Trim67,NM_198632,+,Trim67,-108.0
3740,chr8,127719000,127722000,ESC_enriched,3,0.9603434674841664,gene_body,Trim67,NM_198632,+,2810004N23Rik,-28619.0
3741,chr8,127938000,127943000,ESC_enriched,5,0.9891286894021708,promoter,Disc1,NM_174854,+,Disc1,216.0
3742,chr8,129024000,129027000,ESC_enriched,3,0.983337141829044,promoter,Slc35f3,NM_001363500,+,Slc35f3,286.0
3743,chr8,129185000,129186000,ESC_enriched,1,0.9653214674889996,gene_body,Slc35f3,NM_001363500,+,Coa6,-123090.0
3744,chr8,129693000,129697000,ESC_enriched,4,0.986857439216158,intergenic,,,,A630001O12Rik,-40109.0
3745,chr8,131243000,131247000,ESC_enriched,4,0.9945057220283908,promoter,Nrp1,NM_001358959,+,Nrp1,-162.0
3746,chr8,131751000,131756000,NPC_enriched,5,0.9937340802314556,intergenic,,,,Itgb1,181757.0
3747,chr9,4794000,4797000,ESC_enriched,3,0.9886688975160522,promoter,Gria4,NM_019691,-,Gria4,-734.0
3748,chr9,9439000,9444000,NPC_enriched,5,0.9984137541052156,intergenic,,,,Arhgap42,240631.0
3749,chr9,14499000,14503000,ESC_enriched,4,0.9923877058808608,promoter,Fut4,NM_010242,-,Fut4,-1515.0
3750,chr9,14610000,14615000,ESC_enriched,5,0.9946270922241992,promoter,Gpr83,NM_010287,+,Gpr83,1898.0
3751,chr9,14653000,14654000,ESC_enriched,1,0.9613590069161776,promoter,Izumo1r,NM_176807,-,Izumo1r,-660.0
3752,chr9,15459000,15463000,ESC_enriched,4,0.993482513416631,promoter,Slc36a4,NM_172289,+,Slc36a4,870.0
3753,chr9,15969000,15977000,NPC_enriched,8,0.9892197865387398,gene_body,Fat3,NM_001080814,-,Fat3,-279447.0
3754,chr9,16249000,16253000,ESC_enriched,4,0.9995425995738212,promoter,Fat3,NM_001080814,-,Fat3,-1447.0
3755,chr9,16883000,16885000,NPC_enriched,2,0.9790315389752716,intergenic,,,,Fat3,631553.0
3756,chr9,18025000,18028000,NPC_enriched,3,0.975708374386464,intergenic,,,,Chordc1,-16168.0
3757,chr9,20445000,20447000,ESC_enriched,2,0.9841304028414984,gene_body,Olfm2,NM_001357639,-,Pin1,43481.0
3758,chr9,20474000,20480000,ESC_enriched,6,0.9977343224367377,gene_body,Olfm2,NM_001357639,-,Olfm2,-19698.0
3759,chr9,21711000,21713000,ESC_enriched,2,0.9651241751518136,promoter,Epor,NM_010149,-,Epor,-1978.0
3760,chr9,21731000,21733000,ESC_enriched,2,0.952976207799521,gene_body,Rgl3,NM_023622,-,Rgl3,-7855.0
3761,chr9,21739000,21743000,ESC_enriched,4,0.9956077396051805,promoter,Rgl3,NM_023622,-,Rgl3,1145.0
3762,chr9,21939000,21940000,ESC_enriched,1,0.9623922242090504,promoter,Zfp872,NM_001033813,+,Zfp872,933.0
3763,chr9,24445000,24448000,ESC_enriched,3,0.9874744297137232,promoter,Dpy19l2,NM_001166207,-,Dpy19l2,-200.0
3764,chr9,24520000,24533000,ESC_enriched,13,0.9970159441961014,promoter,Tbx20,NM_194263,-,Tbx20,1790.0
3765,chr9,25231000,25233000,ESC_enriched,2,0.9654925634894792,promoter,Eepd1,NM_026189,+,Eepd1,958.0
3766,chr9,26275000,26280000,NPC_enriched,5,0.9879007480220624,intergenic,,,,B3gat1,-205753.0
3767,chr9,26904000,26905000,ESC_enriched,1,0.9775463341101164,promoter,Jam3,NM_023277,-,Jam3,-367.0
3768,chr9,27539000,27542000,ESC_enriched,3,0.9867149895798624,intergenic,,,,Spata19,394248.0
3769,chr9,29712000,29713000,ESC_enriched,1,0.9532606752592794,promoter,Ntm,NM_001357593,-,Ntm,-215.0
3770,chr9,29876000,29885000,NPC_enriched,9,0.9988687655390168,intergenic,,,,Ntm,167785.0
3771,chr9,29888000,29889000,NPC_enriched,1,0.9565445838911156,intergenic,,,,Ntm,175785.0
3772,chr9,29890000,29913000,NPC_enriched,23,0.9962812915527132,intergenic,,,,Ntm,188785.0
3773,chr9,29920000,29934000,NPC_enriched,14,0.996433982397556,intergenic,,,,Ntm,214285.0
3774,chr9,29974000,29981000,NPC_enriched,7,0.9758452505189168,intergenic,,,,Gm30933,-199045.0
3775,chr9,30020000,30022000,NPC_enriched,2,0.9664873352640428,intergenic,,,,Gm30933,-155545.0
3776,chr9,30023000,30028000,NPC_enriched,5,0.972005813251672,intergenic,,,,Gm30933,-151045.0
3777,chr9,30671000,30674000,ESC_enriched,3,0.9939423120178782,promoter,Adamts15,NM_001024139,-,Adamts15,483.0
3778,chr9,31213000,31215000,ESC_enriched,2,0.9998406197637172,promoter,Tmem45b,NM_144936,-,Tmem45b,197.0
3779,chr9,31606000,31609000,ESC_enriched,3,0.9913644976748394,gene_body,Barx2,NM_013800,-,Barx2,-55350.0
3780,chr9,31663000,31667000,ESC_enriched,4,0.9968175459939916,promoter,Barx2,NM_013800,-,Barx2,2150.0
3781,chr9,32092000,32095000,ESC_enriched,3,0.9780805142983012,promoter,Kcnj5,NM_010605,-,Kcnj5,-409.0
3782,chr9,32158000,32161000,ESC_enriched,3,0.9990804870990168,intergenic,,,,Kcnj1,15951.0
3783,chr9,32183000,32185000,ESC_enriched,2,0.9844716595519484,gene_body,Fli1,NM_008026,-,Kcnj1,40451.0
3784,chr9,32421000,32423000,ESC_enriched,2,0.9816886710896016,gene_body,Ets1,NM_001372534,+,Ets1,36195.0
3785,chr9,32782000,32788000,NPC_enriched,6,0.9882191643956356,intergenic,,,,Gm27162,106469.0
3786,chr9,32801000,32806000,NPC_enriched,5,0.9901328818683512,intergenic,,,,Gm27162,124969.0
3787,chr9,32810000,32821000,NPC_enriched,11,0.9990068115562972,intergenic,,,,Gm27162,136969.0
3788,chr9,32831000,32841000,NPC_enriched,10,0.9923970367185182,intergenic,,,,Gm27162,157469.0
3789,chr9,32852000,32855000,NPC_enriched,3,0.9654210175163646,intergenic,,,,Gm27162,174969.0
3790,chr9,32921000,32927000,NPC_enriched,6,0.9951957896909532,intergenic,,,,Gm27162,245469.0
3791,chr9,33012000,33023000,NPC_enriched,11,0.9968589303870108,intergenic,,,,Gm27162,338969.0
3792,chr9,33749000,33754000,NPC_enriched,5,0.9668426466451976,intergenic,,,,7630403G23Rik,-40435.0
3793,chr9,34237000,34240000,ESC_enriched,3,0.9995996025711016,promoter,Kirrel3,NM_001190911,+,Kirrel3,205.0
3794,chr9,35074000,35080000,NPC_enriched,6,0.990083171848102,intergenic,,,,4933422A05Rik,46225.0
3795,chr9,35152000,35168000,NPC_enriched,16,0.9849368860206996,intergenic,,,,Cdon,-41746.0
3796,chr9,36691000,36693000,ESC_enriched,2,0.9760503156115186,gene_body,Pknox2,NM_148950,-,Fez1,109590.0
3797,chr9,36891000,36897000,ESC_enriched,6,0.9906335169411876,promoter,Pknox2,NM_148950,-,Pknox2,-2993.0
3798,chr9,37132000,37135000,ESC_enriched,3,0.9968920402852413,gene_body,Hepacam,NM_175189,+,Hepacam,16224.0
3799,chr9,37167000,37186000,ESC_enriched,19,0.9956129426028176,promoter,Robo3,NM_001164767,-,Robo3,-6346.0
3800,chr9,37204000,37211000,ESC_enriched,7,0.9924622810984236,intergenic,,,,Robo3,24654.0
3801,chr9,37278000,37282000,ESC_enriched,4,0.997402044559328,promoter,Esam,NM_027102,+,Esam,2241.0
3802,chr9,37288000,37291000,ESC_enriched,3,0.996500776530656,promoter,Vsig2,NM_020518,+,Vsig2,575.0
3803,chr9,37300000,37308000,ESC_enriched,8,0.9811006813669187,promoter,Nrgn,NM_022029,-,Nrgn,1584.0
3804,chr9,39763000,39765000,NPC_enriched,2,0.964958636734034,intergenic,,,,Olfr980,6400.0
3805,chr9,40205000,40207000,ESC_enriched,2,0.9999120135319288,gene_body,Gramd1b,NM_001357617,-,Gramd1b,-75954.0
3806,chr9,40280000,40283000,ESC_enriched,3,0.9721455929959464,promoter,Gramd1b,NM_001357617,-,Gramd1b,-454.0
3807,chr9,40436000,40440000,ESC_enriched,4,0.9888184836968088,promoter,Clmp,NM_133733,+,Clmp,913.0
3808,chr9,40906000,40911000,ESC_enriched,5,0.9954594924272148,promoter,Ubash3b,NM_176860,-,Ubash3b,-631.0
3809,chr9,42271000,42274000,ESC_enriched,3,0.9829303227882692,gene_body,Grik4,NM_175481,-,Tbcel,60077.0
3810,chr9,42693000,42695000,ESC_enriched,2,0.979615473966341,promoter,Grik4,NM_175481,-,Grik4,-1366.0
3811,chr9,43021000,43028000,ESC_enriched,7,0.99326811050108,gene_body,D630033O11Rik,NR_168927,+,D630033O11Rik,13627.0
3812,chr9,43489000,43492000,NPC_enriched,3,0.979732604911708,intergenic,,,,Nectin1,-4448.0
3813,chr9,43794000,43801000,ESC_enriched,7,0.9830833283688408,promoter,Thy1,NM_009382,+,Thy1,3122.0
3814,chr9,43835000,43837000,ESC_enriched,2,0.9747458705544568,gene_body,Usp2,NM_198092,+,Mfrp,-16764.0
3815,chr9,43886000,43888000,ESC_enriched,2,0.9866625689996452,promoter,Mcam,NM_023061,+,Mcam,1348.0
3816,chr9,44037000,44041000,ESC_enriched,4,0.9960230169037478,promoter,Abcg4,NM_138955,-,Abcg4,-239.0
3817,chr9,44062000,44071000,ESC_enriched,9,0.9908170200840392,promoter,C2cd2l,NM_001359259,-,C2cd2l,-4777.0
3818,chr9,44456000,44460000,ESC_enriched,4,0.98348662619662,gene_body,Phldb1,NM_153537,-,Phldb1,-28193.0
3819,chr9,44466000,44468000,ESC_enriched,2,0.999658419016702,gene_body,Phldb1,NM_153537,-,Phldb1,-19193.0
3820,chr9,44484000,44489000,ESC_enriched,5,0.985213334305774,promoter,Phldb1,NM_153537,-,Phldb1,307.0
3821,chr9,44550000,44553000,ESC_enriched,3,0.9800399172169052,promoter,Tmem25,NM_001357383,-,Tmem25,1258.0
3822,chr9,45197000,45202000,ESC_enriched,5,0.9783392022112192,gene_body,Dscaml1,NM_001081270,+,4833428L15Rik,17273.0
3823,chr9,45493000,45496000,ESC_enriched,3,0.9858311686381248,gene_body,Dscaml1,NM_001081270,+,Cep164,-85158.0
3824,chr9,46020000,46022000,ESC_enriched,2,0.9973721022059002,promoter,Apoa5,NM_001348095,+,Apoa5,1373.0
3825,chr9,46192000,46196000,ESC_enriched,4,0.9927069361723342,intergenic,,,,4931429L15Rik,123019.0
3826,chr9,48400000,48401000,ESC_enriched,1,0.951580754727731,intergenic,,,,Nnmt,43410.0
3827,chr9,48575000,48576000,ESC_enriched,1,0.967238043116252,gene_body,Zbtb16,NM_001364543,-,Zbtb16,-12644.0
3828,chr9,48581000,48591000,ESC_enriched,10,0.9960958964044366,promoter,Zbtb16,NM_001364543,-,Zbtb16,-2144.0
3829,chr9,48713000,48716000,ESC_enriched,3,0.9893960048469496,promoter,Htr3b,NM_020274,-,Htr3b,-2422.0
3830,chr9,49549000,49551000,ESC_enriched,2,0.9949588536466596,promoter,Ncam1,NM_001081445,-,Ncam1,-1299.0
3831,chr9,50313000,50315000,ESC_enriched,2,0.971894886217394,promoter,Tex12,NM_025687,-,Tex12,502.0
3832,chr9,50503000,50505000,ESC_enriched,2,0.9734636735346808,promoter,Hspb2,NM_001164708,-,Hspb2,-584.0
3833,chr9,50854000,50856000,ESC_enriched,2,0.9784912827341072,promoter,Mir34c,NR_029654,-,Mir34c,-340.0
3834,chr9,50951000,50972000,NPC_enriched,21,0.998949815875585,promoter,Pou2af1,NM_011136,+,Pou2af1,-4419.0
3835,chr9,51517000,51522000,ESC_enriched,5,0.9869637723536164,promoter,Arhgap20,NM_175535,+,Arhgap20,1785.0
3836,chr9,51920000,51922000,ESC_enriched,2,0.982501758369059,promoter,Zc3h12c,NM_001162921,-,Zc3h12c,229.0
3837,chr9,52440000,52442000,ESC_enriched,2,0.9778337543189688,promoter,AI593442,NM_178906,-,AI593442,-832.0
3838,chr9,53372000,53373000,ESC_enriched,1,0.9539810692326486,promoter,Acat1,NM_144784,-,Acat1,-245.0
3839,chr9,54083000,54086000,ESC_enriched,3,0.9884615331503088,promoter,Gldn,NM_177350,+,Gldn,-122.0
3840,chr9,54340000,54343000,ESC_enriched,3,0.9789449970632284,gene_body,Sh2d7,NM_173778,+,Sh2d7,9241.0
3841,chr9,54443000,54446000,ESC_enriched,3,0.9905725304217532,gene_body,Acsbg1,NM_053178,-,Acsbg1,-15522.0
3842,chr9,54494000,54499000,ESC_enriched,5,0.9891645804142885,promoter,Dnaja4,NM_001357875,+,Dnaja4,-919.0
3843,chr9,55198000,55200000,ESC_enriched,2,0.9643684372560704,gene_body,Tmem266,NM_172923,+,Tmem266,73951.0
3844,chr9,55336000,55348000,ESC_enriched,12,0.9963153854253576,promoter,Isl2,NM_027397,+,Isl2,2715.0
3845,chr9,56417000,56424000,ESC_enriched,7,0.9910510567867948,gene_body,Lingo1,NM_001311076,-,Lingo1,-13285.0
3846,chr9,56427000,56435000,ESC_enriched,8,0.9901711879248064,promoter,Lingo1,NM_001311076,-,Lingo1,-2785.0
3847,chr9,56662000,56668000,ESC_enriched,6,0.996893771889092,promoter,Cspg4,NM_139001,+,Cspg4,1760.0
3848,chr9,56681000,56686000,ESC_enriched,5,0.9940604451150652,gene_body,Cspg4,NM_139001,+,Cspg4,20260.0
3849,chr9,56687000,56700000,ESC_enriched,13,0.984599752660049,gene_body,Cspg4,NM_139001,+,Cspg4,30260.0
3850,chr9,56725000,56727000,ESC_enriched,2,0.972430633597807,promoter,Snx33,NM_175483,-,Snx33,-508.0
3851,chr9,57067000,57068000,ESC_enriched,1,0.954291839764544,intergenic,,,,1700017B05Rik,6764.0
3852,chr9,57494000,57496000,ESC_enriched,2,0.9889588770782614,promoter,Cyp1a1,NM_001136059,+,Cyp1a1,-749.0
3853,chr9,57627000,57629000,NPC_enriched,2,0.9969980299865904,gene_body,Arid3b,NM_001379353,-,Arid3b,-6916.0
3854,chr9,57995000,57996000,ESC_enriched,1,0.9863470147945764,gene_body,Islr2,NM_001161535,-,Islr2,-4352.0
3855,chr9,58109000,58115000,ESC_enriched,6,0.9947089202793854,promoter,Loxl1,NM_010729,-,Loxl1,651.0
3856,chr9,58286000,58292000,ESC_enriched,6,0.9856584740716764,promoter,Insyn1,NM_176921,+,Insyn1,2261.0
3857,chr9,58657000,58659000,ESC_enriched,2,0.9993040951629636,gene_body,Hcn4,NM_001081192,+,Hcn4,36915.0
3858,chr9,59401000,59403000,ESC_enriched,2,0.9992599623708368,gene_body,Celf6,NM_175235,+,Parp6,-13289.0
3859,chr9,59744000,59748000,ESC_enriched,4,0.973776983578018,promoter,Nr2e3,NM_013708,-,Nr2e3,-2085.0
3860,chr9,59975000,59977000,NPC_enriched,2,0.956882101918936,gene_body,Thsd4,NM_001040426,-,Gm7616,226699.0
3861,chr9,60074000,60085000,NPC_enriched,11,0.9928551787378052,gene_body,Thsd4,NM_001040426,-,Thsd4,-229541.0
3862,chr9,60091000,60135000,NPC_enriched,44,0.9984457243321824,gene_body,Thsd4,NM_001040426,-,Thsd4,-196041.0
3863,chr9,60144000,60150000,NPC_enriched,6,0.9596631230256196,gene_body,Thsd4,NM_001040426,-,Thsd4,-162041.0
3864,chr9,60511000,60513000,ESC_enriched,2,0.9963413614533012,promoter,Larp6,NM_026235,+,Larp6,874.0
3865,chr9,60764000,60770000,NPC_enriched,6,0.9893133536630192,intergenic,,,,Gm5122,-48074.0
3866,chr9,62475000,62480000,ESC_enriched,5,0.9969600770709408,promoter,Itga11,NM_176922,+,Itga11,1640.0
3867,chr9,62559000,62561000,ESC_enriched,2,0.9556744588953118,gene_body,Itga11,NM_176922,+,Fem1b,-49654.0
3868,chr9,63220000,63225000,NPC_enriched,5,0.9914592313012064,gene_body,Iqch,NM_030068,-,2300009A05Rik,25250.0
3869,chr9,63751000,63753000,ESC_enriched,2,0.993395217744932,gene_body,Smad6,NM_008542,-,Smad6,-68065.0
3870,chr9,63857000,63861000,ESC_enriched,4,0.9881707218055048,intergenic,,,,1110036E04Rik,11166.0
3871,chr9,63879000,63884000,ESC_enriched,5,0.9955922711228654,promoter,Scarletltr,NR_040743,+,Scarletltr,2734.0
3872,chr9,64898000,64902000,ESC_enriched,4,0.998733645180572,promoter,Igdcc4,NM_020043,+,Igdcc4,509.0
3873,chr9,64921000,64926000,ESC_enriched,5,0.9840579049019652,gene_body,Igdcc4,NM_020043,+,Igdcc3,-15659.0
3874,chr9,64937000,64942000,ESC_enriched,5,0.9860888614877068,promoter,Igdcc3,NM_001357257,+,Igdcc3,341.0
3875,chr9,64960000,64962000,ESC_enriched,2,0.9948566779348758,gene_body,Igdcc3,NM_001357257,+,Igdcc3,21841.0
3876,chr9,65169000,65176000,ESC_enriched,7,0.9854721468451402,gene_body,Ubap1l,NM_001111145,+,Ubap1l,13466.0
3877,chr9,65187000,65191000,ESC_enriched,4,0.9854250376795262,promoter,Kbtbd13,NM_028974,-,Kbtbd13,-658.0
3878,chr9,65192000,65198000,ESC_enriched,6,0.9748299587983706,promoter,Rasl12,NM_001162923,+,Rasl12,-1493.0
3879,chr9,65866000,65867000,ESC_enriched,1,0.9514480818825992,promoter,Snx22,NM_001379335,-,Snx22,-1265.0
3880,chr9,65980000,65982000,ESC_enriched,2,0.9630485732219776,gene_body,Dapk2,NM_010019,+,Dapk2,24769.0
3881,chr9,66392000,66395000,ESC_enriched,3,0.988303927722046,promoter,Usp3,NM_001302116,-,Usp3,2379.0
3882,chr9,66717000,66719000,ESC_enriched,2,0.9810174580061012,promoter,Rab8b,NM_173413,-,Rab8b,-849.0
3883,chr9,66847000,66850000,ESC_enriched,3,0.9996891171513552,promoter,Tpm1,NM_001164249,-,Tpm1,143.0
3884,chr9,69090000,69091000,ESC_enriched,1,0.9696600891940156,gene_body,Rora,NM_013646,+,Gm15511,-72911.0
3885,chr9,69318000,69320000,NPC_enriched,2,0.9723690747038768,intergenic,,,,Mir3109,62893.0
3886,chr9,69468000,69471000,ESC_enriched,3,0.983027110021173,intergenic,,,,Foxb1,-90604.0
3887,chr9,69734000,69740000,NPC_enriched,6,0.9904995133738904,intergenic,,,,Bnip2,-51629.0
3888,chr9,70601000,70602000,ESC_enriched,1,0.9690166548558704,gene_body,Lipc,NM_001324472,-,Adam10,123355.0
3889,chr9,71047000,71050000,NPC_enriched,3,0.9740460137973134,gene_body,Aldh1a2,NM_009022,+,Aldh1a2,34152.0
3890,chr9,71930000,71934000,ESC_enriched,4,0.996097860844158,intergenic,,,,Tcf12,21621.0
3891,chr9,72604000,72607000,ESC_enriched,3,0.9982613924542196,promoter,Prtg,NM_175485,+,Prtg,-340.0
3892,chr9,72722000,72726000,ESC_enriched,4,0.9975554380959004,promoter,Pygo1,NM_028116,+,Pygo1,1224.0
3893,chr9,72972000,72974000,ESC_enriched,2,0.9624404242288178,intergenic,,,,Gm27211,-16609.0
3894,chr9,74633000,74655000,ESC_enriched,22,0.9964677677322684,promoter,Onecut1,NM_008262,+,Onecut1,-4523.0
3895,chr9,75396000,75398000,ESC_enriched,2,0.9989519972609706,promoter,Tmod2,NM_016711,-,Tmod2,-234.0
3896,chr9,75411000,75413000,ESC_enriched,2,0.9843789563382624,promoter,Lysmd2,NM_027309,+,Lysmd2,360.0
3897,chr9,76108000,76110000,ESC_enriched,2,0.9771488138459836,promoter,Hcrtr2,NM_198962,-,Hcrtr2,-532.0
3898,chr9,77441000,77442000,ESC_enriched,1,0.9669228157832204,gene_body,Klhl31,NM_172925,+,Klhl31,19076.0
3899,chr9,78228000,78232000,ESC_enriched,4,0.9928440292930056,promoter,Cgas,NM_173386,-,Cgas,1079.0
3900,chr9,79503000,79507000,ESC_enriched,4,0.9999914065180684,promoter,Col12a1,NM_001290308,-,Col12a1,594.0
3901,chr9,81428000,81430000,ESC_enriched,2,0.9998962127000371,promoter,D430036J16Rik,NR_040394,+,D430036J16Rik,353.0
3902,chr9,82942000,82944000,ESC_enriched,2,0.9996721734314222,promoter,Hmgn3,NM_026122,-,Hmgn3,-325.0
3903,chr9,83600000,83604000,ESC_enriched,4,0.9965477566672392,promoter,Elovl4,NM_148941,-,Elovl4,-1023.0
3904,chr9,85122000,85126000,ESC_enriched,4,0.9854789306470984,promoter,Tent5a,NM_001160378,-,Tent5a,158.0
3905,chr9,85637000,85643000,ESC_enriched,6,0.9813778408642396,promoter,Tpbg,NM_001164792,+,Tpbg,431.0
3906,chr9,86677000,86679000,ESC_enriched,2,0.9972574081311688,promoter,Snap91,NM_001277985,-,Snap91,-395.0
3907,chr9,87527000,87540000,ESC_enriched,13,0.9794000874998126,promoter,Tbx18,NM_023814,-,Tbx18,4294.0
3908,chr9,88124000,88135000,ESC_enriched,11,0.996054943794854,promoter,Nt5e,NM_011851,+,Nt5e,3999.0
3909,chr9,89419000,89421000,ESC_enriched,2,0.9769771792588148,promoter,Minar1,NM_153509,-,Minar1,-879.0
3910,chr9,89705000,89714000,ESC_enriched,9,0.9914788763884388,promoter,Rasgrf1,NM_001357743,+,Rasgrf1,1833.0
3911,chr9,89852000,89854000,ESC_enriched,2,0.9865528078818828,promoter,Ctsh,NM_007801,+,Ctsh,841.0
3912,chr9,89960000,89965000,ESC_enriched,5,0.9871474011060476,promoter,Adamts7,NM_001311115,+,Adamts7,1630.0
3913,chr9,89971000,89974000,ESC_enriched,3,0.9648384673938007,gene_body,Adamts7,NM_001311115,+,Adamts7,11630.0
3914,chr9,89986000,89987000,ESC_enriched,1,0.9703635257116,gene_body,Adamts7,NM_001311115,+,Adamts7,25630.0
3915,chr9,91148000,91170000,ESC_enriched,22,0.9981105302153616,promoter,Zic1,NM_001376941,-,Zic1,-4673.0
3916,chr9,91174000,91187000,ESC_enriched,13,0.997827930159712,gene_body,Zic4,NM_009576,+,Zic4,13624.0
3917,chr9,91199000,91206000,ESC_enriched,7,0.9909790558643694,intergenic,,,,Zic4,35624.0
3918,chr9,92261000,92263000,ESC_enriched,2,0.9766943411924196,promoter,Plscr4,NM_178711,+,Plscr4,852.0
3919,chr9,94488000,94491000,ESC_enriched,3,0.98765126017059,gene_body,Slc9a9,NM_177909,+,Slc9a9,10257.0
3920,chr9,95213000,95219000,ESC_enriched,6,0.9958157516510252,promoter,Chst2,NM_018763,-,Chst2,-622.0
3921,chr9,95359000,95371000,ESC_enriched,12,0.9869040855352323,promoter,Paqr9,NM_198414,+,Paqr9,-3985.0
3922,chr9,96245000,96252000,ESC_enriched,7,0.9955020734476262,intergenic,,,,Rnf7,-39527.0
3923,chr9,96824000,96830000,ESC_enriched,6,0.9837691618179591,promoter,Spsb4,NM_145134,-,Spsb4,-707.0
3924,chr9,97857000,97860000,NPC_enriched,3,0.9714372800312164,intergenic,,,,Clstn2,15981.0
3925,chr9,98758000,98767000,ESC_enriched,9,0.9988681198328024,promoter,Foxl2os,NR_003248,-,Foxl2os,-2162.0
3926,chr9,98768000,98774000,ESC_enriched,6,0.9938728439726622,intergenic,,,,Foxl2,6042.0
3927,chr9,99245000,99247000,ESC_enriched,2,0.975895946102352,promoter,Mras,NM_008624,-,Mras,-64.0
3928,chr9,99682000,99685000,ESC_enriched,3,0.98069976688585,promoter,Sox14,NM_011440,-,Sox14,-2022.0
3929,chr9,99847000,99849000,NPC_enriched,2,0.9720394753180184,intergenic,,,,4930519F24Rik,16349.0
3930,chr9,100379000,100382000,ESC_enriched,3,0.9990184166364195,promoter,Slc35g2,NM_001101483,-,Slc35g2,63.0
3931,chr9,102060000,102062000,ESC_enriched,2,0.9545870253266648,gene_body,Ephb1,NM_001168296,-,Mir7243,-100238.0
3932,chr9,102204000,102211000,ESC_enriched,7,0.9997437786134034,promoter,Ephb1,NM_001168296,-,Ephb1,-3456.0
3933,chr9,102361000,102365000,ESC_enriched,4,0.9983430257833708,promoter,Ky,NM_024291,+,Ky,600.0
3934,chr9,102865000,102868000,ESC_enriched,3,0.9863490316945462,promoter,Slco2a1,NM_033314,+,Slco2a1,-136.0
3935,chr9,102969000,102973000,ESC_enriched,4,0.9892986636009684,promoter,Rab6b,NM_173781,+,Rab6b,777.0
3936,chr9,103085000,103089000,ESC_enriched,4,0.9798028558541186,promoter,Trf,NM_133977,-,Trf,-1436.0
3937,chr9,106007000,106008000,ESC_enriched,1,0.9583055044039928,intergenic,,,,Mir135a-1,-4724.0
3938,chr9,106083000,106087000,ESC_enriched,4,0.9888786460870584,gene_body,Tlr9,NM_031178,+,Tlr9,4302.0
3939,chr9,106505000,106509000,ESC_enriched,4,0.9967614840227376,gene_body,Grm2,NM_001160353,-,Grm2,-7210.0
3940,chr9,106855000,106859000,NPC_enriched,4,0.9833099709419578,gene_body,Dock3,NM_153413,-,Manf,106961.0
3941,chr9,107407000,107411000,ESC_enriched,4,0.985615460746879,promoter,Gm34106,NR_168657,-,Gm34106,62.0
3942,chr9,107456000,107457000,ESC_enriched,1,0.9908571343088772,promoter,Lsmem2,NM_001370877,-,Lsmem2,1324.0
3943,chr9,107524000,107529000,ESC_enriched,5,0.9974970684412574,promoter,Slc38a3,NM_023805,-,Slc38a3,1000.0
3944,chr9,107541000,107544000,ESC_enriched,3,0.9908386634122244,gene_body,Sema3f,NM_001379496,-,Gnat1,4765.0
3945,chr9,107758000,107761000,ESC_enriched,3,0.9853471040533224,gene_body,Mon1a,NM_028369,+,Mst1r,-5489.0
3946,chr9,107765000,107767000,ESC_enriched,2,0.999038533055059,promoter,Mst1r,NM_009074,+,Mst1r,1011.0
3947,chr9,107837000,107843000,ESC_enriched,6,0.9924166756599864,gene_body,Inka1,NM_026597,-,Inka1,-4017.0
3948,chr9,107963000,107977000,ESC_enriched,14,0.9999264700185928,gene_body,Bsn,NM_007567,-,Apeh,17419.0
3949,chr9,108288000,108291000,ESC_enriched,3,0.9792463385505586,promoter,Iho1,NM_001379658,-,Iho1,-429.0
3950,chr9,108814000,108815000,ESC_enriched,1,0.973336983027473,gene_body,Col7a1,NM_007738,+,Col7a1,3978.0
3951,chr9,110089000,110091000,ESC_enriched,2,0.9999492224000326,promoter,Cspg5,NM_013884,+,Cspg5,1042.0
3952,chr9,110571000,110576000,ESC_enriched,5,0.9976906720613168,gene_body,Pth1r,NM_001083936,-,Pth1r,-13926.0
3953,chr9,110702000,110704000,ESC_enriched,2,0.956643597114256,promoter,Prss50,NM_001379367,+,Prss50,221.0
3954,chr9,111964000,111967000,ESC_enriched,3,0.9772830259626478,promoter,Mir128-2,NR_029823,-,Mir128-2,1900.0
3955,chr9,116022000,116025000,ESC_enriched,3,0.9820448235150068,promoter,Tgfbr2,NM_029575,-,Tgfbr2,-561.0
3956,chr9,118103000,118104000,ESC_enriched,1,0.9778415549818876,intergenic,,,,Gm17399,104572.0
3957,chr9,118236000,118238000,ESC_enriched,2,0.9956671270651658,intergenic,,,,4933432G23Rik,-41536.0
3958,chr9,118324000,118330000,ESC_enriched,6,0.9840372417854022,promoter,Eomes,NM_001164789,+,Eomes,114.0
3959,chr9,118335000,118337000,ESC_enriched,2,0.9947095425682332,intergenic,,,,Eomes,9114.0
3960,chr9,118773000,118779000,ESC_enriched,6,0.9937633500114682,promoter,Ctdspl,NM_133710,+,Ctdspl,767.0
3961,chr9,118940000,118942000,ESC_enriched,2,0.9868347158826808,promoter,Plcd1,NM_019676,-,Plcd1,-1200.0
3962,chr9,118991000,118993000,ESC_enriched,2,0.95932704200379,gene_body,Dlec1,NM_177117,+,Acaa1b,-13791.0
3963,chr9,119362000,119363000,ESC_enriched,1,0.9502098147800646,gene_body,Scn5a,NM_021544,-,Scn5a,-65214.0
3964,chr9,119417000,119427000,ESC_enriched,10,0.992906042389672,promoter,Scn5a,NM_021544,-,Scn5a,-5714.0
3965,chr9,120151000,120153000,ESC_enriched,2,0.9894744461275552,promoter,Myrip,NM_144557,+,Myrip,-770.0
3966,chr9,121488000,121490000,ESC_enriched,2,0.9639870203898536,promoter,Lyzl4,NM_001357346,-,Lyzl4,-1819.0
3967,chr9,121610000,121615000,ESC_enriched,5,0.9973337264140896,gene_body,Zfp651,NM_001166644,+,Zfp651,3770.0
3968,chr9,121625000,121641000,ESC_enriched,16,0.9940939537749116,promoter,Klhl40,NM_028202,+,Klhl40,6696.0
3969,chr9,122482000,122490000,NPC_enriched,8,0.9800865386961932,intergenic,,,,Mir138-1,-45573.0
3970,chr9,123004000,123006000,ESC_enriched,2,0.99887059274245,gene_body,Clec3b,NM_011606,+,Clec3b,5357.0
3971,chr9,123064000,123065000,ESC_enriched,1,0.9980778679260124,promoter,Cdcp1,NM_133974,-,Cdcp1,-236.0
3972,chr9,123105000,123107000,ESC_enriched,2,0.9512870520166196,intergenic,,,,Tmem158,-3487.0
3973,chrX,6580000,6589000,NPC_enriched,9,0.9966121403050048,promoter,2010204K13Rik,NR_027924,-,2010204K13Rik,4553.0
3974,chrX,8356000,8358000,ESC_enriched,2,0.9986192534295698,promoter,Lancl3,NM_173414,+,Lancl3,69.0
3975,chrX,9642000,9644000,ESC_enriched,2,0.9882599285726056,promoter,Tspan7,NM_019634,+,Tspan7,926.0
3976,chrX,11233000,11237000,ESC_enriched,4,0.995801696442002,promoter,Bcor,NM_175046,-,Bcor,-2512.0
3977,chrX,11238000,11251000,ESC_enriched,13,0.9991343270308144,promoter,Bcor,NM_175046,-,Bcor,6988.0
3978,chrX,11281000,11302000,ESC_enriched,21,0.9953016283991064,intergenic,,,,Bcor,53988.0
3979,chrX,11306000,11310000,ESC_enriched,4,0.9791671026463108,intergenic,,,,Bcor,70488.0
3980,chrX,11312000,11318000,ESC_enriched,6,0.9989588822350628,intergenic,,,,Bcor,77488.0
3981,chrX,12642000,12645000,ESC_enriched,3,0.9995172511708352,gene_body,Nyx,NM_173415,+,Nyx,25452.0
3982,chrX,19216000,19220000,ESC_enriched,4,0.9939176932104492,promoter,Chst7,NM_021715,+,Chst7,1472.0
3983,chrX,32760000,32764000,ESC_enriched,4,0.9895551801024524,promoter,Lonrf3,NM_028894,+,Lonrf3,2147.0
3984,chrX,33479000,33482000,ESC_enriched,3,0.9960543231327808,promoter,Sowahd,NM_173779,+,Sowahd,211.0
3985,chrX,34495000,34498000,ESC_enriched,3,0.9986282181736424,promoter,Tmem255a,NM_001289727,-,Tmem255a,-608.0
3986,chrX,37645000,37647000,ESC_enriched,2,0.998145244788182,promoter,Gria3,NM_001281929,+,Gria3,-24.0
3987,chrX,39674000,39675000,ESC_enriched,1,0.9548254833306646,intergenic,,,,Tenm1,155089.0
3988,chrX,40612000,40613000,ESC_enriched,1,0.9511141672486028,promoter,Dcaf12l2,NM_175539,-,Dcaf12l2,-464.0
3989,chrX,44263000,44266000,ESC_enriched,3,0.9550185671191485,intergenic,,,,Apln,-14980.0
3990,chrX,44274000,44282000,ESC_enriched,8,0.9931596643782526,promoter,Apln,NM_013912,-,Apln,-1480.0
3991,chrX,44316000,44326000,ESC_enriched,10,0.9833753203063976,intergenic,,,,Xpnpep2,-32351.0
3992,chrX,44405000,44406000,ESC_enriched,1,0.9605218461055376,gene_body,Sash3,NM_001313749,+,Sash3,14438.0
3993,chrX,44585000,44588000,ESC_enriched,3,0.9978529311725138,promoter,Bcorl1,NM_178782,+,Bcorl1,516.0
3994,chrX,44590000,44593000,ESC_enriched,3,0.9744106112995,gene_body,Bcorl1,NM_178782,+,Bcorl1,5516.0
3995,chrX,47923000,47933000,ESC_enriched,10,0.9948809161756088,promoter,Hs6st2,NM_001290467,-,Hs6st2,1771.0
3996,chrX,49301000,49305000,ESC_enriched,4,0.9860034596421952,promoter,C430049B03Rik,NR_038185,-,C430049B03Rik,1183.0
3997,chrX,49969000,49971000,ESC_enriched,2,0.9999997752026736,promoter,Zfp36l3,NM_001009549,-,Zfp36l3,-1021.0
3998,chrX,53673000,53675000,ESC_enriched,2,0.9869636534548762,gene_body,Arhgef6,NM_152801,-,Arhgef6,-11513.0
3999,chrX,54264000,54270000,ESC_enriched,6,0.9890934585903596,intergenic,,,,Zic3,-110411.0
4000,chrX,56809000,56810000,ESC_enriched,1,0.99786007442346,promoter,Gm715,NM_001271548,+,Gm715,828.0
4001,chrX,57150000,57160000,ESC_enriched,10,0.997877705904114,promoter,Gm38438,NR_155290,+,Gm38438,683.0
4002,chrX,62910000,62915000,ESC_enriched,5,0.9895263545733648,promoter,Slitrk2,NM_198863,+,Slitrk2,-1323.0
4003,chrX,65620000,65623000,ESC_enriched,3,0.9972948021515284,promoter,Aff2,NM_008032,+,Aff2,505.0
4004,chrX,67309000,67313000,ESC_enriched,4,0.9879093659385868,promoter,Mamld1,NM_001256048,+,Mamld1,189.0
4005,chrX,67812000,67817000,ESC_enriched,5,0.9883002975181776,promoter,Hmgb3,NM_001293624,+,Hmgb3,-1972.0
4006,chrX,67927000,67929000,ESC_enriched,2,0.9968836290716252,gene_body,Gpr50,NM_010340,+,Gpr50,3778.0
4007,chrX,68526000,68529000,ESC_enriched,3,0.959051510545998,promoter,Gabre,NM_017369,-,Gabre,59.0
4008,chrX,69077000,69079000,ESC_enriched,2,0.9986102166047262,promoter,Gabrq,NM_001290435,+,Gabrq,103.0
4009,chrX,69663000,69666000,ESC_enriched,3,0.97676278553981,promoter,Zfp92,NM_001310531,+,Zfp92,221.0
4010,chrX,69672000,69676000,ESC_enriched,4,0.9974595141544988,gene_body,Zfp92,NM_001310531,+,Zfp92,9721.0
4011,chrX,69889000,69891000,ESC_enriched,2,0.983408918880044,intergenic,,,,Dusp9,-2160.0
4012,chrX,69893000,69894000,ESC_enriched,1,0.9882500563337308,promoter,Dusp9,NM_029352,+,Dusp9,1340.0
4013,chrX,89537000,89555000,ESC_enriched,18,0.9969605165157418,promoter,Arx,NM_007492,+,Arx,6775.0
4014,chrX,94351000,94355000,ESC_enriched,4,0.9991332355870874,promoter,Ar,NM_013476,+,Ar,1525.0
4015,chrX,95339000,95344000,ESC_enriched,5,0.9997681779707654,promoter,Efnb1,NM_010110,+,Efnb1,2721.0
4016,chrX,95347000,95350000,ESC_enriched,3,0.992834019520009,gene_body,Efnb1,NM_010110,+,Efnb1,9721.0
4017,chrX,95352000,95358000,ESC_enriched,6,0.9900924649548908,intergenic,,,,Efnb1,16221.0
4018,chrX,95359000,95365000,ESC_enriched,6,0.9849725061156176,intergenic,,,,Efnb1,23221.0
4019,chrX,95385000,95387000,ESC_enriched,2,0.9609163861363226,intergenic,,,,Efnb1,47221.0
4020,chrX,95398000,95404000,ESC_enriched,6,0.9963888844531889,intergenic,,,,Efnb1,62221.0
4021,chrX,95418000,95424000,ESC_enriched,6,0.9903755994386612,intergenic,,,,Efnb1,82221.0
4022,chrX,95635000,95638000,ESC_enriched,3,0.9766247095085756,gene_body,Gm14812,NR_033544,-,Gm14812,-10016.0
4023,chrX,95718000,95722000,ESC_enriched,4,0.9908975914710076,intergenic,,,,Pja1,46546.0
4024,chrX,95793000,95802000,ESC_enriched,9,0.992147401495003,intergenic,,,,Pja1,124046.0
4025,chrX,97898000,97901000,ESC_enriched,3,0.9982731893562292,promoter,Gm52429,NM_001382234,+,Gm52429,946.0
4026,chrX,98048000,98058000,ESC_enriched,10,0.9937798437008984,promoter,Nhsl2,NM_001163610,+,Nhsl2,897.0
4027,chrX,98272000,98275000,ESC_enriched,3,0.9926390252267612,promoter,Rtl5,NM_001278534,-,Rtl5,-526.0
4028,chrX,98451000,98456000,ESC_enriched,5,0.9978179610875992,promoter,Cited1,NM_001276474,-,Cited1,5.0
4029,chrX,99136000,99137000,ESC_enriched,1,0.9888589407226124,promoter,Gm5126,NR_026596,-,Gm5126,-442.0
4030,chrX,99524000,99526000,ESC_enriched,2,0.9998924750575648,promoter,Cdx4,NM_007674,+,Cdx4,884.0
4031,chrX,99897000,99900000,ESC_enriched,3,0.9738264102730572,promoter,Gm53059,NR_168947,+,Gm53059,1230.0
4032,chrX,100023000,100027000,ESC_enriched,4,0.989787462651883,promoter,Slc16a2,NM_009197,-,Slc16a2,293.0
4033,chrX,101324000,101326000,ESC_enriched,2,0.9818880822891004,promoter,Magee1,NM_053201,+,Magee1,1904.0
4034,chrX,101965000,101972000,ESC_enriched,7,0.9966363392137018,promoter,Fgf16,NM_030614,+,Fgf16,1305.0
4035,chrX,102423000,102424000,ESC_enriched,1,0.990266238313662,promoter,Taf9b,NM_001167988,-,Taf9b,-377.0
4036,chrX,103040000,103042000,ESC_enriched,2,0.9911559063863596,gene_body,Rtl3,NM_199468,-,Rtl3,-2258.0
4037,chrX,107016000,107021000,ESC_enriched,5,0.9972861135639772,promoter,Pou3f4,NM_008901,+,Pou3f4,1403.0
4038,chrX,116406000,116411000,ESC_enriched,5,0.996523726767961,promoter,Pcdh11x,NM_001271810,+,Pcdh11x,1230.0
4039,chrX,120307000,120309000,NPC_enriched,2,0.9707474533818252,intergenic,,,,Vmn2r121,55146.0
4040,chrX,129031000,129038000,ESC_enriched,7,0.9983367064157332,promoter,Gm26851,NR_153117,+,Gm26851,371.0
4041,chrX,129642000,129644000,ESC_enriched,2,0.9851709185523057,promoter,Tmem35a,NM_026239,+,Tmem35a,1426.0
4042,chrX,129820000,129823000,ESC_enriched,3,0.9925168884287872,promoter,Taf7l,NM_028958,-,Taf7l,-1340.0
4043,chrX,130103000,130105000,ESC_enriched,2,0.954772679378739,promoter,Mir7093,NR_106061,+,Mir7093,6.0
4044,chrX,132452000,132453000,ESC_enriched,1,0.9718683239347974,intergenic,,,,Esx1,-14190.0
4045,chrX,132465000,132468000,ESC_enriched,3,0.990407365133827,promoter,Esx1,NM_007957,-,Esx1,-190.0
4046,chrX,132916000,132920000,ESC_enriched,4,0.9859223550232972,promoter,Il1rapl2,NM_030688,+,Il1rapl2,883.0
4047,chrX,135217000,135220000,ESC_enriched,3,0.9820800622662808,promoter,Morc4,NM_001193309,-,Morc4,482.0
4048,chrX,135778000,135781000,ESC_enriched,3,0.9879615097908911,gene_body,Frmpd3,NM_001320946,+,Prps1,-23466.0
4049,chrX,136011000,136015000,ESC_enriched,4,0.9987633848162536,promoter,Mid2,NM_001358366,+,Mid2,1681.0
4050,chrX,136966000,136972000,ESC_enriched,6,0.9950507629228782,promoter,Irs4,NM_010572,-,Irs4,-2585.0
4051,chrX,137551000,137553000,ESC_enriched,2,0.9992573793161554,promoter,Kcne1l,NM_021487,-,Kcne1l,-566.0
4052,chrX,139933000,139937000,ESC_enriched,4,0.9874240071341616,promoter,Rtl4,NM_001033795,+,Rtl4,-274.0
4053,chrX,142207000,142210000,ESC_enriched,3,0.9947665151110904,promoter,Htr2c,NM_008312,+,Htr2c,-380.0
4054,chrX,147485000,147488000,ESC_enriched,3,0.9914912775706896,promoter,Iqsec2,NM_001114664,+,Iqsec2,1517.0
4055,chrX,150962000,150968000,ESC_enriched,6,0.9903501323929048,promoter,Ptchd1,NM_001093750,-,Ptchd1,957.0
4056,chrX,153386000,153388000,ESC_enriched,2,0.9915406032133244,promoter,Cnksr2,NM_001310719,-,Cnksr2,-302.0
4057,chrX,154970000,154973000,ESC_enriched,3,0.9707479916129484,promoter,Sh3kbp1,NM_001374701,+,Sh3kbp1,112.0
4058,chrX,155333000,155335000,ESC_enriched,2,0.9581965093141448,promoter,Map3k15,NM_001163085,+,Map3k15,1692.0
4059,chrX,155734000,155736000,ESC_enriched,2,0.9927227102419752,promoter,Adgrg2,NM_001079857,+,Adgrg2,206.0
4060,chrX,157061000,157063000,ESC_enriched,2,0.9676961893142078,promoter,Rai2,NM_001103367,+,Rai2,860.0
4061,chrX,157253000,157254000,ESC_enriched,1,0.9563879611605262,gene_body,Nhs,NM_001081052,-,Scml1,77273.0
4062,chrX,157503000,157505000,ESC_enriched,2,0.9944584905919266,promoter,Nhs,NM_001081052,-,Nhs,454.0
4063,chrX,159104000,159107000,ESC_enriched,3,0.988970012439252,promoter,Rnf138rt1,NM_028842,-,Rnf138rt1,63.0
4064,chrX,161581000,161585000,ESC_enriched,4,0.9974572215749076,promoter,Gpm6b,NM_023122,+,Gpm6b,-47.0
4065,chrX,163467000,163469000,ESC_enriched,2,0.9728688843726576,gene_body,Frmpd4,NM_001369234,-,Frmpd4,-453339.0
4066,chrX,164139000,164143000,ESC_enriched,4,0.9921904301694484,promoter,Arhgap6,NM_009707,+,Arhgap6,1797.0
4067,chrX,165338000,165341000,ESC_enriched,3,0.996690412682415,intergenic,,,,G530011O06Rik,16478.0
4068,chrY,1294000,1298000,NPC_enriched,4,0.997226710003463,intergenic,,,,Zfy2,-159317.0
4069,chrY,1510000,1514000,NPC_enriched,4,0.9797024556645212,intergenic,,,,Zfy2,56683.0
4070,chrY,1517000,1519000,NPC_enriched,2,0.952766830687284,intergenic,,,,Zfy2,62683.0
4071,chrY,1780000,1782000,NPC_enriched,2,0.999645422583482,intergenic,,,,H2al2b,-102968.0
4072,chrY,1820000,1823000,NPC_enriched,3,0.9986179441001508,intergenic,,,,H2al2b,-62468.0
4073,chrY,2629000,2631000,NPC_enriched,2,0.9805931588925714,intergenic,,,,Gm3376,178723.0
